{
  "level": "family",
  "alpha": 0.5,
  "m_k": 6329,
  "j": 3165,
  "quantile_step": 0.0001579778830963665,
  "q_hat": 0.0002599358558654785,
  "metrics": {
    "coverage": 0.49747235387045813,
    "set_size_mean": 0.4977883096366509,
    "set_size_median": 0.0,
    "empty_rate": 0.5022116903633491,
    "singleton_rate": 0.4977883096366509,
    "top1_acc_non_empty": 0.9993652808632181,
    "base_top1_acc": 0.9554502369668246,
    "hir": 0.2655608214849921
  },
  "num_test_defined": 6330,
  "num_test_used": 6330,
  "class_labels": [
    "fam:Android",
    "fam:Linux",
    "fam:Windows",
    "fam:iOS",
    "fam:macOS"
  ]
}