{
  "level": "family",
  "alpha": 0.45,
  "m_k": 6329,
  "j": 3482,
  "quantile_step": 0.0001579778830963665,
  "q_hat": 0.0004490017890930176,
  "metrics": {
    "coverage": 0.5445497630331754,
    "set_size_mean": 0.5451816745655608,
    "set_size_median": 1.0,
    "empty_rate": 0.4548183254344392,
    "singleton_rate": 0.5451816745655608,
    "top1_acc_non_empty": 0.9988409156766155,
    "base_top1_acc": 0.9543443917851501,
    "hir": 0.23048973143759874
  },
  "num_test_defined": 6330,
  "num_test_used": 6330,
  "class_labels": [
    "fam:Android",
    "fam:Linux",
    "fam:Windows",
    "fam:iOS",
    "fam:macOS"
  ]
}