{
  "level": "family",
  "alpha_LoUPCP": 0.075,
  "m_cal": 6329,
  "q_hat_leaf_LoUPCP": 0.9085850715637207,
  "metrics": {
    "coverage": 0.9729857819905213,
    "set_size_mean": 1.120695102685624,
    "set_size_median": 1.0,
    "empty_rate": 0.0,
    "singleton_rate": 0.8911532385466034,
    "base_top1_acc": 0.9429699842022117,
    "top1_acc_non_empty": 0.9429699842022117,
    "hir": 0.0
  },
  "num_test_defined": 6330,
  "num_test_used": 6330,
  "class_labels": [
    "fam:Android",
    "fam:Linux",
    "fam:Windows",
    "fam:iOS",
    "fam:macOS"
  ]
}