{
  "level": "family",
  "alpha_B": 0.25,
  "m_cal": 6329,
  "q_hat_leaf_B": 0.6990091800689697,
  "metrics": {
    "coverage": 0.8764612954186414,
    "set_size_mean": 0.9480252764612954,
    "set_size_median": 1.0,
    "empty_rate": 0.08436018957345971,
    "singleton_rate": 0.8832543443917852,
    "base_top1_acc": 0.9415481832543444,
    "top1_acc_non_empty": 0.9463423050379572,
    "hir": 0.0
  },
  "num_test_defined": 6330,
  "num_test_used": 6330,
  "class_labels": [
    "fam:Android",
    "fam:Linux",
    "fam:Windows",
    "fam:iOS",
    "fam:macOS"
  ]
}