{
  "level": "family",
  "alpha_LoUPCP": 0.3,
  "m_cal": 6329,
  "q_hat_leaf_LoUPCP": 0.6310577392578125,
  "metrics": {
    "coverage": 0.795734597156398,
    "set_size_mean": 0.843127962085308,
    "set_size_median": 1.0,
    "empty_rate": 0.17203791469194313,
    "singleton_rate": 0.8127962085308057,
    "base_top1_acc": 0.944391785150079,
    "top1_acc_non_empty": 0.9538256058004198,
    "hir": 0.0
  },
  "num_test_defined": 6330,
  "num_test_used": 6330,
  "class_labels": [
    "fam:Android",
    "fam:Linux",
    "fam:Windows",
    "fam:iOS",
    "fam:macOS"
  ]
}