{
  "level": "family",
  "alpha": 0.45,
  "m_k": 6329,
  "j": 3482,
  "quantile_step": 0.0001579778830963665,
  "q_hat": 0.0004793405532836914,
  "metrics": {
    "coverage": 0.5511848341232227,
    "set_size_mean": 0.5515007898894155,
    "set_size_median": 1.0,
    "empty_rate": 0.4484992101105845,
    "singleton_rate": 0.5515007898894155,
    "top1_acc_non_empty": 0.9994270982526496,
    "base_top1_acc": 0.9549763033175356,
    "hir": 0.23522906793048973
  },
  "num_test_defined": 6330,
  "num_test_used": 6330,
  "class_labels": [
    "fam:Android",
    "fam:Linux",
    "fam:Windows",
    "fam:iOS",
    "fam:macOS"
  ]
}