{
  "level": "family",
  "alpha_LoUPCP": 0.15,
  "m_cal": 6329,
  "q_hat_leaf_LoUPCP": 0.7837523818016052,
  "metrics": {
    "coverage": 0.9563981042654028,
    "set_size_mean": 1.0306477093206952,
    "set_size_median": 1.0,
    "empty_rate": 0.010268562401263823,
    "singleton_rate": 0.9488151658767773,
    "base_top1_acc": 0.9481832543443918,
    "top1_acc_non_empty": 0.9525937749401436,
    "hir": 0.0
  },
  "num_test_defined": 6330,
  "num_test_used": 6330,
  "class_labels": [
    "fam:Android",
    "fam:Linux",
    "fam:Windows",
    "fam:iOS",
    "fam:macOS"
  ]
}