{
  "level": "family",
  "alpha_LoUPCP": 0.15,
  "m_cal": 6329,
  "q_hat_leaf_LoUPCP": 0.7837523818016052,
  "metrics": {
    "coverage": 0.953870458135861,
    "set_size_mean": 1.0368088467614534,
    "set_size_median": 1.0,
    "empty_rate": 0.009478672985781991,
    "singleton_rate": 0.9442338072669826,
    "base_top1_acc": 0.944391785150079,
    "top1_acc_non_empty": 0.9475279106858054,
    "hir": 0.0
  },
  "num_test_defined": 6330,
  "num_test_used": 6330,
  "class_labels": [
    "fam:Android",
    "fam:Linux",
    "fam:Windows",
    "fam:iOS",
    "fam:macOS"
  ]
}