{
  "level": "family",
  "alpha": 0.15,
  "m_k": 6329,
  "j": 5381,
  "quantile_step": 0.0001579778830963665,
  "q_hat": 0.08374375104904175,
  "metrics": {
    "coverage": 0.861611374407583,
    "set_size_mean": 0.8707740916271722,
    "set_size_median": 1.0,
    "empty_rate": 0.1292259083728278,
    "singleton_rate": 0.8707740916271722,
    "top1_acc_non_empty": 0.989477503628447,
    "base_top1_acc": 0.956872037914692,
    "hir": 0.2669826224328594
  },
  "num_test_defined": 6330,
  "num_test_used": 6330,
  "class_labels": [
    "fam:Android",
    "fam:Linux",
    "fam:Windows",
    "fam:iOS",
    "fam:macOS"
  ]
}