{
  "level": "family",
  "alpha_LoUPCP": 0.35,
  "m_cal": 6329,
  "q_hat_leaf_LoUPCP": 0.49015671014785767,
  "metrics": {
    "coverage": 0.7083728278041074,
    "set_size_mean": 0.7287519747235387,
    "set_size_median": 1.0,
    "empty_rate": 0.2712480252764613,
    "singleton_rate": 0.7287519747235387,
    "base_top1_acc": 0.9440758293838862,
    "top1_acc_non_empty": 0.9720355517017125,
    "hir": 0.0
  },
  "num_test_defined": 6330,
  "num_test_used": 6330,
  "class_labels": [
    "fam:Android",
    "fam:Linux",
    "fam:Windows",
    "fam:iOS",
    "fam:macOS"
  ]
}