{
  "level": "family",
  "alpha_B": 0.1,
  "m_cal": 6329,
  "q_hat_leaf_B": 0.831485390663147,
  "metrics": {
    "coverage": 0.9595576619273302,
    "set_size_mean": 1.0622432859399684,
    "set_size_median": 1.0,
    "empty_rate": 0.001263823064770932,
    "singleton_rate": 0.9371248025276462,
    "base_top1_acc": 0.9417061611374408,
    "top1_acc_non_empty": 0.9425814615627965,
    "hir": 0.0
  },
  "num_test_defined": 6330,
  "num_test_used": 6330,
  "class_labels": [
    "fam:Android",
    "fam:Linux",
    "fam:Windows",
    "fam:iOS",
    "fam:macOS"
  ]
}