{
  "level": "family",
  "alpha_LoUPCP": 0.45,
  "m_cal": 6329,
  "q_hat_leaf_LoUPCP": 0.16759121417999268,
  "metrics": {
    "coverage": 0.5590837282780411,
    "set_size_mean": 0.5636650868878357,
    "set_size_median": 1.0,
    "empty_rate": 0.4363349131121643,
    "singleton_rate": 0.5636650868878357,
    "base_top1_acc": 0.9458135860979463,
    "top1_acc_non_empty": 0.991872197309417,
    "hir": 0.0
  },
  "num_test_defined": 6330,
  "num_test_used": 6330,
  "class_labels": [
    "fam:Android",
    "fam:Linux",
    "fam:Windows",
    "fam:iOS",
    "fam:macOS"
  ]
}