{
  "level": "family",
  "alpha_B": 0.25,
  "m_cal": 6329,
  "q_hat_leaf_B": 0.7022843360900879,
  "metrics": {
    "coverage": 0.8800947867298579,
    "set_size_mean": 0.9489731437598736,
    "set_size_median": 1.0,
    "empty_rate": 0.08325434439178515,
    "singleton_rate": 0.8845181674565561,
    "base_top1_acc": 0.9439178515007899,
    "top1_acc_non_empty": 0.9481302774427021,
    "hir": 0.0
  },
  "num_test_defined": 6330,
  "num_test_used": 6330,
  "class_labels": [
    "fam:Android",
    "fam:Linux",
    "fam:Windows",
    "fam:iOS",
    "fam:macOS"
  ]
}