{
  "level": "family",
  "alpha_B": 0.4,
  "m_cal": 6329,
  "q_hat_leaf_B": 0.33765894174575806,
  "metrics": {
    "coverage": 0.6334913112164297,
    "set_size_mean": 0.6434439178515008,
    "set_size_median": 1.0,
    "empty_rate": 0.3565560821484992,
    "singleton_rate": 0.6434439178515008,
    "base_top1_acc": 0.9439178515007899,
    "top1_acc_non_empty": 0.9845322857844341,
    "hir": 0.0
  },
  "num_test_defined": 6330,
  "num_test_used": 6330,
  "class_labels": [
    "fam:Android",
    "fam:Linux",
    "fam:Windows",
    "fam:iOS",
    "fam:macOS"
  ]
}