{
  "level": "family",
  "alpha_LoUPCP": 0.01,
  "m_cal": 6329,
  "q_hat_leaf_LoUPCP": 0.9921719431877136,
  "metrics": {
    "coverage": 0.993522906793049,
    "set_size_mean": 1.512480252764613,
    "set_size_median": 1.0,
    "empty_rate": 0.0,
    "singleton_rate": 0.636650868878357,
    "base_top1_acc": 0.9404423380726699,
    "top1_acc_non_empty": 0.9404423380726699,
    "hir": 0.0
  },
  "num_test_defined": 6330,
  "num_test_used": 6330,
  "class_labels": [
    "fam:Android",
    "fam:Linux",
    "fam:Windows",
    "fam:iOS",
    "fam:macOS"
  ]
}