{
  "level": "family",
  "alpha": 0.04,
  "m_k": 6329,
  "j": 6077,
  "quantile_step": 0.0001579778830963665,
  "q_hat": 0.6394768953323364,
  "metrics": {
    "coverage": 0.9608214849921011,
    "set_size_mean": 1.009952606635071,
    "set_size_median": 1.0,
    "empty_rate": 0.0001579778830963665,
    "singleton_rate": 0.9897314375987362,
    "top1_acc_non_empty": 0.955759203665666,
    "base_top1_acc": 0.955608214849921,
    "hir": 0.3311216429699842
  },
  "num_test_defined": 6330,
  "num_test_used": 6330,
  "class_labels": [
    "fam:Android",
    "fam:Linux",
    "fam:Windows",
    "fam:iOS",
    "fam:macOS"
  ]
}