{
  "level": "family",
  "alpha": 0.3,
  "m_k": 6329,
  "j": 4431,
  "quantile_step": 0.0001579778830963665,
  "q_hat": 0.003739297389984131,
  "metrics": {
    "coverage": 0.6973143759873618,
    "set_size_mean": 0.7003159557661928,
    "set_size_median": 1.0,
    "empty_rate": 0.2996840442338073,
    "singleton_rate": 0.7003159557661928,
    "top1_acc_non_empty": 0.9957139634558989,
    "base_top1_acc": 0.9576619273301737,
    "hir": 0.36951026856240127
  },
  "num_test_defined": 6330,
  "num_test_used": 6330,
  "class_labels": [
    "fam:Android",
    "fam:Linux",
    "fam:Windows",
    "fam:iOS",
    "fam:macOS"
  ]
}