{
  "level": "family",
  "alpha": 0.3,
  "m_k": 6329,
  "j": 4431,
  "quantile_step": 0.0001579778830963665,
  "q_hat": 0.0041599273681640625,
  "metrics": {
    "coverage": 0.708214849921011,
    "set_size_mean": 0.709478672985782,
    "set_size_median": 1.0,
    "empty_rate": 0.290521327014218,
    "singleton_rate": 0.709478672985782,
    "top1_acc_non_empty": 0.9982186595413048,
    "base_top1_acc": 0.957345971563981,
    "hir": 0.37377567140600315
  },
  "num_test_defined": 6330,
  "num_test_used": 6330,
  "class_labels": [
    "fam:Android",
    "fam:Linux",
    "fam:Windows",
    "fam:iOS",
    "fam:macOS"
  ]
}