{
  "level": "family",
  "alpha_B": 0.3,
  "m_cal": 6329,
  "q_hat_leaf_B": 0.6193901896476746,
  "metrics": {
    "coverage": 0.7909952606635071,
    "set_size_mean": 0.8387045813586098,
    "set_size_median": 1.0,
    "empty_rate": 0.17551342812006318,
    "singleton_rate": 0.8102685624012638,
    "base_top1_acc": 0.9418641390205371,
    "top1_acc_non_empty": 0.9526729258478636,
    "hir": 0.0
  },
  "num_test_defined": 6330,
  "num_test_used": 6330,
  "class_labels": [
    "fam:Android",
    "fam:Linux",
    "fam:Windows",
    "fam:iOS",
    "fam:macOS"
  ]
}