coverage_mean,coverage_std,set_size_mean_mean,set_size_mean_std,set_size_median_mean,set_size_median_std,empty_rate_mean,empty_rate_std,singleton_rate_mean,singleton_rate_std,top1_acc_non_empty_mean,top1_acc_non_empty_std,base_top1_acc_mean,base_top1_acc_std,hir_mean,hir_std
0.9519431279620847,0.003801986466095799,1.0332069510268558,0.004014317171860148,1.0,0.0,0.010647709320694402,0.0025167617151376307,0.9454976303317532,0.0011662577456742467,0.946953355380888,0.0012755905425488444,0.9432543443917851,0.0016203325630279343,0.0,0.0
