coverage_mean,coverage_std,set_size_mean_mean,set_size_mean_std,set_size_median_mean,set_size_median_std,empty_rate_mean,empty_rate_std,singleton_rate_mean,singleton_rate_std,top1_acc_non_empty_mean,top1_acc_non_empty_std,base_top1_acc_mean,base_top1_acc_std,hir_mean,hir_std
0.8753554502369664,0.005764569444081746,1.1448025276461293,0.008790585580884854,1.0,0.0,0.010647709320694402,0.0025167617151376307,0.8400315955766192,0.0040609842687038605,0.8296188312036236,0.0026302162399051516,0.8224328593996837,0.0036642696697450168,,
