coverage,set_size_mean,set_size_median,empty_rate,singleton_rate,top1_acc_non_empty,base_top1_acc,hir,level,alpha,run
0.9557661927330171,1.037440758293839,1.0,0.008372827804107,0.9458135860979461,0.9474271148637881,0.944391785150079,0.0,family,0.15,1
