coverage,set_size_mean,set_size_median,empty_rate,singleton_rate,top1_acc_non_empty,base_top1_acc,hir,level,alpha,run
0.8589257503949441,1.337914691943128,1.0,0.008372827804107,0.7096366508688781,0.733312091763581,0.72780410742496,,leaf,0.15,1
0.8447077409162711,1.31911532385466,1.0,0.014218009478672002,0.710584518167456,0.7266025641025641,0.7184834123222741,,leaf,0.15,2
0.8541864139020531,1.334439178515007,1.0,0.008846761453396001,0.7090047393364921,0.7307937519923491,0.7251184834123221,,leaf,0.15,3
0.855766192733017,1.3300157977883091,1.0,0.009478672985781,0.7107424960505531,0.733971291866028,0.7279620853080561,,leaf,0.15,4
0.845023696682464,1.306319115323854,1.0,0.012322274881516,0.721327014218009,0.7308061420345491,0.7236966824644551,,leaf,0.15,5
