coverage,set_size_mean,set_size_median,empty_rate,singleton_rate,top1_acc_non_empty,base_top1_acc,hir,level,alpha,run
0.9557661927330171,1.037440758293839,1.0,0.008372827804107,0.9458135860979461,0.9474271148637881,0.944391785150079,0.0,family,0.15,1
0.9481832543443911,1.027646129541864,1.0,0.014218009478672002,0.9439178515007891,0.9467948717948711,0.9428120063191151,0.0,family,0.15,2
0.955134281200631,1.036018957345971,1.0,0.008846761453396001,0.9462875197472351,0.9477207523111251,0.944391785150079,0.0,family,0.15,3
0.952922590837282,1.034281200631911,1.0,0.009478672985781,0.9467614533965241,0.9480063795853271,0.9440758293838861,0.0,family,0.15,4
0.947709320695102,1.030647709320695,1.0,0.012322274881516,0.9447077409162711,0.9448176583493281,0.9406003159557661,0.0,family,0.15,5
