coverage,set_size_mean,set_size_median,empty_rate,singleton_rate,top1_acc_non_empty,base_top1_acc,hir,level,alpha,run
0.8813586097946281,1.15260663507109,1.0,0.008372827804107,0.837598736176935,0.831766767564123,0.825750394944707,,major,0.15,1
0.8695102685624011,1.137598736176935,1.0,0.014218009478672002,0.83996840442338,0.8258012820512821,0.816903633491311,,major,0.15,2
0.8778830963665081,1.150710900473933,1.0,0.008846761453396001,0.8379146919431281,0.829454893210073,0.8232227488151651,,major,0.15,3
0.8791469194312791,1.149921011058452,1.0,0.009478672985781,0.837598736176935,0.8323763955342901,0.8254344391785151,,major,0.15,4
0.868878357030015,1.133175355450237,1.0,0.012322274881516,0.8470774091627171,0.8286948176583491,0.8208530805687201,,major,0.15,5
