{
  "level": "family",
  "alpha_LoUPCP": 0.5,
  "m_cal": 6329,
  "q_hat_leaf_LoUPCP": 0.06930750608444214,
  "metrics": {
    "coverage": 0.5069510268562402,
    "set_size_mean": 0.5096366508688783,
    "set_size_median": 1.0,
    "empty_rate": 0.4903633491311216,
    "singleton_rate": 0.5096366508688783,
    "base_top1_acc": 0.9402843601895735,
    "top1_acc_non_empty": 0.9947303161810291,
    "hir": 0.0
  },
  "num_test_defined": 6330,
  "num_test_used": 6330,
  "class_labels": [
    "fam:Android",
    "fam:Linux",
    "fam:Windows",
    "fam:iOS",
    "fam:macOS"
  ]
}