{
  "level": "family",
  "alpha_B": 0.04,
  "m_cal": 6329,
  "q_hat_leaf_B": 0.9558157920837402,
  "metrics": {
    "coverage": 0.987519747235387,
    "set_size_mean": 1.2751974723538704,
    "set_size_median": 1.0,
    "empty_rate": 0.0,
    "singleton_rate": 0.7767772511848341,
    "base_top1_acc": 0.9447077409162717,
    "top1_acc_non_empty": 0.9447077409162717,
    "hir": 0.0
  },
  "num_test_defined": 6330,
  "num_test_used": 6330,
  "class_labels": [
    "fam:Android",
    "fam:Linux",
    "fam:Windows",
    "fam:iOS",
    "fam:macOS"
  ]
}