{
  "level": "family",
  "alpha_LoUPCP": 0.02,
  "m_cal": 6329,
  "q_hat_leaf_LoUPCP": 0.9846947193145752,
  "metrics": {
    "coverage": 0.9927330173775671,
    "set_size_mean": 1.3897314375987362,
    "set_size_median": 1.0,
    "empty_rate": 0.0,
    "singleton_rate": 0.710742496050553,
    "base_top1_acc": 0.9429699842022117,
    "top1_acc_non_empty": 0.9429699842022117,
    "hir": 0.0
  },
  "num_test_defined": 6330,
  "num_test_used": 6330,
  "class_labels": [
    "fam:Android",
    "fam:Linux",
    "fam:Windows",
    "fam:iOS",
    "fam:macOS"
  ]
}