{
  "level": "family",
  "alpha": 0.2,
  "m_k": 6329,
  "j": 5064,
  "quantile_step": 0.0001579778830963665,
  "q_hat": 0.028836190700531006,
  "metrics": {
    "coverage": 0.7928909952606635,
    "set_size_mean": 0.7981042654028436,
    "set_size_median": 1.0,
    "empty_rate": 0.2018957345971564,
    "singleton_rate": 0.7981042654028436,
    "top1_acc_non_empty": 0.9934679334916865,
    "base_top1_acc": 0.9549763033175356,
    "hir": 0.33981042654028437
  },
  "num_test_defined": 6330,
  "num_test_used": 6330,
  "class_labels": [
    "fam:Android",
    "fam:Linux",
    "fam:Windows",
    "fam:iOS",
    "fam:macOS"
  ]
}