{
  "level": "family",
  "alpha": 0.5,
  "m_k": 6329,
  "j": 3165,
  "quantile_step": 0.0001579778830963665,
  "q_hat": 0.0002904534339904785,
  "metrics": {
    "coverage": 0.5080568720379147,
    "set_size_mean": 0.5082148499210111,
    "set_size_median": 1.0,
    "empty_rate": 0.49178515007898893,
    "singleton_rate": 0.5082148499210111,
    "top1_acc_non_empty": 0.9996891513832763,
    "base_top1_acc": 0.9571879936808847,
    "hir": 0.2682464454976303
  },
  "num_test_defined": 6330,
  "num_test_used": 6330,
  "class_labels": [
    "fam:Android",
    "fam:Linux",
    "fam:Windows",
    "fam:iOS",
    "fam:macOS"
  ]
}