{
  "level": "family",
  "alpha": 0.04,
  "m_k": 6329,
  "j": 6077,
  "quantile_step": 0.0001579778830963665,
  "q_hat": 0.5968422293663025,
  "metrics": {
    "coverage": 0.9565560821484992,
    "set_size_mean": 1.0034755134281201,
    "set_size_median": 1.0,
    "empty_rate": 0.0009478672985781991,
    "singleton_rate": 0.9946287519747236,
    "top1_acc_non_empty": 0.9552498418722327,
    "base_top1_acc": 0.9546603475513428,
    "hir": 0.3402843601895735
  },
  "num_test_defined": 6330,
  "num_test_used": 6330,
  "class_labels": [
    "fam:Android",
    "fam:Linux",
    "fam:Windows",
    "fam:iOS",
    "fam:macOS"
  ]
}