{
  "level": "family",
  "alpha": 0.25,
  "m_k": 6329,
  "j": 4748,
  "quantile_step": 0.0001579778830963665,
  "q_hat": 0.009849786758422852,
  "metrics": {
    "coverage": 0.7527646129541864,
    "set_size_mean": 0.7549763033175355,
    "set_size_median": 1.0,
    "empty_rate": 0.24502369668246446,
    "singleton_rate": 0.7549763033175355,
    "top1_acc_non_empty": 0.9970705168445282,
    "base_top1_acc": 0.957345971563981,
    "hir": 0.36903633491311216
  },
  "num_test_defined": 6330,
  "num_test_used": 6330,
  "class_labels": [
    "fam:Android",
    "fam:Linux",
    "fam:Windows",
    "fam:iOS",
    "fam:macOS"
  ]
}