{
  "level": "family",
  "alpha_LoUPCP": 0.2,
  "m_cal": 6329,
  "q_hat_leaf_LoUPCP": 0.764785647392273,
  "metrics": {
    "coverage": 0.9358609794628752,
    "set_size_mean": 1.0187993680884677,
    "set_size_median": 1.0,
    "empty_rate": 0.022906793048973143,
    "singleton_rate": 0.9353870458135861,
    "base_top1_acc": 0.9409162717219589,
    "top1_acc_non_empty": 0.9443815683104284,
    "hir": 0.0
  },
  "num_test_defined": 6330,
  "num_test_used": 6330,
  "class_labels": [
    "fam:Android",
    "fam:Linux",
    "fam:Windows",
    "fam:iOS",
    "fam:macOS"
  ]
}