{
  "level": "family",
  "alpha_B": 0.075,
  "m_cal": 6329,
  "q_hat_leaf_B": 0.9061739444732666,
  "metrics": {
    "coverage": 0.9721958925750395,
    "set_size_mean": 1.1192733017377567,
    "set_size_median": 1.0,
    "empty_rate": 0.0,
    "singleton_rate": 0.8921011058451817,
    "base_top1_acc": 0.9439178515007899,
    "top1_acc_non_empty": 0.9439178515007899,
    "hir": 0.0
  },
  "num_test_defined": 6330,
  "num_test_used": 6330,
  "class_labels": [
    "fam:Android",
    "fam:Linux",
    "fam:Windows",
    "fam:iOS",
    "fam:macOS"
  ]
}