{
  "level": "family",
  "alpha_LoUPCP": 0.3,
  "m_cal": 6329,
  "q_hat_leaf_LoUPCP": 0.6151647567749023,
  "metrics": {
    "coverage": 0.7906793048973144,
    "set_size_mean": 0.8320695102685624,
    "set_size_median": 1.0,
    "empty_rate": 0.1797788309636651,
    "singleton_rate": 0.8083728278041075,
    "base_top1_acc": 0.9459715639810427,
    "top1_acc_non_empty": 0.9583975346687211,
    "hir": 0.0
  },
  "num_test_defined": 6330,
  "num_test_used": 6330,
  "class_labels": [
    "fam:Android",
    "fam:Linux",
    "fam:Windows",
    "fam:iOS",
    "fam:macOS"
  ]
}