{
  "level": "family",
  "alpha_LoUPCP": 0.5,
  "m_cal": 6329,
  "q_hat_leaf_LoUPCP": 0.05683493614196777,
  "metrics": {
    "coverage": 0.4868878357030016,
    "set_size_mean": 0.48894154818325436,
    "set_size_median": 0.0,
    "empty_rate": 0.5110584518167457,
    "singleton_rate": 0.48894154818325436,
    "base_top1_acc": 0.9436018957345972,
    "top1_acc_non_empty": 0.9957996768982229,
    "hir": 0.0
  },
  "num_test_defined": 6330,
  "num_test_used": 6330,
  "class_labels": [
    "fam:Android",
    "fam:Linux",
    "fam:Windows",
    "fam:iOS",
    "fam:macOS"
  ]
}