{
  "level": "family",
  "alpha": 0.05,
  "m_k": 6329,
  "j": 6014,
  "quantile_step": 0.0001579778830963665,
  "q_hat": 0.31996017694473267,
  "metrics": {
    "coverage": 0.9398104265402843,
    "set_size_mean": 0.9734597156398104,
    "set_size_median": 1.0,
    "empty_rate": 0.026540284360189573,
    "singleton_rate": 0.9734597156398104,
    "top1_acc_non_empty": 0.9654333008763388,
    "base_top1_acc": 0.952132701421801,
    "hir": 0.30774091627172195
  },
  "num_test_defined": 6330,
  "num_test_used": 6330,
  "class_labels": [
    "fam:Android",
    "fam:Linux",
    "fam:Windows",
    "fam:iOS",
    "fam:macOS"
  ]
}