{
  "level": "family",
  "alpha": 0.4,
  "m_k": 6329,
  "j": 3798,
  "quantile_step": 0.0001579778830963665,
  "q_hat": 0.0008785128593444824,
  "metrics": {
    "coverage": 0.5911532385466035,
    "set_size_mean": 0.5917851500789889,
    "set_size_median": 1.0,
    "empty_rate": 0.40821484992101104,
    "singleton_rate": 0.5917851500789889,
    "top1_acc_non_empty": 0.99893219434063,
    "base_top1_acc": 0.9524486571879937,
    "hir": 0.23949447077409164
  },
  "num_test_defined": 6330,
  "num_test_used": 6330,
  "class_labels": [
    "fam:Android",
    "fam:Linux",
    "fam:Windows",
    "fam:iOS",
    "fam:macOS"
  ]
}