{
  "level": "family",
  "alpha_B": 0.1,
  "m_cal": 6329,
  "q_hat_leaf_B": 0.837587296962738,
  "metrics": {
    "coverage": 0.966824644549763,
    "set_size_mean": 1.0687203791469195,
    "set_size_median": 1.0,
    "empty_rate": 0.00047393364928909954,
    "singleton_rate": 0.9322274881516588,
    "base_top1_acc": 0.9442338072669826,
    "top1_acc_non_empty": 0.9445234708392604,
    "hir": 0.0
  },
  "num_test_defined": 6330,
  "num_test_used": 6330,
  "class_labels": [
    "fam:Android",
    "fam:Linux",
    "fam:Windows",
    "fam:iOS",
    "fam:macOS"
  ]
}