{
  "level": "family",
  "alpha": 0.3,
  "m_k": 6329,
  "j": 4431,
  "quantile_step": 0.0001579778830963665,
  "q_hat": 0.004007995128631592,
  "metrics": {
    "coverage": 0.7039494470774091,
    "set_size_mean": 0.7056872037914692,
    "set_size_median": 1.0,
    "empty_rate": 0.2943127962085308,
    "singleton_rate": 0.7056872037914692,
    "top1_acc_non_empty": 0.9975374972017014,
    "base_top1_acc": 0.9565560821484992,
    "hir": 0.37551342812006316
  },
  "num_test_defined": 6330,
  "num_test_used": 6330,
  "class_labels": [
    "fam:Android",
    "fam:Linux",
    "fam:Windows",
    "fam:iOS",
    "fam:macOS"
  ]
}