{
  "level": "family",
  "alpha_LoUPCP": 0.02,
  "m_cal": 6329,
  "q_hat_leaf_LoUPCP": 0.9863958954811096,
  "metrics": {
    "coverage": 0.9944707740916272,
    "set_size_mean": 1.4026856240126382,
    "set_size_median": 1.0,
    "empty_rate": 0.0,
    "singleton_rate": 0.7055292259083729,
    "base_top1_acc": 0.9407582938388626,
    "top1_acc_non_empty": 0.9407582938388626,
    "hir": 0.0
  },
  "num_test_defined": 6330,
  "num_test_used": 6330,
  "class_labels": [
    "fam:Android",
    "fam:Linux",
    "fam:Windows",
    "fam:iOS",
    "fam:macOS"
  ]
}