{
  "level": "family",
  "alpha_LoUPCP": 0.35,
  "m_cal": 6329,
  "q_hat_leaf_LoUPCP": 0.5003275871276855,
  "metrics": {
    "coverage": 0.7191153238546604,
    "set_size_mean": 0.7410742496050553,
    "set_size_median": 1.0,
    "empty_rate": 0.2589257503949447,
    "singleton_rate": 0.7410742496050553,
    "base_top1_acc": 0.9464454976303317,
    "top1_acc_non_empty": 0.9703687913024941,
    "hir": 0.0
  },
  "num_test_defined": 6330,
  "num_test_used": 6330,
  "class_labels": [
    "fam:Android",
    "fam:Linux",
    "fam:Windows",
    "fam:iOS",
    "fam:macOS"
  ]
}