{
  "level": "family",
  "alpha_B": 0.5,
  "m_cal": 6329,
  "q_hat_leaf_B": 0.06215554475784302,
  "metrics": {
    "coverage": 0.49415481832543445,
    "set_size_mean": 0.4962085308056872,
    "set_size_median": 0.0,
    "empty_rate": 0.5037914691943128,
    "singleton_rate": 0.4962085308056872,
    "base_top1_acc": 0.9417061611374408,
    "top1_acc_non_empty": 0.9958611907035976,
    "hir": 0.0
  },
  "num_test_defined": 6330,
  "num_test_used": 6330,
  "class_labels": [
    "fam:Android",
    "fam:Linux",
    "fam:Windows",
    "fam:iOS",
    "fam:macOS"
  ]
}