{
  "level": "family",
  "alpha_B": 0.45,
  "m_cal": 6329,
  "q_hat_leaf_B": 0.17549139261245728,
  "metrics": {
    "coverage": 0.5652448657187994,
    "set_size_mean": 0.5699842022116903,
    "set_size_median": 1.0,
    "empty_rate": 0.4300157977883096,
    "singleton_rate": 0.5699842022116903,
    "base_top1_acc": 0.9466034755134282,
    "top1_acc_non_empty": 0.9916851441241685,
    "hir": 0.0
  },
  "num_test_defined": 6330,
  "num_test_used": 6330,
  "class_labels": [
    "fam:Android",
    "fam:Linux",
    "fam:Windows",
    "fam:iOS",
    "fam:macOS"
  ]
}