{
  "level": "family",
  "alpha": 0.05,
  "m_k": 6329,
  "j": 6014,
  "quantile_step": 0.0001579778830963665,
  "q_hat": 0.37983763217926025,
  "metrics": {
    "coverage": 0.9483412322274881,
    "set_size_mean": 0.9854660347551343,
    "set_size_median": 1.0,
    "empty_rate": 0.014533965244865719,
    "singleton_rate": 0.9854660347551343,
    "top1_acc_non_empty": 0.9623276691247195,
    "base_top1_acc": 0.9545023696682464,
    "hir": 0.29415481832543444
  },
  "num_test_defined": 6330,
  "num_test_used": 6330,
  "class_labels": [
    "fam:Android",
    "fam:Linux",
    "fam:Windows",
    "fam:iOS",
    "fam:macOS"
  ]
}