{
  "level": "family",
  "alpha_B": 0.075,
  "m_cal": 6329,
  "q_hat_leaf_B": 0.9037068486213684,
  "metrics": {
    "coverage": 0.9717219589257504,
    "set_size_mean": 1.1120063191153238,
    "set_size_median": 1.0,
    "empty_rate": 0.0,
    "singleton_rate": 0.8974723538704581,
    "base_top1_acc": 0.9440758293838862,
    "top1_acc_non_empty": 0.9440758293838862,
    "hir": 0.0
  },
  "num_test_defined": 6330,
  "num_test_used": 6330,
  "class_labels": [
    "fam:Android",
    "fam:Linux",
    "fam:Windows",
    "fam:iOS",
    "fam:macOS"
  ]
}