{
  "level": "family",
  "alpha": 0.45,
  "m_k": 6329,
  "j": 3482,
  "quantile_step": 0.0001579778830963665,
  "q_hat": 0.0004919767379760742,
  "metrics": {
    "coverage": 0.5549763033175356,
    "set_size_mean": 0.5552922590837283,
    "set_size_median": 1.0,
    "empty_rate": 0.44470774091627174,
    "singleton_rate": 0.5552922590837283,
    "top1_acc_non_empty": 0.9994310099573257,
    "base_top1_acc": 0.9570300157977883,
    "hir": 0.22890995260663508
  },
  "num_test_defined": 6330,
  "num_test_used": 6330,
  "class_labels": [
    "fam:Android",
    "fam:Linux",
    "fam:Windows",
    "fam:iOS",
    "fam:macOS"
  ]
}