{
  "level": "family",
  "alpha": 0.3,
  "m_k": 6329,
  "j": 4431,
  "quantile_step": 0.0001579778830963665,
  "q_hat": 0.004200160503387451,
  "metrics": {
    "coverage": 0.7088467614533965,
    "set_size_mean": 0.7105845181674566,
    "set_size_median": 1.0,
    "empty_rate": 0.28941548183254345,
    "singleton_rate": 0.7105845181674566,
    "top1_acc_non_empty": 0.9975544686527346,
    "base_top1_acc": 0.9581358609794629,
    "hir": 0.3774091627172196
  },
  "num_test_defined": 6330,
  "num_test_used": 6330,
  "class_labels": [
    "fam:Android",
    "fam:Linux",
    "fam:Windows",
    "fam:iOS",
    "fam:macOS"
  ]
}