{
  "level": "family",
  "alpha": 0.3,
  "m_k": 6329,
  "j": 4431,
  "quantile_step": 0.0001579778830963665,
  "q_hat": 0.0040035247802734375,
  "metrics": {
    "coverage": 0.7037914691943128,
    "set_size_mean": 0.7066350710900474,
    "set_size_median": 1.0,
    "empty_rate": 0.2933649289099526,
    "singleton_rate": 0.7066350710900474,
    "top1_acc_non_empty": 0.9959758551307847,
    "base_top1_acc": 0.9571879936808847,
    "hir": 0.3714060031595577
  },
  "num_test_defined": 6330,
  "num_test_used": 6330,
  "class_labels": [
    "fam:Android",
    "fam:Linux",
    "fam:Windows",
    "fam:iOS",
    "fam:macOS"
  ]
}