{
  "level": "family",
  "alpha_LoUPCP": 0.45,
  "m_cal": 6329,
  "q_hat_leaf_LoUPCP": 0.17544692754745483,
  "metrics": {
    "coverage": 0.5646129541864139,
    "set_size_mean": 0.5688783570300158,
    "set_size_median": 1.0,
    "empty_rate": 0.4311216429699842,
    "singleton_rate": 0.5688783570300158,
    "base_top1_acc": 0.9442338072669826,
    "top1_acc_non_empty": 0.9925020827547903,
    "hir": 0.0
  },
  "num_test_defined": 6330,
  "num_test_used": 6330,
  "class_labels": [
    "fam:Android",
    "fam:Linux",
    "fam:Windows",
    "fam:iOS",
    "fam:macOS"
  ]
}