{
  "level": "family",
  "alpha_LoUPCP": 0.1,
  "m_cal": 6329,
  "q_hat_leaf_LoUPCP": 0.8309788703918457,
  "metrics": {
    "coverage": 0.963823064770932,
    "set_size_mean": 1.0595576619273301,
    "set_size_median": 1.0,
    "empty_rate": 0.001579778830963665,
    "singleton_rate": 0.9385466034755134,
    "base_top1_acc": 0.9470774091627172,
    "top1_acc_non_empty": 0.948259493670886,
    "hir": 0.0
  },
  "num_test_defined": 6330,
  "num_test_used": 6330,
  "class_labels": [
    "fam:Android",
    "fam:Linux",
    "fam:Windows",
    "fam:iOS",
    "fam:macOS"
  ]
}