{
  "level": "family",
  "alpha_LoUPCP": 0.075,
  "m_cal": 6329,
  "q_hat_leaf_LoUPCP": 0.8929637670516968,
  "metrics": {
    "coverage": 0.9684044233807267,
    "set_size_mean": 1.09652448657188,
    "set_size_median": 1.0,
    "empty_rate": 0.0,
    "singleton_rate": 0.9115323854660348,
    "base_top1_acc": 0.9409162717219589,
    "top1_acc_non_empty": 0.9409162717219589,
    "hir": 0.0
  },
  "num_test_defined": 6330,
  "num_test_used": 6330,
  "class_labels": [
    "fam:Android",
    "fam:Linux",
    "fam:Windows",
    "fam:iOS",
    "fam:macOS"
  ]
}