{
  "level": "family",
  "alpha": 0.35,
  "m_k": 6329,
  "j": 4115,
  "quantile_step": 0.0001579778830963665,
  "q_hat": 0.002050459384918213,
  "metrics": {
    "coverage": 0.6511848341232227,
    "set_size_mean": 0.6524486571879937,
    "set_size_median": 1.0,
    "empty_rate": 0.34755134281200634,
    "singleton_rate": 0.6524486571879937,
    "top1_acc_non_empty": 0.9980629539951574,
    "base_top1_acc": 0.9546603475513428,
    "hir": 0.2764612954186414
  },
  "num_test_defined": 6330,
  "num_test_used": 6330,
  "class_labels": [
    "fam:Android",
    "fam:Linux",
    "fam:Windows",
    "fam:iOS",
    "fam:macOS"
  ]
}