{
  "level": "family",
  "alpha_B": 0.3,
  "m_cal": 6329,
  "q_hat_leaf_B": 0.6176118850708008,
  "metrics": {
    "coverage": 0.7954186413902053,
    "set_size_mean": 0.8398104265402844,
    "set_size_median": 1.0,
    "empty_rate": 0.17298578199052134,
    "singleton_rate": 0.814218009478673,
    "base_top1_acc": 0.944391785150079,
    "top1_acc_non_empty": 0.9562559694364852,
    "hir": 0.0
  },
  "num_test_defined": 6330,
  "num_test_used": 6330,
  "class_labels": [
    "fam:Android",
    "fam:Linux",
    "fam:Windows",
    "fam:iOS",
    "fam:macOS"
  ]
}