{
  "level": "family",
  "alpha": 0.4,
  "m_k": 6329,
  "j": 3798,
  "quantile_step": 0.0001579778830963665,
  "q_hat": 0.0010567307472229004,
  "metrics": {
    "coverage": 0.6101105845181675,
    "set_size_mean": 0.610742496050553,
    "set_size_median": 1.0,
    "empty_rate": 0.3892575039494471,
    "singleton_rate": 0.610742496050553,
    "top1_acc_non_empty": 0.9989653388515262,
    "base_top1_acc": 0.9582938388625593,
    "hir": 0.23996840442338072
  },
  "num_test_defined": 6330,
  "num_test_used": 6330,
  "class_labels": [
    "fam:Android",
    "fam:Linux",
    "fam:Windows",
    "fam:iOS",
    "fam:macOS"
  ]
}