{
  "level": "family",
  "alpha_LoUPCP": 0.05,
  "m_cal": 6329,
  "q_hat_leaf_LoUPCP": 0.9407410621643066,
  "metrics": {
    "coverage": 0.9808846761453397,
    "set_size_mean": 1.1867298578199053,
    "set_size_median": 1.0,
    "empty_rate": 0.0,
    "singleton_rate": 0.8442338072669826,
    "base_top1_acc": 0.9464454976303317,
    "top1_acc_non_empty": 0.9464454976303317,
    "hir": 0.0
  },
  "num_test_defined": 6330,
  "num_test_used": 6330,
  "class_labels": [
    "fam:Android",
    "fam:Linux",
    "fam:Windows",
    "fam:iOS",
    "fam:macOS"
  ]
}