level,alpha,m_k,j,quantile_step,q_hat,num_test_defined,num_test_used
leaf,0.1,6329,5697,0.0001579778830963665,0.8289503455162048,6330,6330
