{
  "level": "family",
  "alpha_LoUPCP": 0.1,
  "m_cal": 6329,
  "q_hat_leaf_LoUPCP": 0.8319728374481201,
  "metrics": {
    "coverage": 0.963823064770932,
    "set_size_mean": 1.0631911532385465,
    "set_size_median": 1.0,
    "empty_rate": 0.0009478672985781991,
    "singleton_rate": 0.936650868878357,
    "base_top1_acc": 0.9440758293838862,
    "top1_acc_non_empty": 0.9446552814674257,
    "hir": 0.0
  },
  "num_test_defined": 6330,
  "num_test_used": 6330,
  "class_labels": [
    "fam:Android",
    "fam:Linux",
    "fam:Windows",
    "fam:iOS",
    "fam:macOS"
  ]
}