{
  "level": "family",
  "alpha": 0.2,
  "m_k": 6329,
  "j": 5064,
  "quantile_step": 0.0001579778830963665,
  "q_hat": 0.03193873167037964,
  "metrics": {
    "coverage": 0.7988941548183255,
    "set_size_mean": 0.8041074249605056,
    "set_size_median": 1.0,
    "empty_rate": 0.19589257503949448,
    "singleton_rate": 0.8041074249605056,
    "top1_acc_non_empty": 0.993516699410609,
    "base_top1_acc": 0.9546603475513428,
    "hir": 0.3341232227488152
  },
  "num_test_defined": 6330,
  "num_test_used": 6330,
  "class_labels": [
    "fam:Android",
    "fam:Linux",
    "fam:Windows",
    "fam:iOS",
    "fam:macOS"
  ]
}