{
  "level": "family",
  "alpha": 0.5,
  "m_k": 6329,
  "j": 3165,
  "quantile_step": 0.0001579778830963665,
  "q_hat": 0.00027173757553100586,
  "metrics": {
    "coverage": 0.503001579778831,
    "set_size_mean": 0.50347551342812,
    "set_size_median": 1.0,
    "empty_rate": 0.4965244865718799,
    "singleton_rate": 0.50347551342812,
    "top1_acc_non_empty": 0.9990586758707248,
    "base_top1_acc": 0.9545023696682464,
    "hir": 0.27187993680884676
  },
  "num_test_defined": 6330,
  "num_test_used": 6330,
  "class_labels": [
    "fam:Android",
    "fam:Linux",
    "fam:Windows",
    "fam:iOS",
    "fam:macOS"
  ]
}