{
  "level": "family",
  "alpha_LoUPCP": 0.45,
  "m_cal": 6329,
  "q_hat_leaf_LoUPCP": 0.16334980726242065,
  "metrics": {
    "coverage": 0.5571879936808847,
    "set_size_mean": 0.5619273301737757,
    "set_size_median": 1.0,
    "empty_rate": 0.43807266982622434,
    "singleton_rate": 0.5619273301737757,
    "base_top1_acc": 0.9407582938388626,
    "top1_acc_non_empty": 0.9915659263424234,
    "hir": 0.0
  },
  "num_test_defined": 6330,
  "num_test_used": 6330,
  "class_labels": [
    "fam:Android",
    "fam:Linux",
    "fam:Windows",
    "fam:iOS",
    "fam:macOS"
  ]
}