{
  "level": "family",
  "alpha_B": 0.4,
  "m_cal": 6329,
  "q_hat_leaf_B": 0.3227388858795166,
  "metrics": {
    "coverage": 0.6304897314375988,
    "set_size_mean": 0.640916271721959,
    "set_size_median": 1.0,
    "empty_rate": 0.3590837282780411,
    "singleton_rate": 0.640916271721959,
    "base_top1_acc": 0.9434439178515008,
    "top1_acc_non_empty": 0.9837318215430121,
    "hir": 0.0
  },
  "num_test_defined": 6330,
  "num_test_used": 6330,
  "class_labels": [
    "fam:Android",
    "fam:Linux",
    "fam:Windows",
    "fam:iOS",
    "fam:macOS"
  ]
}