{
  "level": "family",
  "alpha": 0.1,
  "m_k": 6329,
  "j": 5697,
  "quantile_step": 0.0001579778830963665,
  "q_hat": 0.129375159740448,
  "metrics": {
    "coverage": 0.9011058451816746,
    "set_size_mean": 0.9143759873617694,
    "set_size_median": 1.0,
    "empty_rate": 0.08562401263823065,
    "singleton_rate": 0.9143759873617694,
    "top1_acc_non_empty": 0.9854872149274361,
    "base_top1_acc": 0.9565560821484992,
    "hir": 0.23285939968404423
  },
  "num_test_defined": 6330,
  "num_test_used": 6330,
  "class_labels": [
    "fam:Android",
    "fam:Linux",
    "fam:Windows",
    "fam:iOS",
    "fam:macOS"
  ]
}