{
  "level": "family",
  "alpha": 0.45,
  "m_k": 6329,
  "j": 3482,
  "quantile_step": 0.0001579778830963665,
  "q_hat": 0.0004761219024658203,
  "metrics": {
    "coverage": 0.5505529225908373,
    "set_size_mean": 0.55086887835703,
    "set_size_median": 1.0,
    "empty_rate": 0.44913112164297,
    "singleton_rate": 0.55086887835703,
    "top1_acc_non_empty": 0.9994264410668197,
    "base_top1_acc": 0.9554502369668246,
    "hir": 0.239652448657188
  },
  "num_test_defined": 6330,
  "num_test_used": 6330,
  "class_labels": [
    "fam:Android",
    "fam:Linux",
    "fam:Windows",
    "fam:iOS",
    "fam:macOS"
  ]
}