{
  "level": "family",
  "alpha": 0.3,
  "m_k": 6329,
  "j": 4431,
  "quantile_step": 0.0001579778830963665,
  "q_hat": 0.0041258931159973145,
  "metrics": {
    "coverage": 0.7063191153238546,
    "set_size_mean": 0.7080568720379147,
    "set_size_median": 1.0,
    "empty_rate": 0.2919431279620853,
    "singleton_rate": 0.7080568720379147,
    "top1_acc_non_empty": 0.9975457385095939,
    "base_top1_acc": 0.955608214849921,
    "hir": 0.3739336492890995
  },
  "num_test_defined": 6330,
  "num_test_used": 6330,
  "class_labels": [
    "fam:Android",
    "fam:Linux",
    "fam:Windows",
    "fam:iOS",
    "fam:macOS"
  ]
}