{
  "level": "family",
  "alpha_B": 0.2,
  "m_cal": 6329,
  "q_hat_leaf_B": 0.7605555653572083,
  "metrics": {
    "coverage": 0.9311216429699842,
    "set_size_mean": 1.0151658767772511,
    "set_size_median": 1.0,
    "empty_rate": 0.027172195892575038,
    "singleton_rate": 0.9304897314375987,
    "base_top1_acc": 0.9390205371248025,
    "top1_acc_non_empty": 0.9426761935693407,
    "hir": 0.0
  },
  "num_test_defined": 6330,
  "num_test_used": 6330,
  "class_labels": [
    "fam:Android",
    "fam:Linux",
    "fam:Windows",
    "fam:iOS",
    "fam:macOS"
  ]
}