{
  "level": "family",
  "alpha": 0.25,
  "m_k": 6329,
  "j": 4748,
  "quantile_step": 0.0001579778830963665,
  "q_hat": 0.008289217948913574,
  "metrics": {
    "coverage": 0.7391785150078989,
    "set_size_mean": 0.741390205371248,
    "set_size_median": 1.0,
    "empty_rate": 0.258609794628752,
    "singleton_rate": 0.741390205371248,
    "top1_acc_non_empty": 0.9970168335819305,
    "base_top1_acc": 0.9537124802527646,
    "hir": 0.37772511848341234
  },
  "num_test_defined": 6330,
  "num_test_used": 6330,
  "class_labels": [
    "fam:Android",
    "fam:Linux",
    "fam:Windows",
    "fam:iOS",
    "fam:macOS"
  ]
}