{
  "level": "family",
  "alpha_B": 0.35,
  "m_cal": 6329,
  "q_hat_leaf_B": 0.4979291558265686,
  "metrics": {
    "coverage": 0.7140600315955766,
    "set_size_mean": 0.7369668246445498,
    "set_size_median": 1.0,
    "empty_rate": 0.26303317535545023,
    "singleton_rate": 0.7369668246445498,
    "base_top1_acc": 0.944391785150079,
    "top1_acc_non_empty": 0.9689174705251876,
    "hir": 0.0
  },
  "num_test_defined": 6330,
  "num_test_used": 6330,
  "class_labels": [
    "fam:Android",
    "fam:Linux",
    "fam:Windows",
    "fam:iOS",
    "fam:macOS"
  ]
}