{
  "level": "family",
  "alpha": 0.05,
  "m_k": 6329,
  "j": 6014,
  "quantile_step": 0.0001579778830963665,
  "q_hat": 0.3847969174385071,
  "metrics": {
    "coverage": 0.9494470774091627,
    "set_size_mean": 0.9848341232227488,
    "set_size_median": 1.0,
    "empty_rate": 0.015165876777251185,
    "singleton_rate": 0.9848341232227488,
    "top1_acc_non_empty": 0.9640680141161373,
    "base_top1_acc": 0.9554502369668246,
    "hir": 0.2919431279620853
  },
  "num_test_defined": 6330,
  "num_test_used": 6330,
  "class_labels": [
    "fam:Android",
    "fam:Linux",
    "fam:Windows",
    "fam:iOS",
    "fam:macOS"
  ]
}