{
  "level": "family",
  "alpha": 0.03,
  "m_k": 6329,
  "j": 6141,
  "quantile_step": 0.0001579778830963665,
  "q_hat": 0.8226445913314819,
  "metrics": {
    "coverage": 0.9780410742496051,
    "set_size_mean": 1.0442338072669826,
    "set_size_median": 1.0,
    "empty_rate": 0.0,
    "singleton_rate": 0.9587677725118483,
    "top1_acc_non_empty": 0.9587677725118483,
    "base_top1_acc": 0.9587677725118483,
    "hir": 0.34581358609794627
  },
  "num_test_defined": 6330,
  "num_test_used": 6330,
  "class_labels": [
    "fam:Android",
    "fam:Linux",
    "fam:Windows",
    "fam:iOS",
    "fam:macOS"
  ]
}