{
  "level": "family",
  "alpha_LoUPCP": 0.15,
  "m_cal": 6329,
  "q_hat_leaf_LoUPCP": 0.781933069229126,
  "metrics": {
    "coverage": 0.9499210110584518,
    "set_size_mean": 1.0330173775671405,
    "set_size_median": 1.0,
    "empty_rate": 0.010742496050552922,
    "singleton_rate": 0.9454976303317536,
    "base_top1_acc": 0.9409162717219589,
    "top1_acc_non_empty": 0.9444267007345896,
    "hir": 0.0
  },
  "num_test_defined": 6330,
  "num_test_used": 6330,
  "class_labels": [
    "fam:Android",
    "fam:Linux",
    "fam:Windows",
    "fam:iOS",
    "fam:macOS"
  ]
}