{
  "level": "family",
  "alpha_LoUPCP": 0.35,
  "m_cal": 6329,
  "q_hat_leaf_LoUPCP": 0.4971374273300171,
  "metrics": {
    "coverage": 0.7146919431279621,
    "set_size_mean": 0.7360189573459716,
    "set_size_median": 1.0,
    "empty_rate": 0.26398104265402844,
    "singleton_rate": 0.7360189573459716,
    "base_top1_acc": 0.9459715639810427,
    "top1_acc_non_empty": 0.9710238248551192,
    "hir": 0.0
  },
  "num_test_defined": 6330,
  "num_test_used": 6330,
  "class_labels": [
    "fam:Android",
    "fam:Linux",
    "fam:Windows",
    "fam:iOS",
    "fam:macOS"
  ]
}