{
  "level": "family",
  "alpha": 0.45,
  "m_k": 6329,
  "j": 3482,
  "quantile_step": 0.0001579778830963665,
  "q_hat": 0.00041288137435913086,
  "metrics": {
    "coverage": 0.5364928909952607,
    "set_size_mean": 0.5371248025276462,
    "set_size_median": 1.0,
    "empty_rate": 0.4628751974723539,
    "singleton_rate": 0.5371248025276462,
    "top1_acc_non_empty": 0.9988235294117647,
    "base_top1_acc": 0.952132701421801,
    "hir": 0.23933649289099526
  },
  "num_test_defined": 6330,
  "num_test_used": 6330,
  "class_labels": [
    "fam:Android",
    "fam:Linux",
    "fam:Windows",
    "fam:iOS",
    "fam:macOS"
  ]
}