{
  "level": "family",
  "alpha": 0.3,
  "m_k": 6329,
  "j": 4431,
  "quantile_step": 0.0001579778830963665,
  "q_hat": 0.0036750435829162598,
  "metrics": {
    "coverage": 0.6949447077409163,
    "set_size_mean": 0.6977883096366508,
    "set_size_median": 1.0,
    "empty_rate": 0.3022116903633491,
    "singleton_rate": 0.6977883096366508,
    "top1_acc_non_empty": 0.9959248358614444,
    "base_top1_acc": 0.9537124802527646,
    "hir": 0.36240126382306476
  },
  "num_test_defined": 6330,
  "num_test_used": 6330,
  "class_labels": [
    "fam:Android",
    "fam:Linux",
    "fam:Windows",
    "fam:iOS",
    "fam:macOS"
  ]
}