{
  "level": "family",
  "alpha": 0.5,
  "m_k": 6329,
  "j": 3165,
  "quantile_step": 0.0001579778830963665,
  "q_hat": 0.0002606511116027832,
  "metrics": {
    "coverage": 0.4976303317535545,
    "set_size_mean": 0.4981042654028436,
    "set_size_median": 0.0,
    "empty_rate": 0.5018957345971564,
    "singleton_rate": 0.4981042654028436,
    "top1_acc_non_empty": 0.9990485252140818,
    "base_top1_acc": 0.9551342812006319,
    "hir": 0.26666666666666666
  },
  "num_test_defined": 6330,
  "num_test_used": 6330,
  "class_labels": [
    "fam:Android",
    "fam:Linux",
    "fam:Windows",
    "fam:iOS",
    "fam:macOS"
  ]
}