{
  "level": "family",
  "alpha_B": 0.15,
  "m_cal": 6329,
  "q_hat_leaf_B": 0.7837523818016052,
  "metrics": {
    "coverage": 0.9527646129541865,
    "set_size_mean": 1.0333333333333334,
    "set_size_median": 1.0,
    "empty_rate": 0.010900473933649289,
    "singleton_rate": 0.9448657187993681,
    "base_top1_acc": 0.9428120063191153,
    "top1_acc_non_empty": 0.9471330458393228,
    "hir": 0.0
  },
  "num_test_defined": 6330,
  "num_test_used": 6330,
  "class_labels": [
    "fam:Android",
    "fam:Linux",
    "fam:Windows",
    "fam:iOS",
    "fam:macOS"
  ]
}