{
  "level": "family",
  "alpha": 0.04,
  "m_k": 6329,
  "j": 6077,
  "quantile_step": 0.0001579778830963665,
  "q_hat": 0.628497302532196,
  "metrics": {
    "coverage": 0.9597156398104265,
    "set_size_mean": 1.0088467614533965,
    "set_size_median": 1.0,
    "empty_rate": 0.00047393364928909954,
    "singleton_rate": 0.9902053712480253,
    "top1_acc_non_empty": 0.9557452189031136,
    "base_top1_acc": 0.9554502369668246,
    "hir": 0.33712480252764615
  },
  "num_test_defined": 6330,
  "num_test_used": 6330,
  "class_labels": [
    "fam:Android",
    "fam:Linux",
    "fam:Windows",
    "fam:iOS",
    "fam:macOS"
  ]
}