{
  "level": "family",
  "alpha": 0.1,
  "m_k": 6329,
  "j": 5697,
  "quantile_step": 0.0001579778830963665,
  "q_hat": 0.13186311721801758,
  "metrics": {
    "coverage": 0.9061611374407583,
    "set_size_mean": 0.9213270142180094,
    "set_size_median": 1.0,
    "empty_rate": 0.07867298578199051,
    "singleton_rate": 0.9213270142180094,
    "top1_acc_non_empty": 0.9835390946502057,
    "base_top1_acc": 0.9559241706161138,
    "hir": 0.23601895734597156
  },
  "num_test_defined": 6330,
  "num_test_used": 6330,
  "class_labels": [
    "fam:Android",
    "fam:Linux",
    "fam:Windows",
    "fam:iOS",
    "fam:macOS"
  ]
}