coverage_mean,coverage_std,set_size_mean_mean,set_size_mean_std,set_size_median_mean,set_size_median_std,empty_rate_mean,empty_rate_std,singleton_rate_mean,singleton_rate_std,top1_acc_non_empty_mean,top1_acc_non_empty_std,base_top1_acc_mean,base_top1_acc_std,hir_mean,hir_std
0.9016745655608209,0.004582175663918186,0.9156714060031591,0.00539142201552631,1.0,0.0,0.08432859399684,0.005391422015526297,0.9156714060031591,0.00539142201552631,0.9847182629616167,0.0012698280637621659,0.9558609794628747,0.0018239434309476213,0.23535545023696622,0.003623862507926063
