coverage_mean,coverage_std,set_size_mean_mean,set_size_mean_std,set_size_median_mean,set_size_median_std,empty_rate_mean,empty_rate_std,singleton_rate_mean,singleton_rate_std,top1_acc_non_empty_mean,top1_acc_non_empty_std,base_top1_acc_mean,base_top1_acc_std,hir_mean,hir_std
0.9017061611374405,0.007037910259341116,1.1793996840442333,0.01250203071186333,1.0,0.0,0.0012006319115320002,0.0015742398948941775,0.8399999999999999,0.004767425973878053,0.8443918631315569,0.0028524371880050245,0.8436966824644546,0.0035756785392201036,,
