coverage,set_size_mean,set_size_median,empty_rate,singleton_rate,top1_acc_non_empty,base_top1_acc,hir,level,alpha,run
0.896840442338072,0.908846761453396,1.0,0.09115323854660301,0.908846761453396,0.9867895011298451,0.957187993680884,0.23775671406003102,family,0.1,1
