coverage,set_size_mean,set_size_median,empty_rate,singleton_rate,top1_acc_non_empty,base_top1_acc,hir,level,alpha,run
0.9080568720379141,1.189257503949447,1.0,0.000157977883096,0.8358609794628751,0.84768525833465,0.8475513428120061,,major,0.1,1
