coverage,set_size_mean,set_size_median,empty_rate,singleton_rate,top1_acc_non_empty,base_top1_acc,hir,level,alpha,run
0.9080568720379141,1.189257503949447,1.0,0.000157977883096,0.8358609794628751,0.84768525833465,0.8475513428120061,,major,0.1,1
0.893522906793049,1.163981042654028,1.0,0.0030015797788300004,0.8445497630331751,0.8415465061004591,0.839652448657188,,major,0.1,2
0.90126382306477,1.179146919431279,1.0,0.0,0.8413902053712481,0.842969984202211,0.842969984202211,,major,0.1,3
0.9094786729857821,1.193996840442338,1.0,0.0,0.8341232227488151,0.847235387045813,0.847235387045813,,major,0.1,4
0.8962085308056871,1.170616113744075,1.0,0.0028436018957340003,0.844075829383886,0.8425221799746511,0.8410742496050551,,major,0.1,5
