coverage,set_size_mean,set_size_median,empty_rate,singleton_rate,top1_acc_non_empty,base_top1_acc,hir,level,alpha,run
0.9072669826224321,1.574565560821485,1.0,0.000315955766192,0.630331753554502,0.7280341340075851,0.72780410742496,,leaf,0.1,1
0.895892575039494,1.560347551342812,1.0,0.0015797788309630002,0.628436018957346,0.719620253164556,0.7184834123222741,,leaf,0.1,2
0.9004739336492891,1.561137440758293,1.0,0.000947867298578,0.628593996840442,0.725806451612903,0.7251184834123221,,leaf,0.1,3
0.905529225908372,1.574881516587677,1.0,0.0012638230647700002,0.628278041074249,0.7288832647896231,0.7279620853080561,,leaf,0.1,4
0.90347551342812,1.563507109004739,1.0,0.0012638230647700002,0.630647709320695,0.724612464409996,0.7236966824644551,,leaf,0.1,5
