coverage,set_size_mean,set_size_median,empty_rate,singleton_rate,top1_acc_non_empty,base_top1_acc,hir,level,alpha,run
0.896840442338072,0.908846761453396,1.0,0.09115323854660301,0.908846761453396,0.9867895011298451,0.957187993680884,0.23775671406003102,family,0.1,1
0.9028436018957341,0.9165876777251181,1.0,0.083412322274881,0.9165876777251181,0.985005170630816,0.9546603475513421,0.239810426540284,family,0.1,2
0.902369668246445,0.9167456556082141,1.0,0.083254344391785,0.9167456556082141,0.9843184559710491,0.957345971563981,0.234439178515007,family,0.1,3
0.9083728278041071,0.9233807266982621,1.0,0.07661927330173701,0.9233807266982621,0.983746792130025,0.9568720379146921,0.23033175355450203,family,0.1,4
0.897946287519747,0.9127962085308051,1.0,0.087203791469194,0.9127962085308051,0.9837313949463481,0.9532385466034751,0.234439178515007,family,0.1,5
