coverage,set_size_mean,set_size_median,empty_rate,singleton_rate,top1_acc_non_empty,base_top1_acc,hir,level,alpha,run
0.9072669826224321,1.574565560821485,1.0,0.000315955766192,0.630331753554502,0.7280341340075851,0.72780410742496,,leaf,0.1,1
