{
  "level": "family",
  "alpha": 0.075,
  "m_k": 6329,
  "j": 5856,
  "quantile_step": 0.0001579778830963665,
  "q_hat": 0.2085881233215332,
  "metrics": {
    "coverage": 0.9314375987361769,
    "set_size_mean": 0.9530805687203792,
    "set_size_median": 1.0,
    "empty_rate": 0.04691943127962085,
    "singleton_rate": 0.9530805687203792,
    "top1_acc_non_empty": 0.9772915630697828,
    "base_top1_acc": 0.9559241706161138,
    "hir": 0.225434439178515
  },
  "num_test_defined": 6330,
  "num_test_used": 6330,
  "class_labels": [
    "fam:Android",
    "fam:Linux",
    "fam:Windows",
    "fam:iOS",
    "fam:macOS"
  ]
}