{
  "level": "family",
  "alpha": 0.075,
  "m_k": 6329,
  "j": 5856,
  "quantile_step": 0.0001579778830963665,
  "q_hat": 0.18443703651428223,
  "metrics": {
    "coverage": 0.9233807266982622,
    "set_size_mean": 0.9450236966824644,
    "set_size_median": 1.0,
    "empty_rate": 0.054976303317535544,
    "singleton_rate": 0.9450236966824644,
    "top1_acc_non_empty": 0.9770979605483116,
    "base_top1_acc": 0.9541864139020537,
    "hir": 0.23001579778830963
  },
  "num_test_defined": 6330,
  "num_test_used": 6330,
  "class_labels": [
    "fam:Android",
    "fam:Linux",
    "fam:Windows",
    "fam:iOS",
    "fam:macOS"
  ]
}