{
  "level": "family",
  "alpha": 0.35,
  "m_k": 6329,
  "j": 4115,
  "quantile_step": 0.0001579778830963665,
  "q_hat": 0.0021383166313171387,
  "metrics": {
    "coverage": 0.6576619273301738,
    "set_size_mean": 0.6592417061611374,
    "set_size_median": 1.0,
    "empty_rate": 0.3407582938388626,
    "singleton_rate": 0.6592417061611374,
    "top1_acc_non_empty": 0.9976036424634556,
    "base_top1_acc": 0.9575039494470774,
    "hir": 0.30173775671406006
  },
  "num_test_defined": 6330,
  "num_test_used": 6330,
  "class_labels": [
    "fam:Android",
    "fam:Linux",
    "fam:Windows",
    "fam:iOS",
    "fam:macOS"
  ]
}