{
  "level": "family",
  "alpha": 0.04,
  "m_k": 6329,
  "j": 6077,
  "quantile_step": 0.0001579778830963665,
  "q_hat": 0.6394768953323364,
  "metrics": {
    "coverage": 0.9606635071090047,
    "set_size_mean": 1.012006319115324,
    "set_size_median": 1.0,
    "empty_rate": 0.0001579778830963665,
    "singleton_rate": 0.9876777251184834,
    "top1_acc_non_empty": 0.9537051666930004,
    "base_top1_acc": 0.9535545023696682,
    "hir": 0.3276461295418641
  },
  "num_test_defined": 6330,
  "num_test_used": 6330,
  "class_labels": [
    "fam:Android",
    "fam:Linux",
    "fam:Windows",
    "fam:iOS",
    "fam:macOS"
  ]
}