{
  "level": "family",
  "alpha_B": 0.1,
  "m_cal": 6329,
  "q_hat_leaf_B": 0.8359733819961548,
  "metrics": {
    "coverage": 0.9647709320695103,
    "set_size_mean": 1.067298578199052,
    "set_size_median": 1.0,
    "empty_rate": 0.001263823064770932,
    "singleton_rate": 0.931911532385466,
    "base_top1_acc": 0.9440758293838862,
    "top1_acc_non_empty": 0.944954128440367,
    "hir": 0.0
  },
  "num_test_defined": 6330,
  "num_test_used": 6330,
  "class_labels": [
    "fam:Android",
    "fam:Linux",
    "fam:Windows",
    "fam:iOS",
    "fam:macOS"
  ]
}