{
  "level": "family",
  "alpha": 0.03,
  "m_k": 6329,
  "j": 6141,
  "quantile_step": 0.0001579778830963665,
  "q_hat": 0.7845812439918518,
  "metrics": {
    "coverage": 0.9690363349131121,
    "set_size_mean": 1.0342812006319115,
    "set_size_median": 1.0,
    "empty_rate": 0.0,
    "singleton_rate": 0.9665086887835703,
    "top1_acc_non_empty": 0.9565560821484992,
    "base_top1_acc": 0.9565560821484992,
    "hir": 0.35624012638230645
  },
  "num_test_defined": 6330,
  "num_test_used": 6330,
  "class_labels": [
    "fam:Android",
    "fam:Linux",
    "fam:Windows",
    "fam:iOS",
    "fam:macOS"
  ]
}