{
  "level": "family",
  "alpha": 0.04,
  "m_k": 6329,
  "j": 6077,
  "quantile_step": 0.0001579778830963665,
  "q_hat": 0.6394768953323364,
  "metrics": {
    "coverage": 0.9606635071090047,
    "set_size_mean": 1.0107424960505529,
    "set_size_median": 1.0,
    "empty_rate": 0.0,
    "singleton_rate": 0.9892575039494471,
    "top1_acc_non_empty": 0.9546603475513428,
    "base_top1_acc": 0.9546603475513428,
    "hir": 0.33617693522906794
  },
  "num_test_defined": 6330,
  "num_test_used": 6330,
  "class_labels": [
    "fam:Android",
    "fam:Linux",
    "fam:Windows",
    "fam:iOS",
    "fam:macOS"
  ]
}