{
  "level": "family",
  "alpha": 0.04,
  "m_k": 6329,
  "j": 6077,
  "quantile_step": 0.0001579778830963665,
  "q_hat": 0.6545946002006531,
  "metrics": {
    "coverage": 0.9619273301737756,
    "set_size_mean": 1.0121642969984201,
    "set_size_median": 1.0,
    "empty_rate": 0.0001579778830963665,
    "singleton_rate": 0.987519747235387,
    "top1_acc_non_empty": 0.9559172065097171,
    "base_top1_acc": 0.9557661927330173,
    "hir": 0.33712480252764615
  },
  "num_test_defined": 6330,
  "num_test_used": 6330,
  "class_labels": [
    "fam:Android",
    "fam:Linux",
    "fam:Windows",
    "fam:iOS",
    "fam:macOS"
  ]
}