{
  "level": "family",
  "alpha_B": 0.15,
  "m_cal": 6329,
  "q_hat_leaf_B": 0.7826616168022156,
  "metrics": {
    "coverage": 0.9511848341232227,
    "set_size_mean": 1.0334913112164297,
    "set_size_median": 1.0,
    "empty_rate": 0.010584518167456557,
    "singleton_rate": 0.9453396524486571,
    "base_top1_acc": 0.9439178515007899,
    "top1_acc_non_empty": 0.9461919208047261,
    "hir": 0.0
  },
  "num_test_defined": 6330,
  "num_test_used": 6330,
  "class_labels": [
    "fam:Android",
    "fam:Linux",
    "fam:Windows",
    "fam:iOS",
    "fam:macOS"
  ]
}