{
  "level": "family",
  "alpha": 0.5,
  "m_k": 6329,
  "j": 3165,
  "quantile_step": 0.0001579778830963665,
  "q_hat": 0.00029033422470092773,
  "metrics": {
    "coverage": 0.5078988941548184,
    "set_size_mean": 0.5083728278041074,
    "set_size_median": 1.0,
    "empty_rate": 0.4916271721958926,
    "singleton_rate": 0.5083728278041074,
    "top1_acc_non_empty": 0.9990677439403356,
    "base_top1_acc": 0.9587677725118483,
    "hir": 0.27440758293838863
  },
  "num_test_defined": 6330,
  "num_test_used": 6330,
  "class_labels": [
    "fam:Android",
    "fam:Linux",
    "fam:Windows",
    "fam:iOS",
    "fam:macOS"
  ]
}