{
  "level": "family",
  "alpha": 0.01,
  "m_k": 6329,
  "j": 6267,
  "quantile_step": 0.0001579778830963665,
  "q_hat": 0.9501764178276062,
  "metrics": {
    "coverage": 0.9881516587677726,
    "set_size_mean": 1.2157977883096367,
    "set_size_median": 1.0,
    "empty_rate": 0.0,
    "singleton_rate": 0.8222748815165877,
    "top1_acc_non_empty": 0.9535545023696682,
    "base_top1_acc": 0.9535545023696682,
    "hir": 0.5282780410742496
  },
  "num_test_defined": 6330,
  "num_test_used": 6330,
  "class_labels": [
    "fam:Android",
    "fam:Linux",
    "fam:Windows",
    "fam:iOS",
    "fam:macOS"
  ]
}