{
  "level": "family",
  "alpha_LoUPCP": 0.5,
  "m_cal": 6329,
  "q_hat_leaf_LoUPCP": 0.06547290086746216,
  "metrics": {
    "coverage": 0.49889415481832544,
    "set_size_mean": 0.5015797788309637,
    "set_size_median": 1.0,
    "empty_rate": 0.49842022116903634,
    "singleton_rate": 0.5015797788309637,
    "base_top1_acc": 0.9402843601895735,
    "top1_acc_non_empty": 0.9946456692913386,
    "hir": 0.0
  },
  "num_test_defined": 6330,
  "num_test_used": 6330,
  "class_labels": [
    "fam:Android",
    "fam:Linux",
    "fam:Windows",
    "fam:iOS",
    "fam:macOS"
  ]
}