{
  "level": "family",
  "alpha_LoUPCP": 0.5,
  "m_cal": 6329,
  "q_hat_leaf_LoUPCP": 0.06709200143814087,
  "metrics": {
    "coverage": 0.5003159557661927,
    "set_size_mean": 0.5025276461295418,
    "set_size_median": 1.0,
    "empty_rate": 0.49747235387045813,
    "singleton_rate": 0.5025276461295418,
    "base_top1_acc": 0.9382306477093207,
    "top1_acc_non_empty": 0.995598868280415,
    "hir": 0.0
  },
  "num_test_defined": 6330,
  "num_test_used": 6330,
  "class_labels": [
    "fam:Android",
    "fam:Linux",
    "fam:Windows",
    "fam:iOS",
    "fam:macOS"
  ]
}