coverage,set_size_mean,set_size_median,empty_rate,singleton_rate,top1_acc_non_empty,base_top1_acc,hir,level,alpha,run
0.8857819905213271,0.9548183254344391,1.0,0.07867298578199,0.8878357030015791,0.9490740740740741,0.944391785150079,0.0,family,0.25,1
