{
  "level": "family",
  "alpha_B": 0.25,
  "m_cal": 6329,
  "q_hat_leaf_B": 0.7046181559562683,
  "metrics": {
    "coverage": 0.879778830963665,
    "set_size_mean": 0.9459715639810427,
    "set_size_median": 1.0,
    "empty_rate": 0.08325434439178515,
    "singleton_rate": 0.8875197472353871,
    "base_top1_acc": 0.9453396524486571,
    "top1_acc_non_empty": 0.9508874719972428,
    "hir": 0.0
  },
  "num_test_defined": 6330,
  "num_test_used": 6330,
  "class_labels": [
    "fam:Android",
    "fam:Linux",
    "fam:Windows",
    "fam:iOS",
    "fam:macOS"
  ]
}