{
  "level": "family",
  "alpha": 0.4,
  "m_k": 6329,
  "j": 3798,
  "quantile_step": 0.0001579778830963665,
  "q_hat": 0.0010422468185424805,
  "metrics": {
    "coverage": 0.6086887835703002,
    "set_size_mean": 0.6096366508688783,
    "set_size_median": 1.0,
    "empty_rate": 0.39036334913112164,
    "singleton_rate": 0.6096366508688783,
    "top1_acc_non_empty": 0.9984451930551956,
    "base_top1_acc": 0.9560821484992101,
    "hir": 0.24312796208530807
  },
  "num_test_defined": 6330,
  "num_test_used": 6330,
  "class_labels": [
    "fam:Android",
    "fam:Linux",
    "fam:Windows",
    "fam:iOS",
    "fam:macOS"
  ]
}