{
  "level": "family",
  "alpha_LoUPCP": 0.45,
  "m_cal": 6329,
  "q_hat_leaf_LoUPCP": 0.16238832473754883,
  "metrics": {
    "coverage": 0.5560821484992101,
    "set_size_mean": 0.5600315955766193,
    "set_size_median": 1.0,
    "empty_rate": 0.4399684044233807,
    "singleton_rate": 0.5600315955766193,
    "base_top1_acc": 0.9475513428120064,
    "top1_acc_non_empty": 0.9929478138222849,
    "hir": 0.0
  },
  "num_test_defined": 6330,
  "num_test_used": 6330,
  "class_labels": [
    "fam:Android",
    "fam:Linux",
    "fam:Windows",
    "fam:iOS",
    "fam:macOS"
  ]
}