{
  "level": "family",
  "alpha": 0.075,
  "m_k": 6329,
  "j": 5856,
  "quantile_step": 0.0001579778830963665,
  "q_hat": 0.17642855644226074,
  "metrics": {
    "coverage": 0.918957345971564,
    "set_size_mean": 0.9409162717219589,
    "set_size_median": 1.0,
    "empty_rate": 0.05908372827804107,
    "singleton_rate": 0.9409162717219589,
    "top1_acc_non_empty": 0.9766621893888516,
    "base_top1_acc": 0.9513428120063191,
    "hir": 0.23791469194312795
  },
  "num_test_defined": 6330,
  "num_test_used": 6330,
  "class_labels": [
    "fam:Android",
    "fam:Linux",
    "fam:Windows",
    "fam:iOS",
    "fam:macOS"
  ]
}