{
  "level": "family",
  "alpha_LoUPCP": 0.4,
  "m_cal": 6329,
  "q_hat_leaf_LoUPCP": 0.3112565875053406,
  "metrics": {
    "coverage": 0.6192733017377567,
    "set_size_mean": 0.6281200631911532,
    "set_size_median": 1.0,
    "empty_rate": 0.37187993680884673,
    "singleton_rate": 0.6281200631911532,
    "base_top1_acc": 0.9409162717219589,
    "top1_acc_non_empty": 0.9859154929577465,
    "hir": 0.0
  },
  "num_test_defined": 6330,
  "num_test_used": 6330,
  "class_labels": [
    "fam:Android",
    "fam:Linux",
    "fam:Windows",
    "fam:iOS",
    "fam:macOS"
  ]
}