{
  "level": "family",
  "alpha": 0.3,
  "m_k": 6329,
  "j": 4431,
  "quantile_step": 0.0001579778830963665,
  "q_hat": 0.0037819743156433105,
  "metrics": {
    "coverage": 0.6977883096366508,
    "set_size_mean": 0.6992101105845182,
    "set_size_median": 1.0,
    "empty_rate": 0.30078988941548185,
    "singleton_rate": 0.6992101105845182,
    "top1_acc_non_empty": 0.9979665612291008,
    "base_top1_acc": 0.9541864139020537,
    "hir": 0.37772511848341234
  },
  "num_test_defined": 6330,
  "num_test_used": 6330,
  "class_labels": [
    "fam:Android",
    "fam:Linux",
    "fam:Windows",
    "fam:iOS",
    "fam:macOS"
  ]
}