{
  "level": "family",
  "alpha_B": 0.15,
  "m_cal": 6329,
  "q_hat_leaf_B": 0.7793321013450623,
  "metrics": {
    "coverage": 0.9470774091627172,
    "set_size_mean": 1.0339652448657188,
    "set_size_median": 1.0,
    "empty_rate": 0.011690363349131122,
    "singleton_rate": 0.942654028436019,
    "base_top1_acc": 0.9390205371248025,
    "top1_acc_non_empty": 0.9427749360613811,
    "hir": 0.0
  },
  "num_test_defined": 6330,
  "num_test_used": 6330,
  "class_labels": [
    "fam:Android",
    "fam:Linux",
    "fam:Windows",
    "fam:iOS",
    "fam:macOS"
  ]
}