{
  "level": "family",
  "alpha_LoUPCP": 0.2,
  "m_cal": 6329,
  "q_hat_leaf_LoUPCP": 0.7662783861160278,
  "metrics": {
    "coverage": 0.9428120063191153,
    "set_size_mean": 1.021958925750395,
    "set_size_median": 1.0,
    "empty_rate": 0.019747235387045814,
    "singleton_rate": 0.9385466034755134,
    "base_top1_acc": 0.9458135860979463,
    "top1_acc_non_empty": 0.9489121676067688,
    "hir": 0.0
  },
  "num_test_defined": 6330,
  "num_test_used": 6330,
  "class_labels": [
    "fam:Android",
    "fam:Linux",
    "fam:Windows",
    "fam:iOS",
    "fam:macOS"
  ]
}