{
  "level": "family",
  "alpha_B": 0.1,
  "m_cal": 6329,
  "q_hat_leaf_B": 0.8355698585510254,
  "metrics": {
    "coverage": 0.9644549763033176,
    "set_size_mean": 1.0657187993680886,
    "set_size_median": 1.0,
    "empty_rate": 0.0011058451816745656,
    "singleton_rate": 0.9333333333333333,
    "base_top1_acc": 0.9442338072669826,
    "top1_acc_non_empty": 0.9451209868733196,
    "hir": 0.0
  },
  "num_test_defined": 6330,
  "num_test_used": 6330,
  "class_labels": [
    "fam:Android",
    "fam:Linux",
    "fam:Windows",
    "fam:iOS",
    "fam:macOS"
  ]
}