{
  "level": "family",
  "alpha": 0.4,
  "m_k": 6329,
  "j": 3798,
  "quantile_step": 0.0001579778830963665,
  "q_hat": 0.0009132623672485352,
  "metrics": {
    "coverage": 0.5946287519747235,
    "set_size_mean": 0.595260663507109,
    "set_size_median": 1.0,
    "empty_rate": 0.404739336492891,
    "singleton_rate": 0.595260663507109,
    "top1_acc_non_empty": 0.9989384288747346,
    "base_top1_acc": 0.9546603475513428,
    "hir": 0.23949447077409164
  },
  "num_test_defined": 6330,
  "num_test_used": 6330,
  "class_labels": [
    "fam:Android",
    "fam:Linux",
    "fam:Windows",
    "fam:iOS",
    "fam:macOS"
  ]
}