{
  "level": "family",
  "alpha": 0.075,
  "m_k": 6329,
  "j": 5856,
  "quantile_step": 0.0001579778830963665,
  "q_hat": 0.19316697120666504,
  "metrics": {
    "coverage": 0.9270142180094787,
    "set_size_mean": 0.9481832543443918,
    "set_size_median": 1.0,
    "empty_rate": 0.05181674565560822,
    "singleton_rate": 0.9481832543443918,
    "top1_acc_non_empty": 0.9776741086304566,
    "base_top1_acc": 0.9529225908372828,
    "hir": 0.230173775671406
  },
  "num_test_defined": 6330,
  "num_test_used": 6330,
  "class_labels": [
    "fam:Android",
    "fam:Linux",
    "fam:Windows",
    "fam:iOS",
    "fam:macOS"
  ]
}