{
  "level": "family",
  "alpha": 0.4,
  "m_k": 6329,
  "j": 3798,
  "quantile_step": 0.0001579778830963665,
  "q_hat": 0.0009437203407287598,
  "metrics": {
    "coverage": 0.5996840442338073,
    "set_size_mean": 0.6003159557661928,
    "set_size_median": 1.0,
    "empty_rate": 0.39968404423380727,
    "singleton_rate": 0.6003159557661928,
    "top1_acc_non_empty": 0.9989473684210526,
    "base_top1_acc": 0.955608214849921,
    "hir": 0.23996840442338072
  },
  "num_test_defined": 6330,
  "num_test_used": 6330,
  "class_labels": [
    "fam:Android",
    "fam:Linux",
    "fam:Windows",
    "fam:iOS",
    "fam:macOS"
  ]
}