{
  "level": "family",
  "alpha_B": 0.35,
  "m_cal": 6329,
  "q_hat_leaf_B": 0.48506057262420654,
  "metrics": {
    "coverage": 0.7041074249605055,
    "set_size_mean": 0.7252764612954187,
    "set_size_median": 1.0,
    "empty_rate": 0.2747235387045814,
    "singleton_rate": 0.7252764612954187,
    "base_top1_acc": 0.9390205371248025,
    "top1_acc_non_empty": 0.9708124591592245,
    "hir": 0.0
  },
  "num_test_defined": 6330,
  "num_test_used": 6330,
  "class_labels": [
    "fam:Android",
    "fam:Linux",
    "fam:Windows",
    "fam:iOS",
    "fam:macOS"
  ]
}