{
  "level": "family",
  "alpha_LoUPCP": 0.4,
  "m_cal": 6329,
  "q_hat_leaf_LoUPCP": 0.31627321243286133,
  "metrics": {
    "coverage": 0.6259083728278041,
    "set_size_mean": 0.634913112164297,
    "set_size_median": 1.0,
    "empty_rate": 0.365086887835703,
    "singleton_rate": 0.634913112164297,
    "base_top1_acc": 0.9440758293838862,
    "top1_acc_non_empty": 0.9858173675043543,
    "hir": 0.0
  },
  "num_test_defined": 6330,
  "num_test_used": 6330,
  "class_labels": [
    "fam:Android",
    "fam:Linux",
    "fam:Windows",
    "fam:iOS",
    "fam:macOS"
  ]
}