{
  "level": "family",
  "alpha": 0.075,
  "m_k": 6329,
  "j": 5856,
  "quantile_step": 0.0001579778830963665,
  "q_hat": 0.1898379921913147,
  "metrics": {
    "coverage": 0.9246445497630332,
    "set_size_mean": 0.9451816745655608,
    "set_size_median": 1.0,
    "empty_rate": 0.05481832543443918,
    "singleton_rate": 0.9451816745655608,
    "top1_acc_non_empty": 0.9782717700150426,
    "base_top1_acc": 0.9571879936808847,
    "hir": 0.25687203791469193
  },
  "num_test_defined": 6330,
  "num_test_used": 6330,
  "class_labels": [
    "fam:Android",
    "fam:Linux",
    "fam:Windows",
    "fam:iOS",
    "fam:macOS"
  ]
}