{
  "level": "family",
  "alpha_LoUPCP": 0.075,
  "m_cal": 6329,
  "q_hat_leaf_LoUPCP": 0.8961214423179626,
  "metrics": {
    "coverage": 0.9704581358609795,
    "set_size_mean": 1.10347551342812,
    "set_size_median": 1.0,
    "empty_rate": 0.0,
    "singleton_rate": 0.9058451816745655,
    "base_top1_acc": 0.946129541864139,
    "top1_acc_non_empty": 0.946129541864139,
    "hir": 0.0
  },
  "num_test_defined": 6330,
  "num_test_used": 6330,
  "class_labels": [
    "fam:Android",
    "fam:Linux",
    "fam:Windows",
    "fam:iOS",
    "fam:macOS"
  ]
}