{
  "level": "family",
  "alpha_B": 0.2,
  "m_cal": 6329,
  "q_hat_leaf_B": 0.7630101442337036,
  "metrics": {
    "coverage": 0.9352290679304898,
    "set_size_mean": 1.0145339652448657,
    "set_size_median": 1.0,
    "empty_rate": 0.027330173775671405,
    "singleton_rate": 0.9308056872037914,
    "base_top1_acc": 0.9447077409162717,
    "top1_acc_non_empty": 0.9472145525418223,
    "hir": 0.0
  },
  "num_test_defined": 6330,
  "num_test_used": 6330,
  "class_labels": [
    "fam:Android",
    "fam:Linux",
    "fam:Windows",
    "fam:iOS",
    "fam:macOS"
  ]
}