level,alpha,m_k,j,quantile_step,q_hat,num_test_defined,num_test_used
major,0.15,6329,5381,0.0001579778830963665,0.6320695877075195,6330,6330
