{
  "level": "family",
  "alpha_LoUPCP": 0.35,
  "m_cal": 6329,
  "q_hat_leaf_LoUPCP": 0.5027106404304504,
  "metrics": {
    "coverage": 0.7227488151658767,
    "set_size_mean": 0.7448657187993681,
    "set_size_median": 1.0,
    "empty_rate": 0.2551342812006319,
    "singleton_rate": 0.7448657187993681,
    "base_top1_acc": 0.9447077409162717,
    "top1_acc_non_empty": 0.9703075291622482,
    "hir": 0.0
  },
  "num_test_defined": 6330,
  "num_test_used": 6330,
  "class_labels": [
    "fam:Android",
    "fam:Linux",
    "fam:Windows",
    "fam:iOS",
    "fam:macOS"
  ]
}