{
  "level": "family",
  "alpha_LoUPCP": 0.03,
  "m_cal": 6329,
  "q_hat_leaf_LoUPCP": 0.9651806354522705,
  "metrics": {
    "coverage": 0.9879936808846761,
    "set_size_mean": 1.2889415481832542,
    "set_size_median": 1.0,
    "empty_rate": 0.0,
    "singleton_rate": 0.7695102685624012,
    "base_top1_acc": 0.943127962085308,
    "top1_acc_non_empty": 0.943127962085308,
    "hir": 0.0
  },
  "num_test_defined": 6330,
  "num_test_used": 6330,
  "class_labels": [
    "fam:Android",
    "fam:Linux",
    "fam:Windows",
    "fam:iOS",
    "fam:macOS"
  ]
}