{
  "level": "family",
  "alpha": 0.2,
  "m_k": 6329,
  "j": 5064,
  "quantile_step": 0.0001579778830963665,
  "q_hat": 0.03406870365142822,
  "metrics": {
    "coverage": 0.8009478672985783,
    "set_size_mean": 0.8071090047393364,
    "set_size_median": 1.0,
    "empty_rate": 0.1928909952606635,
    "singleton_rate": 0.8071090047393364,
    "top1_acc_non_empty": 0.9923664122137404,
    "base_top1_acc": 0.953870458135861,
    "hir": 0.3372827804107425
  },
  "num_test_defined": 6330,
  "num_test_used": 6330,
  "class_labels": [
    "fam:Android",
    "fam:Linux",
    "fam:Windows",
    "fam:iOS",
    "fam:macOS"
  ]
}