{
  "level": "family",
  "alpha": 0.3,
  "m_k": 6329,
  "j": 4431,
  "quantile_step": 0.0001579778830963665,
  "q_hat": 0.003915667533874512,
  "metrics": {
    "coverage": 0.7018957345971564,
    "set_size_mean": 0.7039494470774091,
    "set_size_median": 1.0,
    "empty_rate": 0.29605055292259086,
    "singleton_rate": 0.7039494470774091,
    "top1_acc_non_empty": 0.9970825852782765,
    "base_top1_acc": 0.9570300157977883,
    "hir": 0.3636650868878357
  },
  "num_test_defined": 6330,
  "num_test_used": 6330,
  "class_labels": [
    "fam:Android",
    "fam:Linux",
    "fam:Windows",
    "fam:iOS",
    "fam:macOS"
  ]
}