{
  "level": "family",
  "alpha": 0.075,
  "m_k": 6329,
  "j": 5856,
  "quantile_step": 0.0001579778830963665,
  "q_hat": 0.19918817281723022,
  "metrics": {
    "coverage": 0.9290679304897315,
    "set_size_mean": 0.9503949447077409,
    "set_size_median": 1.0,
    "empty_rate": 0.04960505529225909,
    "singleton_rate": 0.9503949447077409,
    "top1_acc_non_empty": 0.9775598404255319,
    "base_top1_acc": 0.9571879936808847,
    "hir": 0.24233807266982624
  },
  "num_test_defined": 6330,
  "num_test_used": 6330,
  "class_labels": [
    "fam:Android",
    "fam:Linux",
    "fam:Windows",
    "fam:iOS",
    "fam:macOS"
  ]
}