{
  "level": "family",
  "alpha_LoUPCP": 0.15,
  "m_cal": 6329,
  "q_hat_leaf_LoUPCP": 0.7833572030067444,
  "metrics": {
    "coverage": 0.9511848341232227,
    "set_size_mean": 1.0334913112164297,
    "set_size_median": 1.0,
    "empty_rate": 0.01042654028436019,
    "singleton_rate": 0.94565560821485,
    "base_top1_acc": 0.9420221169036335,
    "top1_acc_non_empty": 0.9458812260536399,
    "hir": 0.0
  },
  "num_test_defined": 6330,
  "num_test_used": 6330,
  "class_labels": [
    "fam:Android",
    "fam:Linux",
    "fam:Windows",
    "fam:iOS",
    "fam:macOS"
  ]
}