{
  "level": "family",
  "alpha_B": 0.15,
  "m_cal": 6329,
  "q_hat_leaf_B": 0.7777111530303955,
  "metrics": {
    "coverage": 0.94913112164297,
    "set_size_mean": 1.0296998420221168,
    "set_size_median": 1.0,
    "empty_rate": 0.01406003159557662,
    "singleton_rate": 0.9421800947867298,
    "base_top1_acc": 0.9436018957345972,
    "top1_acc_non_empty": 0.9471238583560326,
    "hir": 0.0
  },
  "num_test_defined": 6330,
  "num_test_used": 6330,
  "class_labels": [
    "fam:Android",
    "fam:Linux",
    "fam:Windows",
    "fam:iOS",
    "fam:macOS"
  ]
}