{
  "level": "family",
  "alpha_LoUPCP": 0.1,
  "m_cal": 6329,
  "q_hat_leaf_LoUPCP": 0.8248931169509888,
  "metrics": {
    "coverage": 0.9593996840442338,
    "set_size_mean": 1.061611374407583,
    "set_size_median": 1.0,
    "empty_rate": 0.0011058451816745656,
    "singleton_rate": 0.9371248025276462,
    "base_top1_acc": 0.940126382306477,
    "top1_acc_non_empty": 0.9411671674837894,
    "hir": 0.0
  },
  "num_test_defined": 6330,
  "num_test_used": 6330,
  "class_labels": [
    "fam:Android",
    "fam:Linux",
    "fam:Windows",
    "fam:iOS",
    "fam:macOS"
  ]
}