{
  "level": "family",
  "alpha": 0.5,
  "m_k": 6329,
  "j": 3165,
  "quantile_step": 0.0001579778830963665,
  "q_hat": 0.00026744604110717773,
  "metrics": {
    "coverage": 0.5006319115323855,
    "set_size_mean": 0.5006319115323855,
    "set_size_median": 1.0,
    "empty_rate": 0.49936808846761455,
    "singleton_rate": 0.5006319115323855,
    "top1_acc_non_empty": 1.0,
    "base_top1_acc": 0.9552922590837283,
    "hir": 0.2750394944707741
  },
  "num_test_defined": 6330,
  "num_test_used": 6330,
  "class_labels": [
    "fam:Android",
    "fam:Linux",
    "fam:Windows",
    "fam:iOS",
    "fam:macOS"
  ]
}