{
  "level": "family",
  "alpha": 0.03,
  "m_k": 6329,
  "j": 6141,
  "quantile_step": 0.0001579778830963665,
  "q_hat": 0.8082032799720764,
  "metrics": {
    "coverage": 0.9755134281200631,
    "set_size_mean": 1.0450236966824644,
    "set_size_median": 1.0,
    "empty_rate": 0.0,
    "singleton_rate": 0.9576619273301737,
    "top1_acc_non_empty": 0.9571879936808847,
    "base_top1_acc": 0.9571879936808847,
    "hir": 0.35118483412322277
  },
  "num_test_defined": 6330,
  "num_test_used": 6330,
  "class_labels": [
    "fam:Android",
    "fam:Linux",
    "fam:Windows",
    "fam:iOS",
    "fam:macOS"
  ]
}