{
  "level": "family",
  "alpha_B": 0.15,
  "m_cal": 6329,
  "q_hat_leaf_B": 0.7830459475517273,
  "metrics": {
    "coverage": 0.9519747235387046,
    "set_size_mean": 1.0364928909952607,
    "set_size_median": 1.0,
    "empty_rate": 0.00900473933649289,
    "singleton_rate": 0.9454976303317536,
    "base_top1_acc": 0.943127962085308,
    "top1_acc_non_empty": 0.9461182847122589,
    "hir": 0.0
  },
  "num_test_defined": 6330,
  "num_test_used": 6330,
  "class_labels": [
    "fam:Android",
    "fam:Linux",
    "fam:Windows",
    "fam:iOS",
    "fam:macOS"
  ]
}