{
  "level": "family",
  "alpha": 0.45,
  "m_k": 6329,
  "j": 3482,
  "quantile_step": 0.0001579778830963665,
  "q_hat": 0.0004856586456298828,
  "metrics": {
    "coverage": 0.5519747235387046,
    "set_size_mean": 0.5521327014218009,
    "set_size_median": 1.0,
    "empty_rate": 0.44786729857819907,
    "singleton_rate": 0.5521327014218009,
    "top1_acc_non_empty": 0.9997138769670959,
    "base_top1_acc": 0.9535545023696682,
    "hir": 0.23712480252764612
  },
  "num_test_defined": 6330,
  "num_test_used": 6330,
  "class_labels": [
    "fam:Android",
    "fam:Linux",
    "fam:Windows",
    "fam:iOS",
    "fam:macOS"
  ]
}