{
  "level": "family",
  "alpha_LoUPCP": 0.02,
  "m_cal": 6329,
  "q_hat_leaf_LoUPCP": 0.9841456413269043,
  "metrics": {
    "coverage": 0.9936808846761453,
    "set_size_mean": 1.3837282780410742,
    "set_size_median": 1.0,
    "empty_rate": 0.0,
    "singleton_rate": 0.7135860979462875,
    "base_top1_acc": 0.9420221169036335,
    "top1_acc_non_empty": 0.9420221169036335,
    "hir": 0.0
  },
  "num_test_defined": 6330,
  "num_test_used": 6330,
  "class_labels": [
    "fam:Android",
    "fam:Linux",
    "fam:Windows",
    "fam:iOS",
    "fam:macOS"
  ]
}