{
  "level": "family",
  "alpha": 0.04,
  "m_k": 6329,
  "j": 6077,
  "quantile_step": 0.0001579778830963665,
  "q_hat": 0.7006793022155762,
  "metrics": {
    "coverage": 0.9677725118483412,
    "set_size_mean": 1.0161137440758294,
    "set_size_median": 1.0,
    "empty_rate": 0.0,
    "singleton_rate": 0.9838862559241706,
    "top1_acc_non_empty": 0.9587677725118483,
    "base_top1_acc": 0.9587677725118483,
    "hir": 0.3296998420221169
  },
  "num_test_defined": 6330,
  "num_test_used": 6330,
  "class_labels": [
    "fam:Android",
    "fam:Linux",
    "fam:Windows",
    "fam:iOS",
    "fam:macOS"
  ]
}