{
  "level": "family",
  "alpha": 0.35,
  "m_k": 6329,
  "j": 4115,
  "quantile_step": 0.0001579778830963665,
  "q_hat": 0.0021758079528808594,
  "metrics": {
    "coverage": 0.6605055292259083,
    "set_size_mean": 0.6617693522906793,
    "set_size_median": 1.0,
    "empty_rate": 0.3382306477093207,
    "singleton_rate": 0.6617693522906793,
    "top1_acc_non_empty": 0.9980902363332538,
    "base_top1_acc": 0.955608214849921,
    "hir": 0.2777251184834123
  },
  "num_test_defined": 6330,
  "num_test_used": 6330,
  "class_labels": [
    "fam:Android",
    "fam:Linux",
    "fam:Windows",
    "fam:iOS",
    "fam:macOS"
  ]
}