{
  "level": "family",
  "alpha_B": 0.1,
  "m_cal": 6329,
  "q_hat_leaf_B": 0.83461993932724,
  "metrics": {
    "coverage": 0.9642969984202212,
    "set_size_mean": 1.0601895734597155,
    "set_size_median": 1.0,
    "empty_rate": 0.0009478672985781991,
    "singleton_rate": 0.9390205371248025,
    "base_top1_acc": 0.944391785150079,
    "top1_acc_non_empty": 0.9449715370018975,
    "hir": 0.0
  },
  "num_test_defined": 6330,
  "num_test_used": 6330,
  "class_labels": [
    "fam:Android",
    "fam:Linux",
    "fam:Windows",
    "fam:iOS",
    "fam:macOS"
  ]
}