{
  "level": "family",
  "alpha": 0.35,
  "m_k": 6329,
  "j": 4115,
  "quantile_step": 0.0001579778830963665,
  "q_hat": 0.0021362900733947754,
  "metrics": {
    "coverage": 0.6571879936808847,
    "set_size_mean": 0.6587677725118484,
    "set_size_median": 1.0,
    "empty_rate": 0.3412322274881517,
    "singleton_rate": 0.6587677725118484,
    "top1_acc_non_empty": 0.9976019184652278,
    "base_top1_acc": 0.9554502369668246,
    "hir": 0.28104265402843603
  },
  "num_test_defined": 6330,
  "num_test_used": 6330,
  "class_labels": [
    "fam:Android",
    "fam:Linux",
    "fam:Windows",
    "fam:iOS",
    "fam:macOS"
  ]
}