{
  "level": "family",
  "alpha_LoUPCP": 0.5,
  "m_cal": 6329,
  "q_hat_leaf_LoUPCP": 0.06930750608444214,
  "metrics": {
    "coverage": 0.506477093206951,
    "set_size_mean": 0.5093206951026856,
    "set_size_median": 1.0,
    "empty_rate": 0.4906793048973144,
    "singleton_rate": 0.5093206951026856,
    "base_top1_acc": 0.9458135860979463,
    "top1_acc_non_empty": 0.9944168734491315,
    "hir": 0.0
  },
  "num_test_defined": 6330,
  "num_test_used": 6330,
  "class_labels": [
    "fam:Android",
    "fam:Linux",
    "fam:Windows",
    "fam:iOS",
    "fam:macOS"
  ]
}