{
  "level": "family",
  "alpha_B": 0.4,
  "m_cal": 6329,
  "q_hat_leaf_B": 0.3383379578590393,
  "metrics": {
    "coverage": 0.6339652448657188,
    "set_size_mean": 0.6437598736176935,
    "set_size_median": 1.0,
    "empty_rate": 0.35624012638230645,
    "singleton_rate": 0.6437598736176935,
    "base_top1_acc": 0.9415481832543444,
    "top1_acc_non_empty": 0.9847852760736197,
    "hir": 0.0
  },
  "num_test_defined": 6330,
  "num_test_used": 6330,
  "class_labels": [
    "fam:Android",
    "fam:Linux",
    "fam:Windows",
    "fam:iOS",
    "fam:macOS"
  ]
}