{
  "level": "family",
  "alpha": 0.3,
  "m_k": 6329,
  "j": 4431,
  "quantile_step": 0.0001579778830963665,
  "q_hat": 0.003670036792755127,
  "metrics": {
    "coverage": 0.6943127962085308,
    "set_size_mean": 0.6968404423380726,
    "set_size_median": 1.0,
    "empty_rate": 0.3031595576619273,
    "singleton_rate": 0.6968404423380726,
    "top1_acc_non_empty": 0.996372704602131,
    "base_top1_acc": 0.9532385466034755,
    "hir": 0.37251184834123224
  },
  "num_test_defined": 6330,
  "num_test_used": 6330,
  "class_labels": [
    "fam:Android",
    "fam:Linux",
    "fam:Windows",
    "fam:iOS",
    "fam:macOS"
  ]
}