{
  "level": "family",
  "alpha_LoUPCP": 0.3,
  "m_cal": 6329,
  "q_hat_leaf_LoUPCP": 0.6118621826171875,
  "metrics": {
    "coverage": 0.7884676145339653,
    "set_size_mean": 0.833175355450237,
    "set_size_median": 1.0,
    "empty_rate": 0.17772511848341233,
    "singleton_rate": 0.8113744075829384,
    "base_top1_acc": 0.9421800947867298,
    "top1_acc_non_empty": 0.9548511047070125,
    "hir": 0.0
  },
  "num_test_defined": 6330,
  "num_test_used": 6330,
  "class_labels": [
    "fam:Android",
    "fam:Linux",
    "fam:Windows",
    "fam:iOS",
    "fam:macOS"
  ]
}