{
  "level": "family",
  "alpha": 0.01,
  "m_k": 6329,
  "j": 6267,
  "quantile_step": 0.0001579778830963665,
  "q_hat": 0.9616721272468567,
  "metrics": {
    "coverage": 0.9938388625592417,
    "set_size_mean": 1.2371248025276462,
    "set_size_median": 1.0,
    "empty_rate": 0.0,
    "singleton_rate": 0.8134281200631912,
    "top1_acc_non_empty": 0.9575039494470774,
    "base_top1_acc": 0.9575039494470774,
    "hir": 0.5375987361769352
  },
  "num_test_defined": 6330,
  "num_test_used": 6330,
  "class_labels": [
    "fam:Android",
    "fam:Linux",
    "fam:Windows",
    "fam:iOS",
    "fam:macOS"
  ]
}