{
  "level": "family",
  "alpha": 0.5,
  "m_k": 6329,
  "j": 3165,
  "quantile_step": 0.0001579778830963665,
  "q_hat": 0.0002575516700744629,
  "metrics": {
    "coverage": 0.4943127962085308,
    "set_size_mean": 0.49462875197472356,
    "set_size_median": 0.0,
    "empty_rate": 0.5053712480252764,
    "singleton_rate": 0.49462875197472356,
    "top1_acc_non_empty": 0.9993612264452252,
    "base_top1_acc": 0.9543443917851501,
    "hir": 0.269826224328594
  },
  "num_test_defined": 6330,
  "num_test_used": 6330,
  "class_labels": [
    "fam:Android",
    "fam:Linux",
    "fam:Windows",
    "fam:iOS",
    "fam:macOS"
  ]
}