{
  "level": "family",
  "alpha": 0.45,
  "m_k": 6329,
  "j": 3482,
  "quantile_step": 0.0001579778830963665,
  "q_hat": 0.0004686117172241211,
  "metrics": {
    "coverage": 0.5484992101105846,
    "set_size_mean": 0.5486571879936809,
    "set_size_median": 1.0,
    "empty_rate": 0.4513428120063191,
    "singleton_rate": 0.5486571879936809,
    "top1_acc_non_empty": 0.9997120644975526,
    "base_top1_acc": 0.9513428120063191,
    "hir": 0.23064770932069512
  },
  "num_test_defined": 6330,
  "num_test_used": 6330,
  "class_labels": [
    "fam:Android",
    "fam:Linux",
    "fam:Windows",
    "fam:iOS",
    "fam:macOS"
  ]
}