{
  "level": "family",
  "alpha": 0.35,
  "m_k": 6329,
  "j": 4115,
  "quantile_step": 0.0001579778830963665,
  "q_hat": 0.002095937728881836,
  "metrics": {
    "coverage": 0.653870458135861,
    "set_size_mean": 0.6557661927330174,
    "set_size_median": 1.0,
    "empty_rate": 0.3442338072669826,
    "singleton_rate": 0.6557661927330174,
    "top1_acc_non_empty": 0.997109130330041,
    "base_top1_acc": 0.9559241706161138,
    "hir": 0.27977883096366507
  },
  "num_test_defined": 6330,
  "num_test_used": 6330,
  "class_labels": [
    "fam:Android",
    "fam:Linux",
    "fam:Windows",
    "fam:iOS",
    "fam:macOS"
  ]
}