{
  "level": "family",
  "alpha": 0.02,
  "m_k": 6329,
  "j": 6204,
  "quantile_step": 0.0001579778830963665,
  "q_hat": 0.8979578018188477,
  "metrics": {
    "coverage": 0.9759873617693523,
    "set_size_mean": 1.0829383886255923,
    "set_size_median": 1.0,
    "empty_rate": 0.0,
    "singleton_rate": 0.9246445497630332,
    "top1_acc_non_empty": 0.9545023696682464,
    "base_top1_acc": 0.9545023696682464,
    "hir": 0.4060031595576619
  },
  "num_test_defined": 6330,
  "num_test_used": 6330,
  "class_labels": [
    "fam:Android",
    "fam:Linux",
    "fam:Windows",
    "fam:iOS",
    "fam:macOS"
  ]
}