{
  "level": "family",
  "alpha_B": 0.15,
  "m_cal": 6329,
  "q_hat_leaf_B": 0.7833132743835449,
  "metrics": {
    "coverage": 0.9529225908372828,
    "set_size_mean": 1.0342812006319115,
    "set_size_median": 1.0,
    "empty_rate": 0.009478672985781991,
    "singleton_rate": 0.9467614533965245,
    "base_top1_acc": 0.9440758293838862,
    "top1_acc_non_empty": 0.948006379585327,
    "hir": 0.0
  },
  "num_test_defined": 6330,
  "num_test_used": 6330,
  "class_labels": [
    "fam:Android",
    "fam:Linux",
    "fam:Windows",
    "fam:iOS",
    "fam:macOS"
  ]
}