{
  "level": "family",
  "alpha_B": 0.15,
  "m_cal": 6329,
  "q_hat_leaf_B": 0.7837523818016052,
  "metrics": {
    "coverage": 0.9557661927330173,
    "set_size_mean": 1.037440758293839,
    "set_size_median": 1.0,
    "empty_rate": 0.008372827804107424,
    "singleton_rate": 0.9458135860979463,
    "base_top1_acc": 0.944391785150079,
    "top1_acc_non_empty": 0.9474271148637884,
    "hir": 0.0
  },
  "num_test_defined": 6330,
  "num_test_used": 6330,
  "class_labels": [
    "fam:Android",
    "fam:Linux",
    "fam:Windows",
    "fam:iOS",
    "fam:macOS"
  ]
}