{
  "level": "family",
  "alpha": 0.45,
  "m_k": 6329,
  "j": 3482,
  "quantile_step": 0.0001579778830963665,
  "q_hat": 0.0004761219024658203,
  "metrics": {
    "coverage": 0.5503949447077409,
    "set_size_mean": 0.5510268562401264,
    "set_size_median": 1.0,
    "empty_rate": 0.4489731437598736,
    "singleton_rate": 0.5510268562401264,
    "top1_acc_non_empty": 0.9988532110091743,
    "base_top1_acc": 0.9576619273301737,
    "hir": 0.22890995260663508
  },
  "num_test_defined": 6330,
  "num_test_used": 6330,
  "class_labels": [
    "fam:Android",
    "fam:Linux",
    "fam:Windows",
    "fam:iOS",
    "fam:macOS"
  ]
}