{
  "level": "family",
  "alpha_SCP": 0.02,
  "tau": 0.9494949494949496,
  "m": 1000,
  "calibration_info": {
    "tau": 0.9494949494949496,
    "coverage": 0.9816716700900616,
    "target_coverage": 0.98,
    "n_cal": 6329
  },
  "metrics": {
    "coverage": 0.9838862559241706,
    "set_size_mean": 2.3213270142180096,
    "set_size_median": 2.0,
    "empty_rate": 0.0,
    "singleton_rate": 0.11090047393364928,
    "base_top1_acc": 0.944391785150079,
    "top1_acc_non_empty": 0.9164296998420222,
    "hir": 0.0
  },
  "num_test_defined": 6330,
  "num_test_used": 6330,
  "class_labels": [
    "fam:Android",
    "fam:Linux",
    "fam:Windows",
    "fam:iOS",
    "fam:macOS"
  ]
}