{
  "level": "family",
  "alpha_LoUPCP": 0.4,
  "m_cal": 6329,
  "q_hat_leaf_LoUPCP": 0.30318254232406616,
  "metrics": {
    "coverage": 0.6181674565560822,
    "set_size_mean": 0.6262243285939968,
    "set_size_median": 1.0,
    "empty_rate": 0.37377567140600315,
    "singleton_rate": 0.6262243285939968,
    "base_top1_acc": 0.9424960505529226,
    "top1_acc_non_empty": 0.9871342078708375,
    "hir": 0.0
  },
  "num_test_defined": 6330,
  "num_test_used": 6330,
  "class_labels": [
    "fam:Android",
    "fam:Linux",
    "fam:Windows",
    "fam:iOS",
    "fam:macOS"
  ]
}