{
  "level": "family",
  "alpha": 0.075,
  "m_k": 6329,
  "j": 5856,
  "quantile_step": 0.0001579778830963665,
  "q_hat": 0.1987159252166748,
  "metrics": {
    "coverage": 0.9282780410742496,
    "set_size_mean": 0.9473933649289099,
    "set_size_median": 1.0,
    "empty_rate": 0.05260663507109005,
    "singleton_rate": 0.9473933649289099,
    "top1_acc_non_empty": 0.9798232449558112,
    "base_top1_acc": 0.9562401263823065,
    "hir": 0.2502369668246445
  },
  "num_test_defined": 6330,
  "num_test_used": 6330,
  "class_labels": [
    "fam:Android",
    "fam:Linux",
    "fam:Windows",
    "fam:iOS",
    "fam:macOS"
  ]
}