{
  "level": "family",
  "alpha_B": 0.1,
  "m_cal": 6329,
  "q_hat_leaf_B": 0.83461993932724,
  "metrics": {
    "coverage": 0.9639810426540284,
    "set_size_mean": 1.0639810426540284,
    "set_size_median": 1.0,
    "empty_rate": 0.0009478672985781991,
    "singleton_rate": 0.9355450236966825,
    "base_top1_acc": 0.9434439178515008,
    "top1_acc_non_empty": 0.9443390259329538,
    "hir": 0.0
  },
  "num_test_defined": 6330,
  "num_test_used": 6330,
  "class_labels": [
    "fam:Android",
    "fam:Linux",
    "fam:Windows",
    "fam:iOS",
    "fam:macOS"
  ]
}