{
  "level": "family",
  "alpha_LoUPCP": 0.15,
  "m_cal": 6329,
  "q_hat_leaf_LoUPCP": 0.7801695466041565,
  "metrics": {
    "coverage": 0.9535545023696682,
    "set_size_mean": 1.0345971563981042,
    "set_size_median": 1.0,
    "empty_rate": 0.009794628751974723,
    "singleton_rate": 0.9458135860979463,
    "base_top1_acc": 0.9429699842022117,
    "top1_acc_non_empty": 0.9470325462667517,
    "hir": 0.0
  },
  "num_test_defined": 6330,
  "num_test_used": 6330,
  "class_labels": [
    "fam:Android",
    "fam:Linux",
    "fam:Windows",
    "fam:iOS",
    "fam:macOS"
  ]
}