{
  "level": "family",
  "alpha_LoUPCP": 0.3,
  "m_cal": 6329,
  "q_hat_leaf_LoUPCP": 0.6218267679214478,
  "metrics": {
    "coverage": 0.7913112164296998,
    "set_size_mean": 0.8369668246445497,
    "set_size_median": 1.0,
    "empty_rate": 0.17535545023696683,
    "singleton_rate": 0.8123222748815165,
    "base_top1_acc": 0.9429699842022117,
    "top1_acc_non_empty": 0.9538314176245211,
    "hir": 0.0
  },
  "num_test_defined": 6330,
  "num_test_used": 6330,
  "class_labels": [
    "fam:Android",
    "fam:Linux",
    "fam:Windows",
    "fam:iOS",
    "fam:macOS"
  ]
}