{
  "level": "family",
  "alpha": 0.5,
  "m_k": 6329,
  "j": 3165,
  "quantile_step": 0.0001579778830963665,
  "q_hat": 0.0002594590187072754,
  "metrics": {
    "coverage": 0.4957345971563981,
    "set_size_mean": 0.49636650868878357,
    "set_size_median": 0.0,
    "empty_rate": 0.5036334913112164,
    "singleton_rate": 0.49636650868878357,
    "top1_acc_non_empty": 0.9987269255251432,
    "base_top1_acc": 0.9543443917851501,
    "hir": 0.27093206951026855
  },
  "num_test_defined": 6330,
  "num_test_used": 6330,
  "class_labels": [
    "fam:Android",
    "fam:Linux",
    "fam:Windows",
    "fam:iOS",
    "fam:macOS"
  ]
}