{
  "level": "family",
  "alpha_LoUPCP": 0.15,
  "m_cal": 6329,
  "q_hat_leaf_LoUPCP": 0.7796874046325684,
  "metrics": {
    "coverage": 0.9492890995260663,
    "set_size_mean": 1.0342812006319115,
    "set_size_median": 1.0,
    "empty_rate": 0.01042654028436019,
    "singleton_rate": 0.9448657187993681,
    "base_top1_acc": 0.9409162717219589,
    "top1_acc_non_empty": 0.9447637292464879,
    "hir": 0.0
  },
  "num_test_defined": 6330,
  "num_test_used": 6330,
  "class_labels": [
    "fam:Android",
    "fam:Linux",
    "fam:Windows",
    "fam:iOS",
    "fam:macOS"
  ]
}