{
  "level": "family",
  "alpha_B": 0.45,
  "m_cal": 6329,
  "q_hat_leaf_B": 0.14983004331588745,
  "metrics": {
    "coverage": 0.546129541864139,
    "set_size_mean": 0.5502369668246445,
    "set_size_median": 1.0,
    "empty_rate": 0.44976303317535543,
    "singleton_rate": 0.5502369668246445,
    "base_top1_acc": 0.9418641390205371,
    "top1_acc_non_empty": 0.9925351708297445,
    "hir": 0.0
  },
  "num_test_defined": 6330,
  "num_test_used": 6330,
  "class_labels": [
    "fam:Android",
    "fam:Linux",
    "fam:Windows",
    "fam:iOS",
    "fam:macOS"
  ]
}