{
  "level": "family",
  "alpha_B": 0.2,
  "m_cal": 6329,
  "q_hat_leaf_B": 0.7703728675842285,
  "metrics": {
    "coverage": 0.944391785150079,
    "set_size_mean": 1.0214849921011058,
    "set_size_median": 1.0,
    "empty_rate": 0.02085308056872038,
    "singleton_rate": 0.9368088467614534,
    "base_top1_acc": 0.9464454976303317,
    "top1_acc_non_empty": 0.9504678928686673,
    "hir": 0.0
  },
  "num_test_defined": 6330,
  "num_test_used": 6330,
  "class_labels": [
    "fam:Android",
    "fam:Linux",
    "fam:Windows",
    "fam:iOS",
    "fam:macOS"
  ]
}