{
  "level": "family",
  "alpha": 0.35,
  "m_k": 6329,
  "j": 4115,
  "quantile_step": 0.0001579778830963665,
  "q_hat": 0.002014636993408203,
  "metrics": {
    "coverage": 0.6489731437598736,
    "set_size_mean": 0.6502369668246446,
    "set_size_median": 1.0,
    "empty_rate": 0.34976303317535545,
    "singleton_rate": 0.6502369668246446,
    "top1_acc_non_empty": 0.9980563654033042,
    "base_top1_acc": 0.953870458135861,
    "hir": 0.285781990521327
  },
  "num_test_defined": 6330,
  "num_test_used": 6330,
  "class_labels": [
    "fam:Android",
    "fam:Linux",
    "fam:Windows",
    "fam:iOS",
    "fam:macOS"
  ]
}