{
  "level": "family",
  "alpha_B": 0.2,
  "m_cal": 6329,
  "q_hat_leaf_B": 0.7630101442337036,
  "metrics": {
    "coverage": 0.9338072669826224,
    "set_size_mean": 1.0140600315955766,
    "set_size_median": 1.0,
    "empty_rate": 0.027172195892575038,
    "singleton_rate": 0.9315955766192733,
    "base_top1_acc": 0.9432859399684044,
    "top1_acc_non_empty": 0.9465735628450795,
    "hir": 0.0
  },
  "num_test_defined": 6330,
  "num_test_used": 6330,
  "class_labels": [
    "fam:Android",
    "fam:Linux",
    "fam:Windows",
    "fam:iOS",
    "fam:macOS"
  ]
}