{
  "level": "family",
  "alpha_B": 0.5,
  "m_cal": 6329,
  "q_hat_leaf_B": 0.07358020544052124,
  "metrics": {
    "coverage": 0.5164296998420221,
    "set_size_mean": 0.5194312796208531,
    "set_size_median": 1.0,
    "empty_rate": 0.48056872037914694,
    "singleton_rate": 0.5194312796208531,
    "base_top1_acc": 0.9428120063191153,
    "top1_acc_non_empty": 0.9942214111922141,
    "hir": 0.0
  },
  "num_test_defined": 6330,
  "num_test_used": 6330,
  "class_labels": [
    "fam:Android",
    "fam:Linux",
    "fam:Windows",
    "fam:iOS",
    "fam:macOS"
  ]
}