{
  "level": "family",
  "alpha": 0.1,
  "m_k": 6329,
  "j": 5697,
  "quantile_step": 0.0001579778830963665,
  "q_hat": 0.12493860721588135,
  "metrics": {
    "coverage": 0.8968404423380727,
    "set_size_mean": 0.9088467614533965,
    "set_size_median": 1.0,
    "empty_rate": 0.09115323854660348,
    "singleton_rate": 0.9088467614533965,
    "top1_acc_non_empty": 0.9867895011298453,
    "base_top1_acc": 0.9571879936808847,
    "hir": 0.2377567140600316
  },
  "num_test_defined": 6330,
  "num_test_used": 6330,
  "class_labels": [
    "fam:Android",
    "fam:Linux",
    "fam:Windows",
    "fam:iOS",
    "fam:macOS"
  ]
}