{
  "level": "family",
  "alpha_B": 0.25,
  "m_cal": 6329,
  "q_hat_leaf_B": 0.7097784280776978,
  "metrics": {
    "coverage": 0.8890995260663507,
    "set_size_mean": 0.9562401263823065,
    "set_size_median": 1.0,
    "empty_rate": 0.07488151658767772,
    "singleton_rate": 0.8939968404423381,
    "base_top1_acc": 0.9466034755134282,
    "top1_acc_non_empty": 0.9511612021857924,
    "hir": 0.0
  },
  "num_test_defined": 6330,
  "num_test_used": 6330,
  "class_labels": [
    "fam:Android",
    "fam:Linux",
    "fam:Windows",
    "fam:iOS",
    "fam:macOS"
  ]
}