{
  "level": "family",
  "alpha": 0.35,
  "m_k": 6329,
  "j": 4115,
  "quantile_step": 0.0001579778830963665,
  "q_hat": 0.0020978450775146484,
  "metrics": {
    "coverage": 0.6541864139020537,
    "set_size_mean": 0.655608214849921,
    "set_size_median": 1.0,
    "empty_rate": 0.344391785150079,
    "singleton_rate": 0.655608214849921,
    "top1_acc_non_empty": 0.9978313253012048,
    "base_top1_acc": 0.9582938388625593,
    "hir": 0.29684044233807266
  },
  "num_test_defined": 6330,
  "num_test_used": 6330,
  "class_labels": [
    "fam:Android",
    "fam:Linux",
    "fam:Windows",
    "fam:iOS",
    "fam:macOS"
  ]
}