{
  "level": "family",
  "alpha": 0.45,
  "m_k": 6329,
  "j": 3482,
  "quantile_step": 0.0001579778830963665,
  "q_hat": 0.0004914999008178711,
  "metrics": {
    "coverage": 0.5545023696682464,
    "set_size_mean": 0.5549763033175356,
    "set_size_median": 1.0,
    "empty_rate": 0.44502369668246444,
    "singleton_rate": 0.5549763033175356,
    "top1_acc_non_empty": 0.9991460290350128,
    "base_top1_acc": 0.9592417061611375,
    "hir": 0.2259083728278041
  },
  "num_test_defined": 6330,
  "num_test_used": 6330,
  "class_labels": [
    "fam:Android",
    "fam:Linux",
    "fam:Windows",
    "fam:iOS",
    "fam:macOS"
  ]
}