{
  "level": "family",
  "alpha": 0.1,
  "m_k": 6329,
  "j": 5697,
  "quantile_step": 0.0001579778830963665,
  "q_hat": 0.12493860721588135,
  "metrics": {
    "coverage": 0.8971563981042654,
    "set_size_mean": 0.9116903633491311,
    "set_size_median": 1.0,
    "empty_rate": 0.08830963665086888,
    "singleton_rate": 0.9116903633491311,
    "top1_acc_non_empty": 0.9840582221452088,
    "base_top1_acc": 0.9543443917851501,
    "hir": 0.23554502369668245
  },
  "num_test_defined": 6330,
  "num_test_used": 6330,
  "class_labels": [
    "fam:Android",
    "fam:Linux",
    "fam:Windows",
    "fam:iOS",
    "fam:macOS"
  ]
}