{
  "level": "family",
  "alpha_LoUPCP": 0.01,
  "m_cal": 6329,
  "q_hat_leaf_LoUPCP": 0.9951963424682617,
  "metrics": {
    "coverage": 0.9968404423380727,
    "set_size_mean": 1.6308056872037915,
    "set_size_median": 1.0,
    "empty_rate": 0.0,
    "singleton_rate": 0.5642969984202212,
    "base_top1_acc": 0.9475513428120064,
    "top1_acc_non_empty": 0.9475513428120064,
    "hir": 0.0
  },
  "num_test_defined": 6330,
  "num_test_used": 6330,
  "class_labels": [
    "fam:Android",
    "fam:Linux",
    "fam:Windows",
    "fam:iOS",
    "fam:macOS"
  ]
}