{
  "level": "family",
  "alpha": 0.4,
  "m_k": 6329,
  "j": 3798,
  "quantile_step": 0.0001579778830963665,
  "q_hat": 0.0010524392127990723,
  "metrics": {
    "coverage": 0.6097946287519748,
    "set_size_mean": 0.610742496050553,
    "set_size_median": 1.0,
    "empty_rate": 0.3892575039494471,
    "singleton_rate": 0.610742496050553,
    "top1_acc_non_empty": 0.9984480082772892,
    "base_top1_acc": 0.9571879936808847,
    "hir": 0.24233807266982624
  },
  "num_test_defined": 6330,
  "num_test_used": 6330,
  "class_labels": [
    "fam:Android",
    "fam:Linux",
    "fam:Windows",
    "fam:iOS",
    "fam:macOS"
  ]
}