{
  "level": "family",
  "alpha_LoUPCP": 0.15,
  "m_cal": 6329,
  "q_hat_leaf_LoUPCP": 0.7779057025909424,
  "metrics": {
    "coverage": 0.9473933649289099,
    "set_size_mean": 1.0290679304897314,
    "set_size_median": 1.0,
    "empty_rate": 0.01406003159557662,
    "singleton_rate": 0.9428120063191153,
    "base_top1_acc": 0.9415481832543444,
    "top1_acc_non_empty": 0.9453613203012338,
    "hir": 0.0
  },
  "num_test_defined": 6330,
  "num_test_used": 6330,
  "class_labels": [
    "fam:Android",
    "fam:Linux",
    "fam:Windows",
    "fam:iOS",
    "fam:macOS"
  ]
}