{
  "level": "family",
  "alpha": 0.35,
  "m_k": 6329,
  "j": 4115,
  "quantile_step": 0.0001579778830963665,
  "q_hat": 0.001949906349182129,
  "metrics": {
    "coverage": 0.644391785150079,
    "set_size_mean": 0.6451816745655609,
    "set_size_median": 1.0,
    "empty_rate": 0.3548183254344392,
    "singleton_rate": 0.6451816745655609,
    "top1_acc_non_empty": 0.9987757100881489,
    "base_top1_acc": 0.9546603475513428,
    "hir": 0.2843601895734597
  },
  "num_test_defined": 6330,
  "num_test_used": 6330,
  "class_labels": [
    "fam:Android",
    "fam:Linux",
    "fam:Windows",
    "fam:iOS",
    "fam:macOS"
  ]
}