{
  "level": "family",
  "alpha": 0.4,
  "m_k": 6329,
  "j": 3798,
  "quantile_step": 0.0001579778830963665,
  "q_hat": 0.0010090470314025879,
  "metrics": {
    "coverage": 0.6066350710900474,
    "set_size_mean": 0.6072669826224328,
    "set_size_median": 1.0,
    "empty_rate": 0.39273301737756716,
    "singleton_rate": 0.6072669826224328,
    "top1_acc_non_empty": 0.9989594172736732,
    "base_top1_acc": 0.9545023696682464,
    "hir": 0.23807266982622433
  },
  "num_test_defined": 6330,
  "num_test_used": 6330,
  "class_labels": [
    "fam:Android",
    "fam:Linux",
    "fam:Windows",
    "fam:iOS",
    "fam:macOS"
  ]
}