{
  "level": "family",
  "alpha_B": 0.2,
  "m_cal": 6329,
  "q_hat_leaf_B": 0.7675364017486572,
  "metrics": {
    "coverage": 0.9410742496050553,
    "set_size_mean": 1.020221169036335,
    "set_size_median": 1.0,
    "empty_rate": 0.02132701421800948,
    "singleton_rate": 0.9371248025276462,
    "base_top1_acc": 0.9429699842022117,
    "top1_acc_non_empty": 0.9464083938660209,
    "hir": 0.0
  },
  "num_test_defined": 6330,
  "num_test_used": 6330,
  "class_labels": [
    "fam:Android",
    "fam:Linux",
    "fam:Windows",
    "fam:iOS",
    "fam:macOS"
  ]
}