{
  "level": "family",
  "alpha_LoUPCP": 0.02,
  "m_cal": 6329,
  "q_hat_leaf_LoUPCP": 0.9846506714820862,
  "metrics": {
    "coverage": 0.9938388625592417,
    "set_size_mean": 1.3815165876777251,
    "set_size_median": 1.0,
    "empty_rate": 0.0,
    "singleton_rate": 0.7161137440758294,
    "base_top1_acc": 0.9448657187993681,
    "top1_acc_non_empty": 0.9448657187993681,
    "hir": 0.0
  },
  "num_test_defined": 6330,
  "num_test_used": 6330,
  "class_labels": [
    "fam:Android",
    "fam:Linux",
    "fam:Windows",
    "fam:iOS",
    "fam:macOS"
  ]
}