{
  "level": "family",
  "alpha_LoUPCP": 0.5,
  "m_cal": 6329,
  "q_hat_leaf_LoUPCP": 0.0675806999206543,
  "metrics": {
    "coverage": 0.5014218009478673,
    "set_size_mean": 0.5042654028436019,
    "set_size_median": 1.0,
    "empty_rate": 0.4957345971563981,
    "singleton_rate": 0.5042654028436019,
    "base_top1_acc": 0.9440758293838862,
    "top1_acc_non_empty": 0.9943609022556391,
    "hir": 0.0
  },
  "num_test_defined": 6330,
  "num_test_used": 6330,
  "class_labels": [
    "fam:Android",
    "fam:Linux",
    "fam:Windows",
    "fam:iOS",
    "fam:macOS"
  ]
}