{
  "level": "family",
  "alpha": 0.04,
  "m_k": 6329,
  "j": 6077,
  "quantile_step": 0.0001579778830963665,
  "q_hat": 0.628497302532196,
  "metrics": {
    "coverage": 0.9597156398104265,
    "set_size_mean": 1.0075829383886257,
    "set_size_median": 1.0,
    "empty_rate": 0.000315955766192733,
    "singleton_rate": 0.9917851500789889,
    "top1_acc_non_empty": 0.9562262958280657,
    "base_top1_acc": 0.9560821484992101,
    "hir": 0.3292259083728278
  },
  "num_test_defined": 6330,
  "num_test_used": 6330,
  "class_labels": [
    "fam:Android",
    "fam:Linux",
    "fam:Windows",
    "fam:iOS",
    "fam:macOS"
  ]
}