{
  "level": "family",
  "alpha_LoUPCP": 0.25,
  "m_cal": 6329,
  "q_hat_leaf_LoUPCP": 0.693274974822998,
  "metrics": {
    "coverage": 0.865086887835703,
    "set_size_mean": 0.933649289099526,
    "set_size_median": 1.0,
    "empty_rate": 0.09557661927330174,
    "singleton_rate": 0.8751974723538705,
    "base_top1_acc": 0.9409162717219589,
    "top1_acc_non_empty": 0.9458515283842794,
    "hir": 0.0
  },
  "num_test_defined": 6330,
  "num_test_used": 6330,
  "class_labels": [
    "fam:Android",
    "fam:Linux",
    "fam:Windows",
    "fam:iOS",
    "fam:macOS"
  ]
}