{
  "level": "family",
  "alpha": 0.01,
  "m_k": 6329,
  "j": 6267,
  "quantile_step": 0.0001579778830963665,
  "q_hat": 0.9524999260902405,
  "metrics": {
    "coverage": 0.9902053712480253,
    "set_size_mean": 1.2285939968404422,
    "set_size_median": 1.0,
    "empty_rate": 0.0,
    "singleton_rate": 0.8178515007898894,
    "top1_acc_non_empty": 0.9513428120063191,
    "base_top1_acc": 0.9513428120063191,
    "hir": 0.5127962085308057
  },
  "num_test_defined": 6330,
  "num_test_used": 6330,
  "class_labels": [
    "fam:Android",
    "fam:Linux",
    "fam:Windows",
    "fam:iOS",
    "fam:macOS"
  ]
}