{
  "level": "family",
  "alpha_LoUPCP": 0.15,
  "m_cal": 6329,
  "q_hat_leaf_LoUPCP": 0.781990110874176,
  "metrics": {
    "coverage": 0.9537124802527646,
    "set_size_mean": 1.0327014218009478,
    "set_size_median": 1.0,
    "empty_rate": 0.010584518167456557,
    "singleton_rate": 0.946129541864139,
    "base_top1_acc": 0.9442338072669826,
    "top1_acc_non_empty": 0.9479482676033849,
    "hir": 0.0
  },
  "num_test_defined": 6330,
  "num_test_used": 6330,
  "class_labels": [
    "fam:Android",
    "fam:Linux",
    "fam:Windows",
    "fam:iOS",
    "fam:macOS"
  ]
}