{
  "level": "family",
  "alpha_B": 0.5,
  "m_cal": 6329,
  "q_hat_leaf_B": 0.06260436773300171,
  "metrics": {
    "coverage": 0.49447077409162715,
    "set_size_mean": 0.49715639810426543,
    "set_size_median": 0.0,
    "empty_rate": 0.5028436018957346,
    "singleton_rate": 0.49715639810426543,
    "base_top1_acc": 0.9429699842022117,
    "top1_acc_non_empty": 0.9945980298697172,
    "hir": 0.0
  },
  "num_test_defined": 6330,
  "num_test_used": 6330,
  "class_labels": [
    "fam:Android",
    "fam:Linux",
    "fam:Windows",
    "fam:iOS",
    "fam:macOS"
  ]
}