{
  "level": "family",
  "alpha_LoUPCP": 0.35,
  "m_cal": 6329,
  "q_hat_leaf_LoUPCP": 0.48179131746292114,
  "metrics": {
    "coverage": 0.7056872037914692,
    "set_size_mean": 0.7278041074249605,
    "set_size_median": 1.0,
    "empty_rate": 0.2721958925750395,
    "singleton_rate": 0.7278041074249605,
    "base_top1_acc": 0.943127962085308,
    "top1_acc_non_empty": 0.9696114608204905,
    "hir": 0.0
  },
  "num_test_defined": 6330,
  "num_test_used": 6330,
  "class_labels": [
    "fam:Android",
    "fam:Linux",
    "fam:Windows",
    "fam:iOS",
    "fam:macOS"
  ]
}