{
  "level": "family",
  "alpha": 0.1,
  "m_k": 6329,
  "j": 5697,
  "quantile_step": 0.0001579778830963665,
  "q_hat": 0.11233663558959961,
  "metrics": {
    "coverage": 0.8897314375987362,
    "set_size_mean": 0.9050552922590838,
    "set_size_median": 1.0,
    "empty_rate": 0.09494470774091628,
    "singleton_rate": 0.9050552922590838,
    "top1_acc_non_empty": 0.983068598359225,
    "base_top1_acc": 0.9519747235387046,
    "hir": 0.23617693522906794
  },
  "num_test_defined": 6330,
  "num_test_used": 6330,
  "class_labels": [
    "fam:Android",
    "fam:Linux",
    "fam:Windows",
    "fam:iOS",
    "fam:macOS"
  ]
}