{
  "level": "family",
  "alpha_LoUPCP": 0.3,
  "m_cal": 6329,
  "q_hat_leaf_LoUPCP": 0.616635799407959,
  "metrics": {
    "coverage": 0.7914691943127962,
    "set_size_mean": 0.8350710900473933,
    "set_size_median": 1.0,
    "empty_rate": 0.1769352290679305,
    "singleton_rate": 0.8110584518167456,
    "base_top1_acc": 0.9447077409162717,
    "top1_acc_non_empty": 0.9560460652591171,
    "hir": 0.0
  },
  "num_test_defined": 6330,
  "num_test_used": 6330,
  "class_labels": [
    "fam:Android",
    "fam:Linux",
    "fam:Windows",
    "fam:iOS",
    "fam:macOS"
  ]
}