{
  "level": "family",
  "alpha": 0.5,
  "m_k": 6329,
  "j": 3165,
  "quantile_step": 0.0001579778830963665,
  "q_hat": 0.00030028820037841797,
  "metrics": {
    "coverage": 0.517219589257504,
    "set_size_mean": 0.5175355450236967,
    "set_size_median": 1.0,
    "empty_rate": 0.4824644549763033,
    "singleton_rate": 0.5175355450236967,
    "top1_acc_non_empty": 0.9993894993894994,
    "base_top1_acc": 0.9559241706161138,
    "hir": 0.27567140600315954
  },
  "num_test_defined": 6330,
  "num_test_used": 6330,
  "class_labels": [
    "fam:Android",
    "fam:Linux",
    "fam:Windows",
    "fam:iOS",
    "fam:macOS"
  ]
}