{
  "level": "family",
  "alpha": 0.4,
  "m_k": 6329,
  "j": 3798,
  "quantile_step": 0.0001579778830963665,
  "q_hat": 0.001047968864440918,
  "metrics": {
    "coverage": 0.609478672985782,
    "set_size_mean": 0.6099526066350711,
    "set_size_median": 1.0,
    "empty_rate": 0.3900473933649289,
    "singleton_rate": 0.6099526066350711,
    "top1_acc_non_empty": 0.9992229992229992,
    "base_top1_acc": 0.955608214849921,
    "hir": 0.24202211690363348
  },
  "num_test_defined": 6330,
  "num_test_used": 6330,
  "class_labels": [
    "fam:Android",
    "fam:Linux",
    "fam:Windows",
    "fam:iOS",
    "fam:macOS"
  ]
}