{
  "level": "family",
  "alpha_LoUPCP": 0.05,
  "m_cal": 6329,
  "q_hat_leaf_LoUPCP": 0.9355922937393188,
  "metrics": {
    "coverage": 0.976303317535545,
    "set_size_mean": 1.1641390205371247,
    "set_size_median": 1.0,
    "empty_rate": 0.0,
    "singleton_rate": 0.8605055292259084,
    "base_top1_acc": 0.9415481832543444,
    "top1_acc_non_empty": 0.9415481832543444,
    "hir": 0.0
  },
  "num_test_defined": 6330,
  "num_test_used": 6330,
  "class_labels": [
    "fam:Android",
    "fam:Linux",
    "fam:Windows",
    "fam:iOS",
    "fam:macOS"
  ]
}