{
  "level": "family",
  "alpha_B": 0.3,
  "m_cal": 6329,
  "q_hat_leaf_B": 0.6151853203773499,
  "metrics": {
    "coverage": 0.7928909952606635,
    "set_size_mean": 0.8371248025276461,
    "set_size_median": 1.0,
    "empty_rate": 0.1769352290679305,
    "singleton_rate": 0.8090047393364929,
    "base_top1_acc": 0.9442338072669826,
    "top1_acc_non_empty": 0.9566218809980807,
    "hir": 0.0
  },
  "num_test_defined": 6330,
  "num_test_used": 6330,
  "class_labels": [
    "fam:Android",
    "fam:Linux",
    "fam:Windows",
    "fam:iOS",
    "fam:macOS"
  ]
}