{
  "level": "family",
  "alpha": 0.3,
  "m_k": 6329,
  "j": 4431,
  "quantile_step": 0.0001579778830963665,
  "q_hat": 0.0035367608070373535,
  "metrics": {
    "coverage": 0.6889415481832544,
    "set_size_mean": 0.690521327014218,
    "set_size_median": 1.0,
    "empty_rate": 0.30947867298578197,
    "singleton_rate": 0.690521327014218,
    "top1_acc_non_empty": 0.9977121940059483,
    "base_top1_acc": 0.9537124802527646,
    "hir": 0.36666666666666664
  },
  "num_test_defined": 6330,
  "num_test_used": 6330,
  "class_labels": [
    "fam:Android",
    "fam:Linux",
    "fam:Windows",
    "fam:iOS",
    "fam:macOS"
  ]
}