{
  "level": "family",
  "alpha": 0.4,
  "m_k": 6329,
  "j": 3798,
  "quantile_step": 0.0001579778830963665,
  "q_hat": 0.0009210109710693359,
  "metrics": {
    "coverage": 0.5951026856240126,
    "set_size_mean": 0.5954186413902054,
    "set_size_median": 1.0,
    "empty_rate": 0.4045813586097946,
    "singleton_rate": 0.5954186413902054,
    "top1_acc_non_empty": 0.9994693552666489,
    "base_top1_acc": 0.9540284360189574,
    "hir": 0.2401263823064771
  },
  "num_test_defined": 6330,
  "num_test_used": 6330,
  "class_labels": [
    "fam:Android",
    "fam:Linux",
    "fam:Windows",
    "fam:iOS",
    "fam:macOS"
  ]
}