{
  "level": "family",
  "alpha_B": 0.45,
  "m_cal": 6329,
  "q_hat_leaf_B": 0.15404504537582397,
  "metrics": {
    "coverage": 0.5503949447077409,
    "set_size_mean": 0.5540284360189573,
    "set_size_median": 1.0,
    "empty_rate": 0.44597156398104265,
    "singleton_rate": 0.5540284360189573,
    "base_top1_acc": 0.942654028436019,
    "top1_acc_non_empty": 0.9934416880524665,
    "hir": 0.0
  },
  "num_test_defined": 6330,
  "num_test_used": 6330,
  "class_labels": [
    "fam:Android",
    "fam:Linux",
    "fam:Windows",
    "fam:iOS",
    "fam:macOS"
  ]
}