{
  "level": "family",
  "alpha": 0.4,
  "m_k": 6329,
  "j": 3798,
  "quantile_step": 0.0001579778830963665,
  "q_hat": 0.0009223222732543945,
  "metrics": {
    "coverage": 0.5957345971563981,
    "set_size_mean": 0.5968404423380727,
    "set_size_median": 1.0,
    "empty_rate": 0.40315955766192735,
    "singleton_rate": 0.5968404423380727,
    "top1_acc_non_empty": 0.998147167813658,
    "base_top1_acc": 0.9551342812006319,
    "hir": 0.23917851500789888
  },
  "num_test_defined": 6330,
  "num_test_used": 6330,
  "class_labels": [
    "fam:Android",
    "fam:Linux",
    "fam:Windows",
    "fam:iOS",
    "fam:macOS"
  ]
}