{
  "level": "family",
  "alpha": 0.35,
  "m_k": 6329,
  "j": 4115,
  "quantile_step": 0.0001579778830963665,
  "q_hat": 0.0019801855087280273,
  "metrics": {
    "coverage": 0.6480252764612954,
    "set_size_mean": 0.6496050552922591,
    "set_size_median": 1.0,
    "empty_rate": 0.3503949447077409,
    "singleton_rate": 0.6496050552922591,
    "top1_acc_non_empty": 0.997568093385214,
    "base_top1_acc": 0.9533965244865719,
    "hir": 0.2853080568720379
  },
  "num_test_defined": 6330,
  "num_test_used": 6330,
  "class_labels": [
    "fam:Android",
    "fam:Linux",
    "fam:Windows",
    "fam:iOS",
    "fam:macOS"
  ]
}