{
  "level": "family",
  "alpha": 0.04,
  "m_k": 6329,
  "j": 6077,
  "quantile_step": 0.0001579778830963665,
  "q_hat": 0.6447532176971436,
  "metrics": {
    "coverage": 0.9612954186413902,
    "set_size_mean": 1.0097946287519748,
    "set_size_median": 1.0,
    "empty_rate": 0.0001579778830963665,
    "singleton_rate": 0.9898894154818325,
    "top1_acc_non_empty": 0.9562332121978195,
    "base_top1_acc": 0.9560821484992101,
    "hir": 0.3380726698262243
  },
  "num_test_defined": 6330,
  "num_test_used": 6330,
  "class_labels": [
    "fam:Android",
    "fam:Linux",
    "fam:Windows",
    "fam:iOS",
    "fam:macOS"
  ]
}