{
  "level": "family",
  "alpha": 0.05,
  "m_k": 6329,
  "j": 6014,
  "quantile_step": 0.0001579778830963665,
  "q_hat": 0.3391872048377991,
  "metrics": {
    "coverage": 0.9423380726698263,
    "set_size_mean": 0.9764612954186414,
    "set_size_median": 1.0,
    "empty_rate": 0.02353870458135861,
    "singleton_rate": 0.9764612954186414,
    "top1_acc_non_empty": 0.9650541983497816,
    "base_top1_acc": 0.9529225908372828,
    "hir": 0.31153238546603473
  },
  "num_test_defined": 6330,
  "num_test_used": 6330,
  "class_labels": [
    "fam:Android",
    "fam:Linux",
    "fam:Windows",
    "fam:iOS",
    "fam:macOS"
  ]
}