{
  "level": "family",
  "alpha": 0.04,
  "m_k": 6329,
  "j": 6077,
  "quantile_step": 0.0001579778830963665,
  "q_hat": 0.7103688716888428,
  "metrics": {
    "coverage": 0.969352290679305,
    "set_size_mean": 1.0194312796208531,
    "set_size_median": 1.0,
    "empty_rate": 0.0,
    "singleton_rate": 0.9807266982622432,
    "top1_acc_non_empty": 0.958609794628752,
    "base_top1_acc": 0.958609794628752,
    "hir": 0.3289099526066351
  },
  "num_test_defined": 6330,
  "num_test_used": 6330,
  "class_labels": [
    "fam:Android",
    "fam:Linux",
    "fam:Windows",
    "fam:iOS",
    "fam:macOS"
  ]
}