{
  "level": "family",
  "alpha": 0.45,
  "m_k": 6329,
  "j": 3482,
  "quantile_step": 0.0001579778830963665,
  "q_hat": 0.00044995546340942383,
  "metrics": {
    "coverage": 0.5450236966824644,
    "set_size_mean": 0.5453396524486572,
    "set_size_median": 1.0,
    "empty_rate": 0.4546603475513428,
    "singleton_rate": 0.5453396524486572,
    "top1_acc_non_empty": 0.9994206257242179,
    "base_top1_acc": 0.9546603475513428,
    "hir": 0.234913112164297
  },
  "num_test_defined": 6330,
  "num_test_used": 6330,
  "class_labels": [
    "fam:Android",
    "fam:Linux",
    "fam:Windows",
    "fam:iOS",
    "fam:macOS"
  ]
}