{
  "level": "family",
  "alpha_LoUPCP": 0.01,
  "m_cal": 6329,
  "q_hat_leaf_LoUPCP": 0.9950135350227356,
  "metrics": {
    "coverage": 0.99652448657188,
    "set_size_mean": 1.628909952606635,
    "set_size_median": 1.0,
    "empty_rate": 0.0,
    "singleton_rate": 0.563823064770932,
    "base_top1_acc": 0.9470774091627172,
    "top1_acc_non_empty": 0.9470774091627172,
    "hir": 0.0
  },
  "num_test_defined": 6330,
  "num_test_used": 6330,
  "class_labels": [
    "fam:Android",
    "fam:Linux",
    "fam:Windows",
    "fam:iOS",
    "fam:macOS"
  ]
}