{
  "level": "family",
  "alpha_B": 0.2,
  "m_cal": 6329,
  "q_hat_leaf_B": 0.7658445835113525,
  "metrics": {
    "coverage": 0.9333333333333333,
    "set_size_mean": 1.0161137440758294,
    "set_size_median": 1.0,
    "empty_rate": 0.024644549763033177,
    "singleton_rate": 0.9345971563981043,
    "base_top1_acc": 0.9393364928909953,
    "top1_acc_non_empty": 0.94185293164885,
    "hir": 0.0
  },
  "num_test_defined": 6330,
  "num_test_used": 6330,
  "class_labels": [
    "fam:Android",
    "fam:Linux",
    "fam:Windows",
    "fam:iOS",
    "fam:macOS"
  ]
}