{
  "level": "family",
  "alpha": 0.35,
  "m_k": 6329,
  "j": 4115,
  "quantile_step": 0.0001579778830963665,
  "q_hat": 0.0020844340324401855,
  "metrics": {
    "coverage": 0.6535545023696683,
    "set_size_mean": 0.655608214849921,
    "set_size_median": 1.0,
    "empty_rate": 0.344391785150079,
    "singleton_rate": 0.655608214849921,
    "top1_acc_non_empty": 0.996867469879518,
    "base_top1_acc": 0.9537124802527646,
    "hir": 0.2821484992101106
  },
  "num_test_defined": 6330,
  "num_test_used": 6330,
  "class_labels": [
    "fam:Android",
    "fam:Linux",
    "fam:Windows",
    "fam:iOS",
    "fam:macOS"
  ]
}