{
  "level": "family",
  "alpha": 0.03,
  "m_k": 6329,
  "j": 6141,
  "quantile_step": 0.0001579778830963665,
  "q_hat": 0.7784948348999023,
  "metrics": {
    "coverage": 0.9677725118483412,
    "set_size_mean": 1.0330173775671405,
    "set_size_median": 1.0,
    "empty_rate": 0.0,
    "singleton_rate": 0.9672985781990522,
    "top1_acc_non_empty": 0.9543443917851501,
    "base_top1_acc": 0.9543443917851501,
    "hir": 0.35371248025276464
  },
  "num_test_defined": 6330,
  "num_test_used": 6330,
  "class_labels": [
    "fam:Android",
    "fam:Linux",
    "fam:Windows",
    "fam:iOS",
    "fam:macOS"
  ]
}