{
  "level": "family",
  "alpha": 0.15,
  "m_k": 6329,
  "j": 5381,
  "quantile_step": 0.0001579778830963665,
  "q_hat": 0.08224159479141235,
  "metrics": {
    "coverage": 0.8484992101105845,
    "set_size_mean": 0.8575039494470774,
    "set_size_median": 1.0,
    "empty_rate": 0.14249605055292258,
    "singleton_rate": 0.8575039494470774,
    "top1_acc_non_empty": 0.9894988946204863,
    "base_top1_acc": 0.9565560821484992,
    "hir": 0.284044233807267
  },
  "num_test_defined": 6330,
  "num_test_used": 6330,
  "class_labels": [
    "fam:Android",
    "fam:Linux",
    "fam:Windows",
    "fam:iOS",
    "fam:macOS"
  ]
}