{
  "level": "family",
  "alpha_LoUPCP": 0.3,
  "m_cal": 6329,
  "q_hat_leaf_LoUPCP": 0.6121746301651001,
  "metrics": {
    "coverage": 0.7846761453396525,
    "set_size_mean": 0.8306477093206951,
    "set_size_median": 1.0,
    "empty_rate": 0.18041074249605055,
    "singleton_rate": 0.8085308056872038,
    "base_top1_acc": 0.9409162717219589,
    "top1_acc_non_empty": 0.9531611410948342,
    "hir": 0.0
  },
  "num_test_defined": 6330,
  "num_test_used": 6330,
  "class_labels": [
    "fam:Android",
    "fam:Linux",
    "fam:Windows",
    "fam:iOS",
    "fam:macOS"
  ]
}