{
  "level": "family",
  "alpha": 0.03,
  "m_k": 6329,
  "j": 6141,
  "quantile_step": 0.0001579778830963665,
  "q_hat": 0.7870641946792603,
  "metrics": {
    "coverage": 0.9695102685624013,
    "set_size_mean": 1.0330173775671405,
    "set_size_median": 1.0,
    "empty_rate": 0.0,
    "singleton_rate": 0.9685624012638231,
    "top1_acc_non_empty": 0.9546603475513428,
    "base_top1_acc": 0.9546603475513428,
    "hir": 0.35639810426540286
  },
  "num_test_defined": 6330,
  "num_test_used": 6330,
  "class_labels": [
    "fam:Android",
    "fam:Linux",
    "fam:Windows",
    "fam:iOS",
    "fam:macOS"
  ]
}