{
  "level": "family",
  "alpha_LoUPCP": 0.45,
  "m_cal": 6329,
  "q_hat_leaf_LoUPCP": 0.14810115098953247,
  "metrics": {
    "coverage": 0.5447077409162717,
    "set_size_mean": 0.5481832543443917,
    "set_size_median": 1.0,
    "empty_rate": 0.4518167456556082,
    "singleton_rate": 0.5481832543443917,
    "base_top1_acc": 0.9436018957345972,
    "top1_acc_non_empty": 0.9936599423631124,
    "hir": 0.0
  },
  "num_test_defined": 6330,
  "num_test_used": 6330,
  "class_labels": [
    "fam:Android",
    "fam:Linux",
    "fam:Windows",
    "fam:iOS",
    "fam:macOS"
  ]
}