{
  "level": "family",
  "alpha_B": 0.2,
  "m_cal": 6329,
  "q_hat_leaf_B": 0.7700327038764954,
  "metrics": {
    "coverage": 0.9434439178515008,
    "set_size_mean": 1.023222748815166,
    "set_size_median": 1.0,
    "empty_rate": 0.018325434439178515,
    "singleton_rate": 0.940126382306477,
    "base_top1_acc": 0.9434439178515008,
    "top1_acc_non_empty": 0.9467331831348568,
    "hir": 0.0
  },
  "num_test_defined": 6330,
  "num_test_used": 6330,
  "class_labels": [
    "fam:Android",
    "fam:Linux",
    "fam:Windows",
    "fam:iOS",
    "fam:macOS"
  ]
}