{
  "level": "family",
  "alpha_B": 0.02,
  "m_cal": 6329,
  "q_hat_leaf_B": 0.9863796234130859,
  "metrics": {
    "coverage": 0.9936808846761453,
    "set_size_mean": 1.4028436018957346,
    "set_size_median": 1.0,
    "empty_rate": 0.0,
    "singleton_rate": 0.7023696682464455,
    "base_top1_acc": 0.9428120063191153,
    "top1_acc_non_empty": 0.9428120063191153,
    "hir": 0.0
  },
  "num_test_defined": 6330,
  "num_test_used": 6330,
  "class_labels": [
    "fam:Android",
    "fam:Linux",
    "fam:Windows",
    "fam:iOS",
    "fam:macOS"
  ]
}