{
  "level": "family",
  "alpha": 0.05,
  "m_k": 6329,
  "j": 6014,
  "quantile_step": 0.0001579778830963665,
  "q_hat": 0.43087655305862427,
  "metrics": {
    "coverage": 0.953870458135861,
    "set_size_mean": 0.9903633491311217,
    "set_size_median": 1.0,
    "empty_rate": 0.009636650868878356,
    "singleton_rate": 0.9903633491311217,
    "top1_acc_non_empty": 0.9631520178656883,
    "base_top1_acc": 0.9571879936808847,
    "hir": 0.3276461295418641
  },
  "num_test_defined": 6330,
  "num_test_used": 6330,
  "class_labels": [
    "fam:Android",
    "fam:Linux",
    "fam:Windows",
    "fam:iOS",
    "fam:macOS"
  ]
}