{
  "level": "family",
  "alpha_B": 0.25,
  "m_cal": 6329,
  "q_hat_leaf_B": 0.7001205086708069,
  "metrics": {
    "coverage": 0.879778830963665,
    "set_size_mean": 0.9472353870458136,
    "set_size_median": 1.0,
    "empty_rate": 0.08404423380726699,
    "singleton_rate": 0.8846761453396524,
    "base_top1_acc": 0.942654028436019,
    "top1_acc_non_empty": 0.9492928596067609,
    "hir": 0.0
  },
  "num_test_defined": 6330,
  "num_test_used": 6330,
  "class_labels": [
    "fam:Android",
    "fam:Linux",
    "fam:Windows",
    "fam:iOS",
    "fam:macOS"
  ]
}