{
  "level": "family",
  "alpha_LoUPCP": 0.15,
  "m_cal": 6329,
  "q_hat_leaf_LoUPCP": 0.7833345532417297,
  "metrics": {
    "coverage": 0.9551342812006319,
    "set_size_mean": 1.0377567140600317,
    "set_size_median": 1.0,
    "empty_rate": 0.007424960505529226,
    "singleton_rate": 0.9473933649289099,
    "base_top1_acc": 0.9458135860979463,
    "top1_acc_non_empty": 0.9489097564857553,
    "hir": 0.0
  },
  "num_test_defined": 6330,
  "num_test_used": 6330,
  "class_labels": [
    "fam:Android",
    "fam:Linux",
    "fam:Windows",
    "fam:iOS",
    "fam:macOS"
  ]
}