{
  "level": "family",
  "alpha_LoUPCP": 0.35,
  "m_cal": 6329,
  "q_hat_leaf_LoUPCP": 0.4861549139022827,
  "metrics": {
    "coverage": 0.7064770932069511,
    "set_size_mean": 0.7266982622432859,
    "set_size_median": 1.0,
    "empty_rate": 0.27330173775671407,
    "singleton_rate": 0.7266982622432859,
    "base_top1_acc": 0.9417061611374408,
    "top1_acc_non_empty": 0.9721739130434782,
    "hir": 0.0
  },
  "num_test_defined": 6330,
  "num_test_used": 6330,
  "class_labels": [
    "fam:Android",
    "fam:Linux",
    "fam:Windows",
    "fam:iOS",
    "fam:macOS"
  ]
}