{
  "level": "family",
  "alpha_LoUPCP": 0.5,
  "m_cal": 6329,
  "q_hat_leaf_LoUPCP": 0.0671316385269165,
  "metrics": {
    "coverage": 0.5007898894154819,
    "set_size_mean": 0.5026856240126383,
    "set_size_median": 1.0,
    "empty_rate": 0.4973143759873618,
    "singleton_rate": 0.5026856240126383,
    "base_top1_acc": 0.9442338072669826,
    "top1_acc_non_empty": 0.9962287869264613,
    "hir": 0.0
  },
  "num_test_defined": 6330,
  "num_test_used": 6330,
  "class_labels": [
    "fam:Android",
    "fam:Linux",
    "fam:Windows",
    "fam:iOS",
    "fam:macOS"
  ]
}