{
  "level": "family",
  "alpha": 0.25,
  "m_k": 6329,
  "j": 4748,
  "quantile_step": 0.0001579778830963665,
  "q_hat": 0.010312020778656006,
  "metrics": {
    "coverage": 0.7554502369668247,
    "set_size_mean": 0.7584518167456556,
    "set_size_median": 1.0,
    "empty_rate": 0.24154818325434438,
    "singleton_rate": 0.7584518167456556,
    "top1_acc_non_empty": 0.9960424911476776,
    "base_top1_acc": 0.9562401263823065,
    "hir": 0.36729857819905215
  },
  "num_test_defined": 6330,
  "num_test_used": 6330,
  "class_labels": [
    "fam:Android",
    "fam:Linux",
    "fam:Windows",
    "fam:iOS",
    "fam:macOS"
  ]
}