{
  "level": "family",
  "alpha_B": 0.075,
  "m_cal": 6329,
  "q_hat_leaf_B": 0.8885707259178162,
  "metrics": {
    "coverage": 0.9701421800947867,
    "set_size_mean": 1.0911532385466034,
    "set_size_median": 1.0,
    "empty_rate": 0.0,
    "singleton_rate": 0.9156398104265403,
    "base_top1_acc": 0.9436018957345972,
    "top1_acc_non_empty": 0.9436018957345972,
    "hir": 0.0
  },
  "num_test_defined": 6330,
  "num_test_used": 6330,
  "class_labels": [
    "fam:Android",
    "fam:Linux",
    "fam:Windows",
    "fam:iOS",
    "fam:macOS"
  ]
}