{
  "level": "family",
  "alpha": 0.2,
  "m_k": 6329,
  "j": 5064,
  "quantile_step": 0.0001579778830963665,
  "q_hat": 0.029783427715301514,
  "metrics": {
    "coverage": 0.7936808846761454,
    "set_size_mean": 0.7985781990521327,
    "set_size_median": 1.0,
    "empty_rate": 0.2014218009478673,
    "singleton_rate": 0.7985781990521327,
    "top1_acc_non_empty": 0.9938674579624135,
    "base_top1_acc": 0.9532385466034755,
    "hir": 0.3406003159557662
  },
  "num_test_defined": 6330,
  "num_test_used": 6330,
  "class_labels": [
    "fam:Android",
    "fam:Linux",
    "fam:Windows",
    "fam:iOS",
    "fam:macOS"
  ]
}