{
  "level": "family",
  "alpha_LoUPCP": 0.15,
  "m_cal": 6329,
  "q_hat_leaf_LoUPCP": 0.7837523818016052,
  "metrics": {
    "coverage": 0.9543443917851501,
    "set_size_mean": 1.0334913112164297,
    "set_size_median": 1.0,
    "empty_rate": 0.009636650868878356,
    "singleton_rate": 0.9472353870458136,
    "base_top1_acc": 0.9447077409162717,
    "top1_acc_non_empty": 0.9484766310416335,
    "hir": 0.0
  },
  "num_test_defined": 6330,
  "num_test_used": 6330,
  "class_labels": [
    "fam:Android",
    "fam:Linux",
    "fam:Windows",
    "fam:iOS",
    "fam:macOS"
  ]
}