{
  "level": "family",
  "alpha_B": 0.03,
  "m_cal": 6329,
  "q_hat_leaf_B": 0.9657416939735413,
  "metrics": {
    "coverage": 0.9878357030015797,
    "set_size_mean": 1.2955766192733018,
    "set_size_median": 1.0,
    "empty_rate": 0.0,
    "singleton_rate": 0.765560821484992,
    "base_top1_acc": 0.9393364928909953,
    "top1_acc_non_empty": 0.9393364928909953,
    "hir": 0.0
  },
  "num_test_defined": 6330,
  "num_test_used": 6330,
  "class_labels": [
    "fam:Android",
    "fam:Linux",
    "fam:Windows",
    "fam:iOS",
    "fam:macOS"
  ]
}