{
  "level": "family",
  "alpha_LoUPCP": 0.3,
  "m_cal": 6329,
  "q_hat_leaf_LoUPCP": 0.6108566522598267,
  "metrics": {
    "coverage": 0.781042654028436,
    "set_size_mean": 0.8251184834123223,
    "set_size_median": 1.0,
    "empty_rate": 0.18657187993680885,
    "singleton_rate": 0.80173775671406,
    "base_top1_acc": 0.9402843601895735,
    "top1_acc_non_empty": 0.955331132258691,
    "hir": 0.0
  },
  "num_test_defined": 6330,
  "num_test_used": 6330,
  "class_labels": [
    "fam:Android",
    "fam:Linux",
    "fam:Windows",
    "fam:iOS",
    "fam:macOS"
  ]
}