{
  "level": "family",
  "alpha": 0.25,
  "m_k": 6329,
  "j": 4748,
  "quantile_step": 0.0001579778830963665,
  "q_hat": 0.010516822338104248,
  "metrics": {
    "coverage": 0.7571879936808846,
    "set_size_mean": 0.7593996840442339,
    "set_size_median": 1.0,
    "empty_rate": 0.2406003159557662,
    "singleton_rate": 0.7593996840442339,
    "top1_acc_non_empty": 0.9970875806116081,
    "base_top1_acc": 0.9559241706161138,
    "hir": 0.3688783570300158
  },
  "num_test_defined": 6330,
  "num_test_used": 6330,
  "class_labels": [
    "fam:Android",
    "fam:Linux",
    "fam:Windows",
    "fam:iOS",
    "fam:macOS"
  ]
}