{
  "level": "family",
  "alpha_B": 0.05,
  "m_cal": 6329,
  "q_hat_leaf_B": 0.9412468075752258,
  "metrics": {
    "coverage": 0.9818325434439179,
    "set_size_mean": 1.2116903633491312,
    "set_size_median": 1.0,
    "empty_rate": 0.0,
    "singleton_rate": 0.8211690363349131,
    "base_top1_acc": 0.9424960505529226,
    "top1_acc_non_empty": 0.9424960505529226,
    "hir": 0.0
  },
  "num_test_defined": 6330,
  "num_test_used": 6330,
  "class_labels": [
    "fam:Android",
    "fam:Linux",
    "fam:Windows",
    "fam:iOS",
    "fam:macOS"
  ]
}