{
  "level": "family",
  "alpha": 0.075,
  "m_k": 6329,
  "j": 5856,
  "quantile_step": 0.0001579778830963665,
  "q_hat": 0.18443584442138672,
  "metrics": {
    "coverage": 0.9218009478672986,
    "set_size_mean": 0.9415481832543444,
    "set_size_median": 1.0,
    "empty_rate": 0.05845181674565561,
    "singleton_rate": 0.9415481832543444,
    "top1_acc_non_empty": 0.9790268456375839,
    "base_top1_acc": 0.9554502369668246,
    "hir": 0.24281200631911531
  },
  "num_test_defined": 6330,
  "num_test_used": 6330,
  "class_labels": [
    "fam:Android",
    "fam:Linux",
    "fam:Windows",
    "fam:iOS",
    "fam:macOS"
  ]
}