{
  "level": "family",
  "alpha_B": 0.0,
  "m_cal": 6329,
  "q_hat_leaf_B": 0.9999809861183167,
  "metrics": {
    "coverage": 1.0,
    "set_size_mean": 4.52827804107425,
    "set_size_median": 5.0,
    "empty_rate": 0.0,
    "singleton_rate": 0.00631911532385466,
    "base_top1_acc": 0.942654028436019,
    "top1_acc_non_empty": 0.942654028436019,
    "hir": 0.0
  },
  "num_test_defined": 6330,
  "num_test_used": 6330,
  "class_labels": [
    "fam:Android",
    "fam:Linux",
    "fam:Windows",
    "fam:iOS",
    "fam:macOS"
  ]
}