{
  "level": "family",
  "alpha": 0.05,
  "m_k": 6329,
  "j": 6014,
  "quantile_step": 0.0001579778830963665,
  "q_hat": 0.4184954762458801,
  "metrics": {
    "coverage": 0.95260663507109,
    "set_size_mean": 0.9898894154818325,
    "set_size_median": 1.0,
    "empty_rate": 0.010110584518167456,
    "singleton_rate": 0.9898894154818325,
    "top1_acc_non_empty": 0.9623364187679541,
    "base_top1_acc": 0.9562401263823065,
    "hir": 0.29541864139020535
  },
  "num_test_defined": 6330,
  "num_test_used": 6330,
  "class_labels": [
    "fam:Android",
    "fam:Linux",
    "fam:Windows",
    "fam:iOS",
    "fam:macOS"
  ]
}