{
  "level": "family",
  "alpha": 0.15,
  "m_k": 6329,
  "j": 5381,
  "quantile_step": 0.0001579778830963665,
  "q_hat": 0.08285748958587646,
  "metrics": {
    "coverage": 0.85260663507109,
    "set_size_mean": 0.8612954186413903,
    "set_size_median": 1.0,
    "empty_rate": 0.1387045813586098,
    "singleton_rate": 0.8612954186413903,
    "top1_acc_non_empty": 0.98991195891416,
    "base_top1_acc": 0.9571879936808847,
    "hir": 0.2800947867298578
  },
  "num_test_defined": 6330,
  "num_test_used": 6330,
  "class_labels": [
    "fam:Android",
    "fam:Linux",
    "fam:Windows",
    "fam:iOS",
    "fam:macOS"
  ]
}