{
  "level": "family",
  "alpha_LoUPCP": 0.15,
  "m_cal": 6329,
  "q_hat_leaf_LoUPCP": 0.7796874046325684,
  "metrics": {
    "coverage": 0.9516587677725118,
    "set_size_mean": 1.0281200631911533,
    "set_size_median": 1.0,
    "empty_rate": 0.01263823064770932,
    "singleton_rate": 0.9466034755134282,
    "base_top1_acc": 0.9470774091627172,
    "top1_acc_non_empty": 0.95152,
    "hir": 0.0
  },
  "num_test_defined": 6330,
  "num_test_used": 6330,
  "class_labels": [
    "fam:Android",
    "fam:Linux",
    "fam:Windows",
    "fam:iOS",
    "fam:macOS"
  ]
}