{
  "level": "family",
  "alpha_B": 0.075,
  "m_cal": 6329,
  "q_hat_leaf_B": 0.8950867652893066,
  "metrics": {
    "coverage": 0.9695102685624013,
    "set_size_mean": 1.1075829383886255,
    "set_size_median": 1.0,
    "empty_rate": 0.0,
    "singleton_rate": 0.9014218009478673,
    "base_top1_acc": 0.9432859399684044,
    "top1_acc_non_empty": 0.9432859399684044,
    "hir": 0.0
  },
  "num_test_defined": 6330,
  "num_test_used": 6330,
  "class_labels": [
    "fam:Android",
    "fam:Linux",
    "fam:Windows",
    "fam:iOS",
    "fam:macOS"
  ]
}