{
  "level": "family",
  "alpha_B": 0.02,
  "m_cal": 6329,
  "q_hat_leaf_B": 0.986232340335846,
  "metrics": {
    "coverage": 0.9944707740916272,
    "set_size_mean": 1.4061611374407583,
    "set_size_median": 1.0,
    "empty_rate": 0.0,
    "singleton_rate": 0.7009478672985782,
    "base_top1_acc": 0.9447077409162717,
    "top1_acc_non_empty": 0.9447077409162717,
    "hir": 0.0
  },
  "num_test_defined": 6330,
  "num_test_used": 6330,
  "class_labels": [
    "fam:Android",
    "fam:Linux",
    "fam:Windows",
    "fam:iOS",
    "fam:macOS"
  ]
}