{
  "level": "family",
  "alpha": 0.075,
  "m_k": 6329,
  "j": 5856,
  "quantile_step": 0.0001579778830963665,
  "q_hat": 0.18443739414215088,
  "metrics": {
    "coverage": 0.923696682464455,
    "set_size_mean": 0.9458135860979463,
    "set_size_median": 1.0,
    "empty_rate": 0.05418641390205371,
    "singleton_rate": 0.9458135860979463,
    "top1_acc_non_empty": 0.9766160013362285,
    "base_top1_acc": 0.9545023696682464,
    "hir": 0.23617693522906794
  },
  "num_test_defined": 6330,
  "num_test_used": 6330,
  "class_labels": [
    "fam:Android",
    "fam:Linux",
    "fam:Windows",
    "fam:iOS",
    "fam:macOS"
  ]
}