{
  "level": "family",
  "alpha_B": 0.04,
  "m_cal": 6329,
  "q_hat_leaf_B": 0.9510676860809326,
  "metrics": {
    "coverage": 0.9845181674565561,
    "set_size_mean": 1.2581358609794628,
    "set_size_median": 1.0,
    "empty_rate": 0.0,
    "singleton_rate": 0.7902053712480253,
    "base_top1_acc": 0.9398104265402843,
    "top1_acc_non_empty": 0.9398104265402843,
    "hir": 0.0
  },
  "num_test_defined": 6330,
  "num_test_used": 6330,
  "class_labels": [
    "fam:Android",
    "fam:Linux",
    "fam:Windows",
    "fam:iOS",
    "fam:macOS"
  ]
}