{
  "level": "family",
  "alpha": 0.5,
  "m_k": 6329,
  "j": 3165,
  "quantile_step": 0.0001579778830963665,
  "q_hat": 0.000292360782623291,
  "metrics": {
    "coverage": 0.509478672985782,
    "set_size_mean": 0.5099526066350711,
    "set_size_median": 1.0,
    "empty_rate": 0.4900473933649289,
    "singleton_rate": 0.5099526066350711,
    "top1_acc_non_empty": 0.9990706319702602,
    "base_top1_acc": 0.9562401263823065,
    "hir": 0.26492890995260665
  },
  "num_test_defined": 6330,
  "num_test_used": 6330,
  "class_labels": [
    "fam:Android",
    "fam:Linux",
    "fam:Windows",
    "fam:iOS",
    "fam:macOS"
  ]
}