{
  "level": "family",
  "alpha": 0.35,
  "m_k": 6329,
  "j": 4115,
  "quantile_step": 0.0001579778830963665,
  "q_hat": 0.0019251108169555664,
  "metrics": {
    "coverage": 0.6431279620853081,
    "set_size_mean": 0.6437598736176935,
    "set_size_median": 1.0,
    "empty_rate": 0.35624012638230645,
    "singleton_rate": 0.6437598736176935,
    "top1_acc_non_empty": 0.9990184049079754,
    "base_top1_acc": 0.9565560821484992,
    "hir": 0.2800947867298578
  },
  "num_test_defined": 6330,
  "num_test_used": 6330,
  "class_labels": [
    "fam:Android",
    "fam:Linux",
    "fam:Windows",
    "fam:iOS",
    "fam:macOS"
  ]
}