{
  "level": "family",
  "alpha": 0.01,
  "m_k": 6329,
  "j": 6267,
  "quantile_step": 0.0001579778830963665,
  "q_hat": 0.9592614769935608,
  "metrics": {
    "coverage": 0.993522906793049,
    "set_size_mean": 1.2423380726698263,
    "set_size_median": 1.0,
    "empty_rate": 0.0,
    "singleton_rate": 0.8137440758293839,
    "top1_acc_non_empty": 0.9571879936808847,
    "base_top1_acc": 0.9571879936808847,
    "hir": 0.5480252764612954
  },
  "num_test_defined": 6330,
  "num_test_used": 6330,
  "class_labels": [
    "fam:Android",
    "fam:Linux",
    "fam:Windows",
    "fam:iOS",
    "fam:macOS"
  ]
}