{
  "level": "family",
  "alpha": 0.2,
  "m_k": 6329,
  "j": 5064,
  "quantile_step": 0.0001579778830963665,
  "q_hat": 0.027991652488708496,
  "metrics": {
    "coverage": 0.7908372827804108,
    "set_size_mean": 0.7963665086887836,
    "set_size_median": 1.0,
    "empty_rate": 0.20363349131121644,
    "singleton_rate": 0.7963665086887836,
    "top1_acc_non_empty": 0.9930569331481849,
    "base_top1_acc": 0.9519747235387046,
    "hir": 0.3407582938388626
  },
  "num_test_defined": 6330,
  "num_test_used": 6330,
  "class_labels": [
    "fam:Android",
    "fam:Linux",
    "fam:Windows",
    "fam:iOS",
    "fam:macOS"
  ]
}