{
  "level": "family",
  "alpha_B": 0.1,
  "m_cal": 6329,
  "q_hat_leaf_B": 0.8340625762939453,
  "metrics": {
    "coverage": 0.9655608214849921,
    "set_size_mean": 1.0628751974723538,
    "set_size_median": 1.0,
    "empty_rate": 0.0009478672985781991,
    "singleton_rate": 0.936650868878357,
    "base_top1_acc": 0.9466034755134282,
    "top1_acc_non_empty": 0.9473434535104365,
    "hir": 0.0
  },
  "num_test_defined": 6330,
  "num_test_used": 6330,
  "class_labels": [
    "fam:Android",
    "fam:Linux",
    "fam:Windows",
    "fam:iOS",
    "fam:macOS"
  ]
}