coverage_mean,coverage_std,set_size_mean_mean,set_size_mean_std,set_size_median_mean,set_size_median_std,empty_rate_mean,empty_rate_std,singleton_rate_mean,singleton_rate_std,top1_acc_non_empty_mean,top1_acc_non_empty_std,base_top1_acc_mean,base_top1_acc_std,hir_mean,hir_std
0.8601263823064768,0.006789925436401802,1.098641390205371,0.011335724990327143,1.0,0.0,0.024612954186413398,0.004973669655896886,0.8540916271721958,0.0033242991311375853,0.8370266372722315,0.0020211979938160565,0.8224328593996837,0.0036642696697450168,,
