coverage,set_size_mean,set_size_median,empty_rate,singleton_rate,top1_acc_non_empty,base_top1_acc,hir,level,alpha,run
0.9428120063191151,1.021958925750395,1.0,0.021484992101105,0.9350710900473931,0.9476913141750081,0.944391785150079,0.0,family,0.2,1
