coverage,set_size_mean,set_size_median,empty_rate,singleton_rate,top1_acc_non_empty,base_top1_acc,hir,level,alpha,run
0.8661927330173771,1.106635071090047,1.0,0.021484992101105,0.8529225908372821,0.8393606716176941,0.825750394944707,,major,0.2,1
