coverage,set_size_mean,set_size_median,empty_rate,singleton_rate,top1_acc_non_empty,base_top1_acc,hir,level,alpha,run
0.9428120063191151,1.021958925750395,1.0,0.021484992101105,0.9350710900473931,0.9476913141750081,0.944391785150079,0.0,family,0.2,1
0.929383886255924,1.005529225908372,1.0,0.03301737756714,0.9284360189573461,0.94690410063715,0.9428120063191151,0.0,family,0.2,2
0.9417061611374401,1.020695102685624,1.0,0.021169036334913002,0.9369668246445491,0.947224015493867,0.944391785150079,0.0,family,0.2,3
0.93996840442338,1.019431279620853,1.0,0.022116903633491003,0.9363349131121641,0.9476575121163161,0.9440758293838861,0.0,family,0.2,4
0.9341232227488151,1.015007898894154,1.0,0.025276461295418003,0.934439178515007,0.9444084278768231,0.9406003159557661,0.0,family,0.2,5
