coverage,set_size_mean,set_size_median,empty_rate,singleton_rate,top1_acc_non_empty,base_top1_acc,hir,level,alpha,run
0.8661927330173771,1.106635071090047,1.0,0.021484992101105,0.8529225908372821,0.8393606716176941,0.825750394944707,,major,0.2,1
0.8508688783570301,1.081990521327014,1.0,0.03301737756714,0.8532385466034751,0.8353210259761471,0.816903633491311,,major,0.2,2
0.8619273301737751,1.104739336492891,1.0,0.021169036334913002,0.8551342812006321,0.8358618463524851,0.8232227488151651,,major,0.2,3
0.8661927330173771,1.108056872037914,1.0,0.022116903633491003,0.8500789889415481,0.8390953150242321,0.8254344391785151,,major,0.2,4
0.8554502369668241,1.091785150078989,1.0,0.025276461295418003,0.859083728278041,0.835494327390599,0.8208530805687201,,major,0.2,5
