{
  "level": "family",
  "alpha": 0.15,
  "m_k": 6329,
  "j": 5381,
  "quantile_step": 0.0001579778830963665,
  "q_hat": 0.08197987079620361,
  "metrics": {
    "coverage": 0.8478672985781991,
    "set_size_mean": 0.8584518167456556,
    "set_size_median": 1.0,
    "empty_rate": 0.1415481832543444,
    "singleton_rate": 0.8584518167456556,
    "top1_acc_non_empty": 0.9876702245123298,
    "base_top1_acc": 0.9524486571879937,
    "hir": 0.2783570300157978
  },
  "num_test_defined": 6330,
  "num_test_used": 6330,
  "class_labels": [
    "fam:Android",
    "fam:Linux",
    "fam:Windows",
    "fam:iOS",
    "fam:macOS"
  ]
}