{
  "level": "family",
  "alpha": 0.04,
  "m_k": 6329,
  "j": 6077,
  "quantile_step": 0.0001579778830963665,
  "q_hat": 0.6369727849960327,
  "metrics": {
    "coverage": 0.960347551342812,
    "set_size_mean": 1.0091627172195892,
    "set_size_median": 1.0,
    "empty_rate": 0.0001579778830963665,
    "singleton_rate": 0.990521327014218,
    "top1_acc_non_empty": 0.9551271922894612,
    "base_top1_acc": 0.9549763033175356,
    "hir": 0.3355450236966825
  },
  "num_test_defined": 6330,
  "num_test_used": 6330,
  "class_labels": [
    "fam:Android",
    "fam:Linux",
    "fam:Windows",
    "fam:iOS",
    "fam:macOS"
  ]
}