{
  "level": "family",
  "alpha": 0.1,
  "m_k": 6329,
  "j": 5697,
  "quantile_step": 0.0001579778830963665,
  "q_hat": 0.1313948631286621,
  "metrics": {
    "coverage": 0.9036334913112164,
    "set_size_mean": 0.9187993680884676,
    "set_size_median": 1.0,
    "empty_rate": 0.08120063191153239,
    "singleton_rate": 0.9187993680884676,
    "top1_acc_non_empty": 0.9834938101788171,
    "base_top1_acc": 0.9565560821484992,
    "hir": 0.23333333333333334
  },
  "num_test_defined": 6330,
  "num_test_used": 6330,
  "class_labels": [
    "fam:Android",
    "fam:Linux",
    "fam:Windows",
    "fam:iOS",
    "fam:macOS"
  ]
}