{
  "level": "family",
  "alpha": 0.15,
  "m_k": 6329,
  "j": 5381,
  "quantile_step": 0.0001579778830963665,
  "q_hat": 0.08261466026306152,
  "metrics": {
    "coverage": 0.8507109004739336,
    "set_size_mean": 0.8584518167456556,
    "set_size_median": 1.0,
    "empty_rate": 0.1415481832543444,
    "singleton_rate": 0.8584518167456556,
    "top1_acc_non_empty": 0.9909827015090173,
    "base_top1_acc": 0.9571879936808847,
    "hir": 0.2799368088467615
  },
  "num_test_defined": 6330,
  "num_test_used": 6330,
  "class_labels": [
    "fam:Android",
    "fam:Linux",
    "fam:Windows",
    "fam:iOS",
    "fam:macOS"
  ]
}