{
  "level": "family",
  "alpha_B": 0.1,
  "m_cal": 6329,
  "q_hat_leaf_B": 0.8327066898345947,
  "metrics": {
    "coverage": 0.9646129541864139,
    "set_size_mean": 1.0638230647709321,
    "set_size_median": 1.0,
    "empty_rate": 0.00047393364928909954,
    "singleton_rate": 0.936650868878357,
    "base_top1_acc": 0.9447077409162717,
    "top1_acc_non_empty": 0.9451556819977872,
    "hir": 0.0
  },
  "num_test_defined": 6330,
  "num_test_used": 6330,
  "class_labels": [
    "fam:Android",
    "fam:Linux",
    "fam:Windows",
    "fam:iOS",
    "fam:macOS"
  ]
}