{
  "level": "family",
  "alpha": 0.2,
  "m_k": 6329,
  "j": 5064,
  "quantile_step": 0.0001579778830963665,
  "q_hat": 0.03708130121231079,
  "metrics": {
    "coverage": 0.8097946287519747,
    "set_size_mean": 0.814218009478673,
    "set_size_median": 1.0,
    "empty_rate": 0.18578199052132702,
    "singleton_rate": 0.814218009478673,
    "top1_acc_non_empty": 0.9945673263484672,
    "base_top1_acc": 0.9559241706161138,
    "hir": 0.328436018957346
  },
  "num_test_defined": 6330,
  "num_test_used": 6330,
  "class_labels": [
    "fam:Android",
    "fam:Linux",
    "fam:Windows",
    "fam:iOS",
    "fam:macOS"
  ]
}