level,alpha,m_k,j,quantile_step,q_hat,num_test_defined,num_test_used
family,0.2,6329,5064,0.0001579778830963665,0.03708130121231079,6330,6330
