{
  "level": "family",
  "alpha_SCP": 0.1,
  "tau": 0.595959595959596,
  "m": 1000,
  "calibration_info": {
    "tau": 0.595959595959596,
    "coverage": 0.9004582082477485,
    "target_coverage": 0.9,
    "n_cal": 6329
  },
  "metrics": {
    "coverage": 0.8941548183254344,
    "set_size_mean": 1.7674565560821485,
    "set_size_median": 2.0,
    "empty_rate": 0.0,
    "singleton_rate": 0.304739336492891,
    "base_top1_acc": 0.9406003159557662,
    "top1_acc_non_empty": 0.8489731437598736,
    "hir": 0.0
  },
  "num_test_defined": 6330,
  "num_test_used": 6330,
  "class_labels": [
    "fam:Android",
    "fam:Linux",
    "fam:Windows",
    "fam:iOS",
    "fam:macOS"
  ]
}