{
  "level": "family",
  "alpha": 0.35,
  "m_k": 6329,
  "j": 4115,
  "quantile_step": 0.0001579778830963665,
  "q_hat": 0.001992642879486084,
  "metrics": {
    "coverage": 0.6481832543443918,
    "set_size_mean": 0.6500789889415481,
    "set_size_median": 1.0,
    "empty_rate": 0.3499210110584518,
    "singleton_rate": 0.6500789889415481,
    "top1_acc_non_empty": 0.9970838396111786,
    "base_top1_acc": 0.9541864139020537,
    "hir": 0.2772511848341232
  },
  "num_test_defined": 6330,
  "num_test_used": 6330,
  "class_labels": [
    "fam:Android",
    "fam:Linux",
    "fam:Windows",
    "fam:iOS",
    "fam:macOS"
  ]
}