{
  "level": "family",
  "alpha_LoUPCP": 0.3,
  "m_cal": 6329,
  "q_hat_leaf_LoUPCP": 0.6151647567749023,
  "metrics": {
    "coverage": 0.790521327014218,
    "set_size_mean": 0.8342812006319116,
    "set_size_median": 1.0,
    "empty_rate": 0.17788309636650868,
    "singleton_rate": 0.8099526066350711,
    "base_top1_acc": 0.9434439178515008,
    "top1_acc_non_empty": 0.95695618754804,
    "hir": 0.0
  },
  "num_test_defined": 6330,
  "num_test_used": 6330,
  "class_labels": [
    "fam:Android",
    "fam:Linux",
    "fam:Windows",
    "fam:iOS",
    "fam:macOS"
  ]
}