{
  "level": "family",
  "alpha_B": 0.35,
  "m_cal": 6329,
  "q_hat_leaf_B": 0.4859013557434082,
  "metrics": {
    "coverage": 0.704739336492891,
    "set_size_mean": 0.7271721958925751,
    "set_size_median": 1.0,
    "empty_rate": 0.27282780410742496,
    "singleton_rate": 0.7271721958925751,
    "base_top1_acc": 0.9398104265402843,
    "top1_acc_non_empty": 0.9691505539865305,
    "hir": 0.0
  },
  "num_test_defined": 6330,
  "num_test_used": 6330,
  "class_labels": [
    "fam:Android",
    "fam:Linux",
    "fam:Windows",
    "fam:iOS",
    "fam:macOS"
  ]
}