{
  "level": "family",
  "alpha_LoUPCP": 0.25,
  "m_cal": 6329,
  "q_hat_leaf_LoUPCP": 0.6989765167236328,
  "metrics": {
    "coverage": 0.8780410742496051,
    "set_size_mean": 0.9513428120063191,
    "set_size_median": 1.0,
    "empty_rate": 0.08120063191153239,
    "singleton_rate": 0.8862559241706162,
    "base_top1_acc": 0.9382306477093207,
    "top1_acc_non_empty": 0.9437757909215956,
    "hir": 0.0
  },
  "num_test_defined": 6330,
  "num_test_used": 6330,
  "class_labels": [
    "fam:Android",
    "fam:Linux",
    "fam:Windows",
    "fam:iOS",
    "fam:macOS"
  ]
}