{
  "level": "family",
  "alpha_B": 0.45,
  "m_cal": 6329,
  "q_hat_leaf_B": 0.1767318844795227,
  "metrics": {
    "coverage": 0.5649289099526066,
    "set_size_mean": 0.5703001579778831,
    "set_size_median": 1.0,
    "empty_rate": 0.4296998420221169,
    "singleton_rate": 0.5703001579778831,
    "base_top1_acc": 0.9423380726698263,
    "top1_acc_non_empty": 0.9905817174515236,
    "hir": 0.0
  },
  "num_test_defined": 6330,
  "num_test_used": 6330,
  "class_labels": [
    "fam:Android",
    "fam:Linux",
    "fam:Windows",
    "fam:iOS",
    "fam:macOS"
  ]
}