{
  "level": "family",
  "alpha_LoUPCP": 0.3,
  "m_cal": 6329,
  "q_hat_leaf_LoUPCP": 0.6121746301651001,
  "metrics": {
    "coverage": 0.7842022116903633,
    "set_size_mean": 0.8292259083728278,
    "set_size_median": 1.0,
    "empty_rate": 0.18230647709320696,
    "singleton_rate": 0.8061611374407583,
    "base_top1_acc": 0.9407582938388626,
    "top1_acc_non_empty": 0.9544049459041731,
    "hir": 0.0
  },
  "num_test_defined": 6330,
  "num_test_used": 6330,
  "class_labels": [
    "fam:Android",
    "fam:Linux",
    "fam:Windows",
    "fam:iOS",
    "fam:macOS"
  ]
}