{
  "level": "family",
  "alpha_LoUPCP": 0.35,
  "m_cal": 6329,
  "q_hat_leaf_LoUPCP": 0.5006418228149414,
  "metrics": {
    "coverage": 0.7161137440758294,
    "set_size_mean": 0.741390205371248,
    "set_size_median": 1.0,
    "empty_rate": 0.258609794628752,
    "singleton_rate": 0.741390205371248,
    "base_top1_acc": 0.9382306477093207,
    "top1_acc_non_empty": 0.9659066695077776,
    "hir": 0.0
  },
  "num_test_defined": 6330,
  "num_test_used": 6330,
  "class_labels": [
    "fam:Android",
    "fam:Linux",
    "fam:Windows",
    "fam:iOS",
    "fam:macOS"
  ]
}