{
  "level": "family",
  "alpha_LoUPCP": 0.02,
  "m_cal": 6329,
  "q_hat_leaf_LoUPCP": 0.9822319149971008,
  "metrics": {
    "coverage": 0.9922590837282781,
    "set_size_mean": 1.3563981042654027,
    "set_size_median": 1.0,
    "empty_rate": 0.0,
    "singleton_rate": 0.7279620853080568,
    "base_top1_acc": 0.9464454976303317,
    "top1_acc_non_empty": 0.9464454976303317,
    "hir": 0.0
  },
  "num_test_defined": 6330,
  "num_test_used": 6330,
  "class_labels": [
    "fam:Android",
    "fam:Linux",
    "fam:Windows",
    "fam:iOS",
    "fam:macOS"
  ]
}