{
  "level": "family",
  "alpha": 0.04,
  "m_k": 6329,
  "j": 6077,
  "quantile_step": 0.0001579778830963665,
  "q_hat": 0.6669509410858154,
  "metrics": {
    "coverage": 0.9649289099526066,
    "set_size_mean": 1.012954186413902,
    "set_size_median": 1.0,
    "empty_rate": 0.0,
    "singleton_rate": 0.987045813586098,
    "top1_acc_non_empty": 0.9570300157977883,
    "base_top1_acc": 0.9570300157977883,
    "hir": 0.3380726698262243
  },
  "num_test_defined": 6330,
  "num_test_used": 6330,
  "class_labels": [
    "fam:Android",
    "fam:Linux",
    "fam:Windows",
    "fam:iOS",
    "fam:macOS"
  ]
}