{
  "level": "family",
  "alpha_B": 0.5,
  "m_cal": 6329,
  "q_hat_leaf_B": 0.06784743070602417,
  "metrics": {
    "coverage": 0.5014218009478673,
    "set_size_mean": 0.50347551342812,
    "set_size_median": 1.0,
    "empty_rate": 0.4965244865718799,
    "singleton_rate": 0.50347551342812,
    "base_top1_acc": 0.9415481832543444,
    "top1_acc_non_empty": 0.9959209287731409,
    "hir": 0.0
  },
  "num_test_defined": 6330,
  "num_test_used": 6330,
  "class_labels": [
    "fam:Android",
    "fam:Linux",
    "fam:Windows",
    "fam:iOS",
    "fam:macOS"
  ]
}