{
  "level": "family",
  "alpha": 0.5,
  "m_k": 6329,
  "j": 3165,
  "quantile_step": 0.0001579778830963665,
  "q_hat": 0.00025147199630737305,
  "metrics": {
    "coverage": 0.490521327014218,
    "set_size_mean": 0.4909952606635071,
    "set_size_median": 0.0,
    "empty_rate": 0.5090047393364929,
    "singleton_rate": 0.4909952606635071,
    "top1_acc_non_empty": 0.999034749034749,
    "base_top1_acc": 0.9545023696682464,
    "hir": 0.2726698262243286
  },
  "num_test_defined": 6330,
  "num_test_used": 6330,
  "class_labels": [
    "fam:Android",
    "fam:Linux",
    "fam:Windows",
    "fam:iOS",
    "fam:macOS"
  ]
}