coverage_mean,coverage_std,set_size_mean_mean,set_size_mean_std,set_size_median_mean,set_size_median_std,empty_rate_mean,empty_rate_std,singleton_rate_mean,singleton_rate_std,top1_acc_non_empty_mean,top1_acc_non_empty_std,base_top1_acc_mean,base_top1_acc_std,hir_mean,hir_std
0.8516903633491306,0.004909275511878165,0.8606951026856233,0.005469549318007712,1.0,0.0,0.13930489731437562,0.005469549318007703,0.8606951026856233,0.005469549318007712,0.989541203611769,0.0011578185492362532,0.9558609794628747,0.0018239434309476213,0.2756714060031588,0.0062844626479987105
