coverage,set_size_mean,set_size_median,empty_rate,singleton_rate,top1_acc_non_empty,base_top1_acc,hir,level,alpha,run
0.8593996840442331,1.0173775671406,1.0,0.027172195892575003,0.928278041074249,0.8647288080545631,0.8475513428120061,,major,0.15,1
0.8426540284360191,0.9919431279620851,1.0,0.040126382306477006,0.9278041074249601,0.8627386438446341,0.839652448657188,,major,0.15,2
0.84518167456556,0.996208530805687,1.0,0.038388625592417,0.927014218009478,0.8646295383604401,0.842969984202211,,major,0.15,3
0.8532385466034751,1.008056872037914,1.0,0.031279620853080004,0.929383886255924,0.8661121983039791,0.847235387045813,,major,0.15,4
0.8404423380726691,0.9857819905213271,1.0,0.042022116903633,0.930173775671406,0.8652704485488121,0.8410742496050551,,major,0.15,5
