coverage,set_size_mean,set_size_median,empty_rate,singleton_rate,top1_acc_non_empty,base_top1_acc,hir,level,alpha,run
0.8454976303317531,0.853712480252764,1.0,0.146287519747235,0.853712480252764,0.990377498149518,0.957187993680884,0.281832543443917,family,0.15,1
0.851500789889415,0.859241706161137,1.0,0.14075829383886201,0.859241706161137,0.9909909909909911,0.9546603475513421,0.28009478672985705,family,0.15,2
0.859241706161137,0.868878357030015,1.0,0.13112164296998402,0.868878357030015,0.9889090909090911,0.957345971563981,0.266350710900473,family,0.15,3
0.850710900473933,0.8598736176935221,1.0,0.140126382306477,0.8598736176935221,0.9893441117031041,0.9568720379146921,0.277567140600315,family,0.15,4
0.851500789889415,0.8617693522906791,1.0,0.13823064770932,0.8617693522906791,0.9880843263061411,0.9532385466034751,0.27251184834123204,family,0.15,5
