{
  "level": "family",
  "alpha_LoUPCP": 0.25,
  "m_cal": 6329,
  "q_hat_leaf_LoUPCP": 0.7035759687423706,
  "metrics": {
    "coverage": 0.8796208530805687,
    "set_size_mean": 0.9496050552922591,
    "set_size_median": 1.0,
    "empty_rate": 0.08135860979462875,
    "singleton_rate": 0.8876777251184834,
    "base_top1_acc": 0.9423380726698263,
    "top1_acc_non_empty": 0.9463456577815993,
    "hir": 0.0
  },
  "num_test_defined": 6330,
  "num_test_used": 6330,
  "class_labels": [
    "fam:Android",
    "fam:Linux",
    "fam:Windows",
    "fam:iOS",
    "fam:macOS"
  ]
}