{
  "level": "family",
  "alpha_LoUPCP": 0.25,
  "m_cal": 6329,
  "q_hat_leaf_LoUPCP": 0.6947091817855835,
  "metrics": {
    "coverage": 0.8718799368088468,
    "set_size_mean": 0.9393364928909953,
    "set_size_median": 1.0,
    "empty_rate": 0.08894154818325434,
    "singleton_rate": 0.882780410742496,
    "base_top1_acc": 0.9432859399684044,
    "top1_acc_non_empty": 0.947112883648344,
    "hir": 0.0
  },
  "num_test_defined": 6330,
  "num_test_used": 6330,
  "class_labels": [
    "fam:Android",
    "fam:Linux",
    "fam:Windows",
    "fam:iOS",
    "fam:macOS"
  ]
}