{
  "level": "family",
  "alpha": 0.4,
  "m_k": 6329,
  "j": 3798,
  "quantile_step": 0.0001579778830963665,
  "q_hat": 0.001034379005432129,
  "metrics": {
    "coverage": 0.608214849921011,
    "set_size_mean": 0.6093206951026856,
    "set_size_median": 1.0,
    "empty_rate": 0.3906793048973144,
    "singleton_rate": 0.6093206951026856,
    "top1_acc_non_empty": 0.9981851179673321,
    "base_top1_acc": 0.9587677725118483,
    "hir": 0.24407582938388625
  },
  "num_test_defined": 6330,
  "num_test_used": 6330,
  "class_labels": [
    "fam:Android",
    "fam:Linux",
    "fam:Windows",
    "fam:iOS",
    "fam:macOS"
  ]
}