{
  "level": "family",
  "alpha": 0.01,
  "m_k": 6329,
  "j": 6267,
  "quantile_step": 0.0001579778830963665,
  "q_hat": 0.9525086283683777,
  "metrics": {
    "coverage": 0.990521327014218,
    "set_size_mean": 1.2274881516587677,
    "set_size_median": 1.0,
    "empty_rate": 0.0,
    "singleton_rate": 0.8199052132701422,
    "top1_acc_non_empty": 0.955608214849921,
    "base_top1_acc": 0.955608214849921,
    "hir": 0.49747235387045813
  },
  "num_test_defined": 6330,
  "num_test_used": 6330,
  "class_labels": [
    "fam:Android",
    "fam:Linux",
    "fam:Windows",
    "fam:iOS",
    "fam:macOS"
  ]
}