{
  "level": "family",
  "alpha_LoUPCP": 0.075,
  "m_cal": 6329,
  "q_hat_leaf_LoUPCP": 0.8899809122085571,
  "metrics": {
    "coverage": 0.9701421800947867,
    "set_size_mean": 1.0949447077409162,
    "set_size_median": 1.0,
    "empty_rate": 0.0,
    "singleton_rate": 0.9134281200631912,
    "base_top1_acc": 0.9417061611374408,
    "top1_acc_non_empty": 0.9417061611374408,
    "hir": 0.0
  },
  "num_test_defined": 6330,
  "num_test_used": 6330,
  "class_labels": [
    "fam:Android",
    "fam:Linux",
    "fam:Windows",
    "fam:iOS",
    "fam:macOS"
  ]
}