{
  "level": "family",
  "alpha_LoUPCP": 0.45,
  "m_cal": 6329,
  "q_hat_leaf_LoUPCP": 0.1550215482711792,
  "metrics": {
    "coverage": 0.5526066350710901,
    "set_size_mean": 0.5571879936808847,
    "set_size_median": 1.0,
    "empty_rate": 0.4428120063191153,
    "singleton_rate": 0.5571879936808847,
    "base_top1_acc": 0.9440758293838862,
    "top1_acc_non_empty": 0.9917777147717607,
    "hir": 0.0
  },
  "num_test_defined": 6330,
  "num_test_used": 6330,
  "class_labels": [
    "fam:Android",
    "fam:Linux",
    "fam:Windows",
    "fam:iOS",
    "fam:macOS"
  ]
}