{
  "level": "family",
  "alpha_B": 0.45,
  "m_cal": 6329,
  "q_hat_leaf_B": 0.1768951416015625,
  "metrics": {
    "coverage": 0.5669826224328594,
    "set_size_mean": 0.5706161137440758,
    "set_size_median": 1.0,
    "empty_rate": 0.42938388625592416,
    "singleton_rate": 0.5706161137440758,
    "base_top1_acc": 0.9473933649289099,
    "top1_acc_non_empty": 0.9936323366555925,
    "hir": 0.0
  },
  "num_test_defined": 6330,
  "num_test_used": 6330,
  "class_labels": [
    "fam:Android",
    "fam:Linux",
    "fam:Windows",
    "fam:iOS",
    "fam:macOS"
  ]
}