{
  "level": "family",
  "alpha_LoUPCP": 0.3,
  "m_cal": 6329,
  "q_hat_leaf_LoUPCP": 0.6218039989471436,
  "metrics": {
    "coverage": 0.7913112164296998,
    "set_size_mean": 0.8371248025276461,
    "set_size_median": 1.0,
    "empty_rate": 0.1764612954186414,
    "singleton_rate": 0.8099526066350711,
    "base_top1_acc": 0.9424960505529226,
    "top1_acc_non_empty": 0.9553040475733743,
    "hir": 0.0
  },
  "num_test_defined": 6330,
  "num_test_used": 6330,
  "class_labels": [
    "fam:Android",
    "fam:Linux",
    "fam:Windows",
    "fam:iOS",
    "fam:macOS"
  ]
}