{
  "level": "family",
  "alpha_B": 0.15,
  "m_cal": 6329,
  "q_hat_leaf_B": 0.783967137336731,
  "metrics": {
    "coverage": 0.9552922590837283,
    "set_size_mean": 1.0366508688783571,
    "set_size_median": 1.0,
    "empty_rate": 0.008056872037914692,
    "singleton_rate": 0.9472353870458136,
    "base_top1_acc": 0.9448657187993681,
    "top1_acc_non_empty": 0.9474438604873388,
    "hir": 0.0
  },
  "num_test_defined": 6330,
  "num_test_used": 6330,
  "class_labels": [
    "fam:Android",
    "fam:Linux",
    "fam:Windows",
    "fam:iOS",
    "fam:macOS"
  ]
}