{
  "level": "family",
  "alpha_B": 0.45,
  "m_cal": 6329,
  "q_hat_leaf_B": 0.1791156530380249,
  "metrics": {
    "coverage": 0.5676145339652449,
    "set_size_mean": 0.5721958925750394,
    "set_size_median": 1.0,
    "empty_rate": 0.4278041074249605,
    "singleton_rate": 0.5721958925750394,
    "base_top1_acc": 0.9434439178515008,
    "top1_acc_non_empty": 0.9919933738266151,
    "hir": 0.0
  },
  "num_test_defined": 6330,
  "num_test_used": 6330,
  "class_labels": [
    "fam:Android",
    "fam:Linux",
    "fam:Windows",
    "fam:iOS",
    "fam:macOS"
  ]
}