{
  "level": "family",
  "alpha": 0.04,
  "m_k": 6329,
  "j": 6077,
  "quantile_step": 0.0001579778830963665,
  "q_hat": 0.5968422293663025,
  "metrics": {
    "coverage": 0.9565560821484992,
    "set_size_mean": 1.0041074249605055,
    "set_size_median": 1.0,
    "empty_rate": 0.001263823064770932,
    "singleton_rate": 0.9933649289099526,
    "top1_acc_non_empty": 0.9547611515343246,
    "base_top1_acc": 0.9540284360189574,
    "hir": 0.3341232227488152
  },
  "num_test_defined": 6330,
  "num_test_used": 6330,
  "class_labels": [
    "fam:Android",
    "fam:Linux",
    "fam:Windows",
    "fam:iOS",
    "fam:macOS"
  ]
}