{
  "level": "family",
  "alpha": 0.075,
  "m_k": 6329,
  "j": 5856,
  "quantile_step": 0.0001579778830963665,
  "q_hat": 0.1561805009841919,
  "metrics": {
    "coverage": 0.9090047393364928,
    "set_size_mean": 0.9290679304897315,
    "set_size_median": 1.0,
    "empty_rate": 0.07093206951026856,
    "singleton_rate": 0.9290679304897315,
    "top1_acc_non_empty": 0.9784050331576263,
    "base_top1_acc": 0.9519747235387046,
    "hir": 0.2282780410742496
  },
  "num_test_defined": 6330,
  "num_test_used": 6330,
  "class_labels": [
    "fam:Android",
    "fam:Linux",
    "fam:Windows",
    "fam:iOS",
    "fam:macOS"
  ]
}