{
  "level": "family",
  "alpha": 0.35,
  "m_k": 6329,
  "j": 4115,
  "quantile_step": 0.0001579778830963665,
  "q_hat": 0.001970350742340088,
  "metrics": {
    "coverage": 0.6470774091627172,
    "set_size_mean": 0.6486571879936809,
    "set_size_median": 1.0,
    "empty_rate": 0.3513428120063191,
    "singleton_rate": 0.6486571879936809,
    "top1_acc_non_empty": 0.997564539698003,
    "base_top1_acc": 0.9549763033175356,
    "hir": 0.2783570300157978
  },
  "num_test_defined": 6330,
  "num_test_used": 6330,
  "class_labels": [
    "fam:Android",
    "fam:Linux",
    "fam:Windows",
    "fam:iOS",
    "fam:macOS"
  ]
}