{
  "level": "family",
  "alpha_B": 0.45,
  "m_cal": 6329,
  "q_hat_leaf_B": 0.14194399118423462,
  "metrics": {
    "coverage": 0.5415481832543444,
    "set_size_mean": 0.5447077409162717,
    "set_size_median": 1.0,
    "empty_rate": 0.4552922590837283,
    "singleton_rate": 0.5447077409162717,
    "base_top1_acc": 0.9423380726698263,
    "top1_acc_non_empty": 0.994199535962877,
    "hir": 0.0
  },
  "num_test_defined": 6330,
  "num_test_used": 6330,
  "class_labels": [
    "fam:Android",
    "fam:Linux",
    "fam:Windows",
    "fam:iOS",
    "fam:macOS"
  ]
}