{
  "level": "family",
  "alpha": 0.35,
  "m_k": 6329,
  "j": 4115,
  "quantile_step": 0.0001579778830963665,
  "q_hat": 0.0019561052322387695,
  "metrics": {
    "coverage": 0.6464454976303318,
    "set_size_mean": 0.64739336492891,
    "set_size_median": 1.0,
    "empty_rate": 0.35260663507109,
    "singleton_rate": 0.64739336492891,
    "top1_acc_non_empty": 0.9985358711566618,
    "base_top1_acc": 0.9554502369668246,
    "hir": 0.27851500789889416
  },
  "num_test_defined": 6330,
  "num_test_used": 6330,
  "class_labels": [
    "fam:Android",
    "fam:Linux",
    "fam:Windows",
    "fam:iOS",
    "fam:macOS"
  ]
}