level,alpha,m_k,j,quantile_step,q_hat,num_test_defined,num_test_used
family,0.25,6329,4748,0.0001579778830963665,0.010726749897003174,6330,6330
