{
  "level": "family",
  "alpha": 0.02,
  "m_k": 6329,
  "j": 6204,
  "quantile_step": 0.0001579778830963665,
  "q_hat": 0.9144785404205322,
  "metrics": {
    "coverage": 0.9818325434439179,
    "set_size_mean": 1.123696682464455,
    "set_size_median": 1.0,
    "empty_rate": 0.0,
    "singleton_rate": 0.8890995260663507,
    "top1_acc_non_empty": 0.9529225908372828,
    "base_top1_acc": 0.9529225908372828,
    "hir": 0.4056872037914692
  },
  "num_test_defined": 6330,
  "num_test_used": 6330,
  "class_labels": [
    "fam:Android",
    "fam:Linux",
    "fam:Windows",
    "fam:iOS",
    "fam:macOS"
  ]
}