{
  "level": "family",
  "alpha": 0.05,
  "m_k": 6329,
  "j": 6014,
  "quantile_step": 0.0001579778830963665,
  "q_hat": 0.39894527196884155,
  "metrics": {
    "coverage": 0.95086887835703,
    "set_size_mean": 0.9872037914691943,
    "set_size_median": 1.0,
    "empty_rate": 0.012796208530805687,
    "singleton_rate": 0.9872037914691943,
    "top1_acc_non_empty": 0.9631941110577692,
    "base_top1_acc": 0.9554502369668246,
    "hir": 0.314218009478673
  },
  "num_test_defined": 6330,
  "num_test_used": 6330,
  "class_labels": [
    "fam:Android",
    "fam:Linux",
    "fam:Windows",
    "fam:iOS",
    "fam:macOS"
  ]
}