{
  "level": "family",
  "alpha": 0.5,
  "m_k": 6329,
  "j": 3165,
  "quantile_step": 0.0001579778830963665,
  "q_hat": 0.00027483701705932617,
  "metrics": {
    "coverage": 0.5039494470774092,
    "set_size_mean": 0.5042654028436019,
    "set_size_median": 1.0,
    "empty_rate": 0.4957345971563981,
    "singleton_rate": 0.5042654028436019,
    "top1_acc_non_empty": 0.9993734335839599,
    "base_top1_acc": 0.956872037914692,
    "hir": 0.268088467614534
  },
  "num_test_defined": 6330,
  "num_test_used": 6330,
  "class_labels": [
    "fam:Android",
    "fam:Linux",
    "fam:Windows",
    "fam:iOS",
    "fam:macOS"
  ]
}