{
  "level": "family",
  "alpha_LoUPCP": 0.35,
  "m_cal": 6329,
  "q_hat_leaf_LoUPCP": 0.4861549139022827,
  "metrics": {
    "coverage": 0.7031595576619273,
    "set_size_mean": 0.7257503949447077,
    "set_size_median": 1.0,
    "empty_rate": 0.2742496050552923,
    "singleton_rate": 0.7257503949447077,
    "base_top1_acc": 0.9415481832543444,
    "top1_acc_non_empty": 0.9688724423160644,
    "hir": 0.0
  },
  "num_test_defined": 6330,
  "num_test_used": 6330,
  "class_labels": [
    "fam:Android",
    "fam:Linux",
    "fam:Windows",
    "fam:iOS",
    "fam:macOS"
  ]
}