{
  "level": "family",
  "alpha": 0.2,
  "m_k": 6329,
  "j": 5064,
  "quantile_step": 0.0001579778830963665,
  "q_hat": 0.032653987407684326,
  "metrics": {
    "coverage": 0.7995260663507109,
    "set_size_mean": 0.8052132701421801,
    "set_size_median": 1.0,
    "empty_rate": 0.19478672985781992,
    "singleton_rate": 0.8052132701421801,
    "top1_acc_non_empty": 0.9929370217775162,
    "base_top1_acc": 0.9543443917851501,
    "hir": 0.33886255924170616
  },
  "num_test_defined": 6330,
  "num_test_used": 6330,
  "class_labels": [
    "fam:Android",
    "fam:Linux",
    "fam:Windows",
    "fam:iOS",
    "fam:macOS"
  ]
}