{
  "level": "family",
  "alpha": 0.3,
  "m_k": 6329,
  "j": 4431,
  "quantile_step": 0.0001579778830963665,
  "q_hat": 0.0038790106773376465,
  "metrics": {
    "coverage": 0.7001579778830964,
    "set_size_mean": 0.7022116903633492,
    "set_size_median": 1.0,
    "empty_rate": 0.29778830963665087,
    "singleton_rate": 0.7022116903633492,
    "top1_acc_non_empty": 0.9970753655793025,
    "base_top1_acc": 0.9535545023696682,
    "hir": 0.3691943127962085
  },
  "num_test_defined": 6330,
  "num_test_used": 6330,
  "class_labels": [
    "fam:Android",
    "fam:Linux",
    "fam:Windows",
    "fam:iOS",
    "fam:macOS"
  ]
}