{
  "level": "family",
  "alpha": 0.35,
  "m_k": 6329,
  "j": 4115,
  "quantile_step": 0.0001579778830963665,
  "q_hat": 0.0020641088485717773,
  "metrics": {
    "coverage": 0.6518167456556082,
    "set_size_mean": 0.6530805687203791,
    "set_size_median": 1.0,
    "empty_rate": 0.3469194312796208,
    "singleton_rate": 0.6530805687203791,
    "top1_acc_non_empty": 0.9980648282535075,
    "base_top1_acc": 0.9592417061611375,
    "hir": 0.29636650868878356
  },
  "num_test_defined": 6330,
  "num_test_used": 6330,
  "class_labels": [
    "fam:Android",
    "fam:Linux",
    "fam:Windows",
    "fam:iOS",
    "fam:macOS"
  ]
}