{
  "level": "family",
  "alpha_B": 0.1,
  "m_cal": 6329,
  "q_hat_leaf_B": 0.8395093679428101,
  "metrics": {
    "coverage": 0.966350710900474,
    "set_size_mean": 1.0652448657187994,
    "set_size_median": 1.0,
    "empty_rate": 0.0009478672985781991,
    "singleton_rate": 0.9341232227488152,
    "base_top1_acc": 0.9462875197472354,
    "top1_acc_non_empty": 0.9468690702087287,
    "hir": 0.0
  },
  "num_test_defined": 6330,
  "num_test_used": 6330,
  "class_labels": [
    "fam:Android",
    "fam:Linux",
    "fam:Windows",
    "fam:iOS",
    "fam:macOS"
  ]
}