{
  "level": "family",
  "alpha": 0.04,
  "m_k": 6329,
  "j": 6077,
  "quantile_step": 0.0001579778830963665,
  "q_hat": 0.6669509410858154,
  "metrics": {
    "coverage": 0.963349131121643,
    "set_size_mean": 1.0156398104265403,
    "set_size_median": 1.0,
    "empty_rate": 0.0,
    "singleton_rate": 0.9843601895734597,
    "top1_acc_non_empty": 0.9551342812006319,
    "base_top1_acc": 0.9551342812006319,
    "hir": 0.3353870458135861
  },
  "num_test_defined": 6330,
  "num_test_used": 6330,
  "class_labels": [
    "fam:Android",
    "fam:Linux",
    "fam:Windows",
    "fam:iOS",
    "fam:macOS"
  ]
}