{
  "level": "family",
  "alpha_B": 0.35,
  "m_cal": 6329,
  "q_hat_leaf_B": 0.502685546875,
  "metrics": {
    "coverage": 0.717693522906793,
    "set_size_mean": 0.740916271721959,
    "set_size_median": 1.0,
    "empty_rate": 0.25908372827804105,
    "singleton_rate": 0.740916271721959,
    "base_top1_acc": 0.946129541864139,
    "top1_acc_non_empty": 0.9686567164179104,
    "hir": 0.0
  },
  "num_test_defined": 6330,
  "num_test_used": 6330,
  "class_labels": [
    "fam:Android",
    "fam:Linux",
    "fam:Windows",
    "fam:iOS",
    "fam:macOS"
  ]
}