{
  "level": "family",
  "alpha_LoUPCP": 0.35,
  "m_cal": 6329,
  "q_hat_leaf_LoUPCP": 0.4970088601112366,
  "metrics": {
    "coverage": 0.7154818325434439,
    "set_size_mean": 0.737914691943128,
    "set_size_median": 1.0,
    "empty_rate": 0.262085308056872,
    "singleton_rate": 0.737914691943128,
    "base_top1_acc": 0.9420221169036335,
    "top1_acc_non_empty": 0.9695996574609291,
    "hir": 0.0
  },
  "num_test_defined": 6330,
  "num_test_used": 6330,
  "class_labels": [
    "fam:Android",
    "fam:Linux",
    "fam:Windows",
    "fam:iOS",
    "fam:macOS"
  ]
}