{
  "level": "family",
  "alpha": 0.2,
  "m_k": 6329,
  "j": 5064,
  "quantile_step": 0.0001579778830963665,
  "q_hat": 0.03171861171722412,
  "metrics": {
    "coverage": 0.7984202211690363,
    "set_size_mean": 0.8031595576619274,
    "set_size_median": 1.0,
    "empty_rate": 0.19684044233807266,
    "singleton_rate": 0.8031595576619274,
    "top1_acc_non_empty": 0.9940991345397325,
    "base_top1_acc": 0.9546603475513428,
    "hir": 0.33981042654028437
  },
  "num_test_defined": 6330,
  "num_test_used": 6330,
  "class_labels": [
    "fam:Android",
    "fam:Linux",
    "fam:Windows",
    "fam:iOS",
    "fam:macOS"
  ]
}