{
  "level": "family",
  "alpha_B": 0.3,
  "m_cal": 6329,
  "q_hat_leaf_B": 0.6350821256637573,
  "metrics": {
    "coverage": 0.8018957345971564,
    "set_size_mean": 0.8440758293838863,
    "set_size_median": 1.0,
    "empty_rate": 0.16919431279620853,
    "singleton_rate": 0.8175355450236966,
    "base_top1_acc": 0.9462875197472354,
    "top1_acc_non_empty": 0.958737402548013,
    "hir": 0.0
  },
  "num_test_defined": 6330,
  "num_test_used": 6330,
  "class_labels": [
    "fam:Android",
    "fam:Linux",
    "fam:Windows",
    "fam:iOS",
    "fam:macOS"
  ]
}