{
  "level": "family",
  "alpha": 0.02,
  "m_k": 6329,
  "j": 6204,
  "quantile_step": 0.0001579778830963665,
  "q_hat": 0.9155483841896057,
  "metrics": {
    "coverage": 0.9832543443917852,
    "set_size_mean": 1.1364928909952607,
    "set_size_median": 1.0,
    "empty_rate": 0.0,
    "singleton_rate": 0.875829383886256,
    "top1_acc_non_empty": 0.9557661927330173,
    "base_top1_acc": 0.9557661927330173,
    "hir": 0.38515007898894155
  },
  "num_test_defined": 6330,
  "num_test_used": 6330,
  "class_labels": [
    "fam:Android",
    "fam:Linux",
    "fam:Windows",
    "fam:iOS",
    "fam:macOS"
  ]
}