{
  "level": "family",
  "alpha": 0.02,
  "m_k": 6329,
  "j": 6204,
  "quantile_step": 0.0001579778830963665,
  "q_hat": 0.9125713109970093,
  "metrics": {
    "coverage": 0.981042654028436,
    "set_size_mean": 1.1131121642969983,
    "set_size_median": 1.0,
    "empty_rate": 0.0,
    "singleton_rate": 0.8985781990521327,
    "top1_acc_non_empty": 0.9571879936808847,
    "base_top1_acc": 0.9571879936808847,
    "hir": 0.39273301737756716
  },
  "num_test_defined": 6330,
  "num_test_used": 6330,
  "class_labels": [
    "fam:Android",
    "fam:Linux",
    "fam:Windows",
    "fam:iOS",
    "fam:macOS"
  ]
}