{
  "level": "family",
  "alpha": 0.4,
  "m_k": 6329,
  "j": 3798,
  "quantile_step": 0.0001579778830963665,
  "q_hat": 0.0010047554969787598,
  "metrics": {
    "coverage": 0.606477093206951,
    "set_size_mean": 0.6072669826224328,
    "set_size_median": 1.0,
    "empty_rate": 0.39273301737756716,
    "singleton_rate": 0.6072669826224328,
    "top1_acc_non_empty": 0.9986992715920916,
    "base_top1_acc": 0.956872037914692,
    "hir": 0.2410742496050553
  },
  "num_test_defined": 6330,
  "num_test_used": 6330,
  "class_labels": [
    "fam:Android",
    "fam:Linux",
    "fam:Windows",
    "fam:iOS",
    "fam:macOS"
  ]
}