{
  "level": "family",
  "alpha_B": 0.04,
  "m_cal": 6329,
  "q_hat_leaf_B": 0.952710747718811,
  "metrics": {
    "coverage": 0.9860979462875198,
    "set_size_mean": 1.2628751974723538,
    "set_size_median": 1.0,
    "empty_rate": 0.0,
    "singleton_rate": 0.7865718799368089,
    "base_top1_acc": 0.9424960505529226,
    "top1_acc_non_empty": 0.9424960505529226,
    "hir": 0.0
  },
  "num_test_defined": 6330,
  "num_test_used": 6330,
  "class_labels": [
    "fam:Android",
    "fam:Linux",
    "fam:Windows",
    "fam:iOS",
    "fam:macOS"
  ]
}