{
  "level": "family",
  "alpha": 0.45,
  "m_k": 6329,
  "j": 3482,
  "quantile_step": 0.0001579778830963665,
  "q_hat": 0.00042110681533813477,
  "metrics": {
    "coverage": 0.5382306477093207,
    "set_size_mean": 0.5388625592417061,
    "set_size_median": 1.0,
    "empty_rate": 0.4611374407582938,
    "singleton_rate": 0.5388625592417061,
    "top1_acc_non_empty": 0.9988273233655819,
    "base_top1_acc": 0.9519747235387046,
    "hir": 0.23570300157977883
  },
  "num_test_defined": 6330,
  "num_test_used": 6330,
  "class_labels": [
    "fam:Android",
    "fam:Linux",
    "fam:Windows",
    "fam:iOS",
    "fam:macOS"
  ]
}