{
  "level": "family",
  "alpha": 0.35,
  "m_k": 6329,
  "j": 4115,
  "quantile_step": 0.0001579778830963665,
  "q_hat": 0.0019801855087280273,
  "metrics": {
    "coverage": 0.647867298578199,
    "set_size_mean": 0.6489731437598736,
    "set_size_median": 1.0,
    "empty_rate": 0.35102685624012636,
    "singleton_rate": 0.6489731437598736,
    "top1_acc_non_empty": 0.9982960077896786,
    "base_top1_acc": 0.955608214849921,
    "hir": 0.2747235387045814
  },
  "num_test_defined": 6330,
  "num_test_used": 6330,
  "class_labels": [
    "fam:Android",
    "fam:Linux",
    "fam:Windows",
    "fam:iOS",
    "fam:macOS"
  ]
}