{
  "level": "family",
  "alpha_LoUPCP": 0.25,
  "m_cal": 6329,
  "q_hat_leaf_LoUPCP": 0.6976195573806763,
  "metrics": {
    "coverage": 0.8750394944707741,
    "set_size_mean": 0.9434439178515008,
    "set_size_median": 1.0,
    "empty_rate": 0.08609794628751975,
    "singleton_rate": 0.8843601895734597,
    "base_top1_acc": 0.9418641390205371,
    "top1_acc_non_empty": 0.946067415730337,
    "hir": 0.0
  },
  "num_test_defined": 6330,
  "num_test_used": 6330,
  "class_labels": [
    "fam:Android",
    "fam:Linux",
    "fam:Windows",
    "fam:iOS",
    "fam:macOS"
  ]
}