{
  "level": "family",
  "alpha": 0.01,
  "m_k": 6329,
  "j": 6267,
  "quantile_step": 0.0001579778830963665,
  "q_hat": 0.9541208744049072,
  "metrics": {
    "coverage": 0.9913112164296999,
    "set_size_mean": 1.2260663507109004,
    "set_size_median": 1.0,
    "empty_rate": 0.0,
    "singleton_rate": 0.8225908372827804,
    "top1_acc_non_empty": 0.957345971563981,
    "base_top1_acc": 0.957345971563981,
    "hir": 0.5205371248025277
  },
  "num_test_defined": 6330,
  "num_test_used": 6330,
  "class_labels": [
    "fam:Android",
    "fam:Linux",
    "fam:Windows",
    "fam:iOS",
    "fam:macOS"
  ]
}