{
  "level": "family",
  "alpha": 0.03,
  "m_k": 6329,
  "j": 6141,
  "quantile_step": 0.0001579778830963665,
  "q_hat": 0.8001502752304077,
  "metrics": {
    "coverage": 0.973301737756714,
    "set_size_mean": 1.0382306477093206,
    "set_size_median": 1.0,
    "empty_rate": 0.0,
    "singleton_rate": 0.9630331753554502,
    "top1_acc_non_empty": 0.9552922590837283,
    "base_top1_acc": 0.9552922590837283,
    "hir": 0.36145339652448655
  },
  "num_test_defined": 6330,
  "num_test_used": 6330,
  "class_labels": [
    "fam:Android",
    "fam:Linux",
    "fam:Windows",
    "fam:iOS",
    "fam:macOS"
  ]
}