{
  "level": "family",
  "alpha": 0.05,
  "m_k": 6329,
  "j": 6014,
  "quantile_step": 0.0001579778830963665,
  "q_hat": 0.38199007511138916,
  "metrics": {
    "coverage": 0.94913112164297,
    "set_size_mean": 0.984044233807267,
    "set_size_median": 1.0,
    "empty_rate": 0.015955766192733017,
    "singleton_rate": 0.984044233807267,
    "top1_acc_non_empty": 0.9645207898539091,
    "base_top1_acc": 0.955608214849921,
    "hir": 0.2943127962085308
  },
  "num_test_defined": 6330,
  "num_test_used": 6330,
  "class_labels": [
    "fam:Android",
    "fam:Linux",
    "fam:Windows",
    "fam:iOS",
    "fam:macOS"
  ]
}