{
  "level": "family",
  "alpha_B": 0.35,
  "m_cal": 6329,
  "q_hat_leaf_B": 0.5054996609687805,
  "metrics": {
    "coverage": 0.7249605055292259,
    "set_size_mean": 0.7475513428120063,
    "set_size_median": 1.0,
    "empty_rate": 0.2524486571879937,
    "singleton_rate": 0.7475513428120063,
    "base_top1_acc": 0.9448657187993681,
    "top1_acc_non_empty": 0.9697802197802198,
    "hir": 0.0
  },
  "num_test_defined": 6330,
  "num_test_used": 6330,
  "class_labels": [
    "fam:Android",
    "fam:Linux",
    "fam:Windows",
    "fam:iOS",
    "fam:macOS"
  ]
}