{
  "level": "family",
  "alpha_LoUPCP": 0.3,
  "m_cal": 6329,
  "q_hat_leaf_LoUPCP": 0.6133052706718445,
  "metrics": {
    "coverage": 0.7903633491311216,
    "set_size_mean": 0.8360189573459715,
    "set_size_median": 1.0,
    "empty_rate": 0.17472353870458135,
    "singleton_rate": 0.8145339652448658,
    "base_top1_acc": 0.9394944707740917,
    "top1_acc_non_empty": 0.9531010719754976,
    "hir": 0.0
  },
  "num_test_defined": 6330,
  "num_test_used": 6330,
  "class_labels": [
    "fam:Android",
    "fam:Linux",
    "fam:Windows",
    "fam:iOS",
    "fam:macOS"
  ]
}