{
  "level": "family",
  "alpha_B": 0.3,
  "m_cal": 6329,
  "q_hat_leaf_B": 0.6121746301651001,
  "metrics": {
    "coverage": 0.7818325434439178,
    "set_size_mean": 0.8279620853080568,
    "set_size_median": 1.0,
    "empty_rate": 0.18278041074249604,
    "singleton_rate": 0.806477093206951,
    "base_top1_acc": 0.9398104265402843,
    "top1_acc_non_empty": 0.9534119466460468,
    "hir": 0.0
  },
  "num_test_defined": 6330,
  "num_test_used": 6330,
  "class_labels": [
    "fam:Android",
    "fam:Linux",
    "fam:Windows",
    "fam:iOS",
    "fam:macOS"
  ]
}