{
  "level": "family",
  "alpha": 0.5,
  "m_k": 6329,
  "j": 3165,
  "quantile_step": 0.0001579778830963665,
  "q_hat": 0.00029605627059936523,
  "metrics": {
    "coverage": 0.5109004739336492,
    "set_size_mean": 0.511216429699842,
    "set_size_median": 1.0,
    "empty_rate": 0.48878357030015795,
    "singleton_rate": 0.511216429699842,
    "top1_acc_non_empty": 0.9993819530284301,
    "base_top1_acc": 0.9540284360189574,
    "hir": 0.27488151658767773
  },
  "num_test_defined": 6330,
  "num_test_used": 6330,
  "class_labels": [
    "fam:Android",
    "fam:Linux",
    "fam:Windows",
    "fam:iOS",
    "fam:macOS"
  ]
}