{
  "level": "family",
  "alpha": 0.25,
  "m_k": 6329,
  "j": 4748,
  "quantile_step": 0.0001579778830963665,
  "q_hat": 0.00934988260269165,
  "metrics": {
    "coverage": 0.7494470774091627,
    "set_size_mean": 0.75260663507109,
    "set_size_median": 1.0,
    "empty_rate": 0.24739336492890995,
    "singleton_rate": 0.75260663507109,
    "top1_acc_non_empty": 0.9958018471872376,
    "base_top1_acc": 0.9560821484992101,
    "hir": 0.369826224328594
  },
  "num_test_defined": 6330,
  "num_test_used": 6330,
  "class_labels": [
    "fam:Android",
    "fam:Linux",
    "fam:Windows",
    "fam:iOS",
    "fam:macOS"
  ]
}