{
  "level": "family",
  "alpha": 0.5,
  "m_k": 6329,
  "j": 3165,
  "quantile_step": 0.0001579778830963665,
  "q_hat": 0.000268399715423584,
  "metrics": {
    "coverage": 0.5014218009478673,
    "set_size_mean": 0.5015797788309637,
    "set_size_median": 1.0,
    "empty_rate": 0.49842022116903634,
    "singleton_rate": 0.5015797788309637,
    "top1_acc_non_empty": 0.9996850393700787,
    "base_top1_acc": 0.9532385466034755,
    "hir": 0.27140600315955765
  },
  "num_test_defined": 6330,
  "num_test_used": 6330,
  "class_labels": [
    "fam:Android",
    "fam:Linux",
    "fam:Windows",
    "fam:iOS",
    "fam:macOS"
  ]
}