{
  "level": "family",
  "alpha_LoUPCP": 0.1,
  "m_cal": 6329,
  "q_hat_leaf_LoUPCP": 0.8309788703918457,
  "metrics": {
    "coverage": 0.9609794628751974,
    "set_size_mean": 1.061611374407583,
    "set_size_median": 1.0,
    "empty_rate": 0.0009478672985781991,
    "singleton_rate": 0.9379146919431279,
    "base_top1_acc": 0.943127962085308,
    "top1_acc_non_empty": 0.9437065148640101,
    "hir": 0.0
  },
  "num_test_defined": 6330,
  "num_test_used": 6330,
  "class_labels": [
    "fam:Android",
    "fam:Linux",
    "fam:Windows",
    "fam:iOS",
    "fam:macOS"
  ]
}