{
  "level": "family",
  "alpha": 0.075,
  "m_k": 6329,
  "j": 5856,
  "quantile_step": 0.0001579778830963665,
  "q_hat": 0.18443667888641357,
  "metrics": {
    "coverage": 0.9225908372827805,
    "set_size_mean": 0.9428120063191153,
    "set_size_median": 1.0,
    "empty_rate": 0.057187993680884674,
    "singleton_rate": 0.9428120063191153,
    "top1_acc_non_empty": 0.9785522788203753,
    "base_top1_acc": 0.9543443917851501,
    "hir": 0.24928909952606634
  },
  "num_test_defined": 6330,
  "num_test_used": 6330,
  "class_labels": [
    "fam:Android",
    "fam:Linux",
    "fam:Windows",
    "fam:iOS",
    "fam:macOS"
  ]
}