{
  "level": "family",
  "alpha": 0.05,
  "m_k": 6329,
  "j": 6014,
  "quantile_step": 0.0001579778830963665,
  "q_hat": 0.40991878509521484,
  "metrics": {
    "coverage": 0.9524486571879937,
    "set_size_mean": 0.9897314375987362,
    "set_size_median": 1.0,
    "empty_rate": 0.010268562401263823,
    "singleton_rate": 0.9897314375987362,
    "top1_acc_non_empty": 0.9623304070231444,
    "base_top1_acc": 0.9557661927330173,
    "hir": 0.31990521327014215
  },
  "num_test_defined": 6330,
  "num_test_used": 6330,
  "class_labels": [
    "fam:Android",
    "fam:Linux",
    "fam:Windows",
    "fam:iOS",
    "fam:macOS"
  ]
}