{
  "level": "family",
  "alpha": 0.04,
  "m_k": 6329,
  "j": 6077,
  "quantile_step": 0.0001579778830963665,
  "q_hat": 0.5929470062255859,
  "metrics": {
    "coverage": 0.9560821484992101,
    "set_size_mean": 1.0045813586097947,
    "set_size_median": 1.0,
    "empty_rate": 0.0009478672985781991,
    "singleton_rate": 0.993522906793049,
    "top1_acc_non_empty": 0.9544592030360531,
    "base_top1_acc": 0.953870458135861,
    "hir": 0.33001579778830964
  },
  "num_test_defined": 6330,
  "num_test_used": 6330,
  "class_labels": [
    "fam:Android",
    "fam:Linux",
    "fam:Windows",
    "fam:iOS",
    "fam:macOS"
  ]
}