{
  "level": "family",
  "alpha_LoUPCP": 0.3,
  "m_cal": 6329,
  "q_hat_leaf_LoUPCP": 0.608279287815094,
  "metrics": {
    "coverage": 0.782306477093207,
    "set_size_mean": 0.8255924170616113,
    "set_size_median": 1.0,
    "empty_rate": 0.18404423380726698,
    "singleton_rate": 0.8063191153238547,
    "base_top1_acc": 0.9417061611374408,
    "top1_acc_non_empty": 0.9550822846079381,
    "hir": 0.0
  },
  "num_test_defined": 6330,
  "num_test_used": 6330,
  "class_labels": [
    "fam:Android",
    "fam:Linux",
    "fam:Windows",
    "fam:iOS",
    "fam:macOS"
  ]
}