{
  "level": "family",
  "alpha": 0.5,
  "m_k": 6329,
  "j": 3165,
  "quantile_step": 0.0001579778830963665,
  "q_hat": 0.0002631545066833496,
  "metrics": {
    "coverage": 0.4987361769352291,
    "set_size_mean": 0.4990521327014218,
    "set_size_median": 0.0,
    "empty_rate": 0.5009478672985782,
    "singleton_rate": 0.4990521327014218,
    "top1_acc_non_empty": 0.9993668882557771,
    "base_top1_acc": 0.9549763033175356,
    "hir": 0.274565560821485
  },
  "num_test_defined": 6330,
  "num_test_used": 6330,
  "class_labels": [
    "fam:Android",
    "fam:Linux",
    "fam:Windows",
    "fam:iOS",
    "fam:macOS"
  ]
}