{
  "level": "family",
  "alpha_B": 0.2,
  "m_cal": 6329,
  "q_hat_leaf_B": 0.7660332918167114,
  "metrics": {
    "coverage": 0.9417061611374408,
    "set_size_mean": 1.020695102685624,
    "set_size_median": 1.0,
    "empty_rate": 0.021169036334913113,
    "singleton_rate": 0.9369668246445497,
    "base_top1_acc": 0.944391785150079,
    "top1_acc_non_empty": 0.947224015493867,
    "hir": 0.0
  },
  "num_test_defined": 6330,
  "num_test_used": 6330,
  "class_labels": [
    "fam:Android",
    "fam:Linux",
    "fam:Windows",
    "fam:iOS",
    "fam:macOS"
  ]
}