{
  "level": "family",
  "alpha": 0.4,
  "m_k": 6329,
  "j": 3798,
  "quantile_step": 0.0001579778830963665,
  "q_hat": 0.0011071562767028809,
  "metrics": {
    "coverage": 0.6131121642969984,
    "set_size_mean": 0.6139020537124803,
    "set_size_median": 1.0,
    "empty_rate": 0.38609794628751976,
    "singleton_rate": 0.6139020537124803,
    "top1_acc_non_empty": 0.9987133299022131,
    "base_top1_acc": 0.9559241706161138,
    "hir": 0.24739336492890995
  },
  "num_test_defined": 6330,
  "num_test_used": 6330,
  "class_labels": [
    "fam:Android",
    "fam:Linux",
    "fam:Windows",
    "fam:iOS",
    "fam:macOS"
  ]
}