{
  "level": "family",
  "alpha": 0.15,
  "m_k": 6329,
  "j": 5381,
  "quantile_step": 0.0001579778830963665,
  "q_hat": 0.08261466026306152,
  "metrics": {
    "coverage": 0.8516587677725118,
    "set_size_mean": 0.8600315955766192,
    "set_size_median": 1.0,
    "empty_rate": 0.13996840442338074,
    "singleton_rate": 0.8600315955766192,
    "top1_acc_non_empty": 0.9902645113886848,
    "base_top1_acc": 0.9549763033175356,
    "hir": 0.27756714060031595
  },
  "num_test_defined": 6330,
  "num_test_used": 6330,
  "class_labels": [
    "fam:Android",
    "fam:Linux",
    "fam:Windows",
    "fam:iOS",
    "fam:macOS"
  ]
}