{
  "level": "family",
  "alpha": 0.1,
  "m_k": 6329,
  "j": 5697,
  "quantile_step": 0.0001579778830963665,
  "q_hat": 0.1353784203529358,
  "metrics": {
    "coverage": 0.9080568720379147,
    "set_size_mean": 0.9225908372827805,
    "set_size_median": 1.0,
    "empty_rate": 0.07740916271721959,
    "singleton_rate": 0.9225908372827805,
    "top1_acc_non_empty": 0.9842465753424657,
    "base_top1_acc": 0.9559241706161138,
    "hir": 0.22954186413902053
  },
  "num_test_defined": 6330,
  "num_test_used": 6330,
  "class_labels": [
    "fam:Android",
    "fam:Linux",
    "fam:Windows",
    "fam:iOS",
    "fam:macOS"
  ]
}