{
  "level": "family",
  "alpha_LoUPCP": 0.1,
  "m_cal": 6329,
  "q_hat_leaf_LoUPCP": 0.8314675688743591,
  "metrics": {
    "coverage": 0.9620853080568721,
    "set_size_mean": 1.064296998420221,
    "set_size_median": 1.0,
    "empty_rate": 0.0011058451816745656,
    "singleton_rate": 0.934913112164297,
    "base_top1_acc": 0.9420221169036335,
    "top1_acc_non_empty": 0.9429068480151827,
    "hir": 0.0
  },
  "num_test_defined": 6330,
  "num_test_used": 6330,
  "class_labels": [
    "fam:Android",
    "fam:Linux",
    "fam:Windows",
    "fam:iOS",
    "fam:macOS"
  ]
}