{
  "level": "family",
  "alpha_LoUPCP": 0.5,
  "m_cal": 6329,
  "q_hat_leaf_LoUPCP": 0.06289291381835938,
  "metrics": {
    "coverage": 0.495260663507109,
    "set_size_mean": 0.4977883096366509,
    "set_size_median": 0.0,
    "empty_rate": 0.5022116903633491,
    "singleton_rate": 0.4977883096366509,
    "base_top1_acc": 0.9394944707740917,
    "top1_acc_non_empty": 0.9949222469057442,
    "hir": 0.0
  },
  "num_test_defined": 6330,
  "num_test_used": 6330,
  "class_labels": [
    "fam:Android",
    "fam:Linux",
    "fam:Windows",
    "fam:iOS",
    "fam:macOS"
  ]
}