{
  "level": "family",
  "alpha_B": 0.3,
  "m_cal": 6329,
  "q_hat_leaf_B": 0.619562029838562,
  "metrics": {
    "coverage": 0.7924170616113744,
    "set_size_mean": 0.8372827804107424,
    "set_size_median": 1.0,
    "empty_rate": 0.1750394944707741,
    "singleton_rate": 0.8126382306477093,
    "base_top1_acc": 0.9423380726698263,
    "top1_acc_non_empty": 0.9546150900038299,
    "hir": 0.0
  },
  "num_test_defined": 6330,
  "num_test_used": 6330,
  "class_labels": [
    "fam:Android",
    "fam:Linux",
    "fam:Windows",
    "fam:iOS",
    "fam:macOS"
  ]
}