{
  "level": "family",
  "alpha_B": 0.45,
  "m_cal": 6329,
  "q_hat_leaf_B": 0.1547762155532837,
  "metrics": {
    "coverage": 0.5510268562401264,
    "set_size_mean": 0.5548183254344392,
    "set_size_median": 1.0,
    "empty_rate": 0.44518167456556085,
    "singleton_rate": 0.5548183254344392,
    "base_top1_acc": 0.9424960505529226,
    "top1_acc_non_empty": 0.9931662870159453,
    "hir": 0.0
  },
  "num_test_defined": 6330,
  "num_test_used": 6330,
  "class_labels": [
    "fam:Android",
    "fam:Linux",
    "fam:Windows",
    "fam:iOS",
    "fam:macOS"
  ]
}