{
  "level": "family",
  "alpha_B": 0.5,
  "m_cal": 6329,
  "q_hat_leaf_B": 0.07032829523086548,
  "metrics": {
    "coverage": 0.5107424960505529,
    "set_size_mean": 0.5137440758293839,
    "set_size_median": 1.0,
    "empty_rate": 0.48625592417061614,
    "singleton_rate": 0.5137440758293839,
    "base_top1_acc": 0.9423380726698263,
    "top1_acc_non_empty": 0.9941574415744158,
    "hir": 0.0
  },
  "num_test_defined": 6330,
  "num_test_used": 6330,
  "class_labels": [
    "fam:Android",
    "fam:Linux",
    "fam:Windows",
    "fam:iOS",
    "fam:macOS"
  ]
}