coverage,set_size_mean,set_size_median,empty_rate,singleton_rate,top1_acc_non_empty,base_top1_acc,hir,level,alpha,run
0.738546603475513,1.793364928909952,2.0,0.0,0.44533965244865703,0.717693522906793,0.825750394944707,,major,0.25,1
