coverage,set_size_mean,set_size_median,empty_rate,singleton_rate,top1_acc_non_empty,base_top1_acc,hir,level,alpha,run
0.7876777251184831,1.5109004739336491,2.0,0.0,0.48909952606635004,0.7851500789889411,0.944391785150079,0.0,family,0.25,1
