{
  "level": "family",
  "alpha": 0.15,
  "m_k": 6329,
  "j": 5381,
  "quantile_step": 0.0001579778830963665,
  "q_hat": 0.08261466026306152,
  "metrics": {
    "coverage": 0.8515007898894155,
    "set_size_mean": 0.8593996840442338,
    "set_size_median": 1.0,
    "empty_rate": 0.1406003159557662,
    "singleton_rate": 0.8593996840442338,
    "top1_acc_non_empty": 0.9908088235294118,
    "base_top1_acc": 0.955608214849921,
    "hir": 0.27977883096366507
  },
  "num_test_defined": 6330,
  "num_test_used": 6330,
  "class_labels": [
    "fam:Android",
    "fam:Linux",
    "fam:Windows",
    "fam:iOS",
    "fam:macOS"
  ]
}