{
  "level": "family",
  "alpha_LoUPCP": 0.2,
  "m_cal": 6329,
  "q_hat_leaf_LoUPCP": 0.764785647392273,
  "metrics": {
    "coverage": 0.9390205371248025,
    "set_size_mean": 1.0191153238546604,
    "set_size_median": 1.0,
    "empty_rate": 0.021800947867298578,
    "singleton_rate": 0.9372827804107425,
    "base_top1_acc": 0.9418641390205371,
    "top1_acc_non_empty": 0.9449289405684754,
    "hir": 0.0
  },
  "num_test_defined": 6330,
  "num_test_used": 6330,
  "class_labels": [
    "fam:Android",
    "fam:Linux",
    "fam:Windows",
    "fam:iOS",
    "fam:macOS"
  ]
}