{
  "level": "family",
  "alpha": 0.3,
  "m_k": 6329,
  "j": 4431,
  "quantile_step": 0.0001579778830963665,
  "q_hat": 0.00388336181640625,
  "metrics": {
    "coverage": 0.7007898894154818,
    "set_size_mean": 0.7033175355450237,
    "set_size_median": 1.0,
    "empty_rate": 0.2966824644549763,
    "singleton_rate": 0.7033175355450237,
    "top1_acc_non_empty": 0.9964061096136568,
    "base_top1_acc": 0.9560821484992101,
    "hir": 0.3748815165876777
  },
  "num_test_defined": 6330,
  "num_test_used": 6330,
  "class_labels": [
    "fam:Android",
    "fam:Linux",
    "fam:Windows",
    "fam:iOS",
    "fam:macOS"
  ]
}