{
  "level": "family",
  "alpha": 0.03,
  "m_k": 6329,
  "j": 6141,
  "quantile_step": 0.0001579778830963665,
  "q_hat": 0.7563974857330322,
  "metrics": {
    "coverage": 0.963349131121643,
    "set_size_mean": 1.0293838862559241,
    "set_size_median": 1.0,
    "empty_rate": 0.0,
    "singleton_rate": 0.9712480252764613,
    "top1_acc_non_empty": 0.952132701421801,
    "base_top1_acc": 0.952132701421801,
    "hir": 0.35086887835703
  },
  "num_test_defined": 6330,
  "num_test_used": 6330,
  "class_labels": [
    "fam:Android",
    "fam:Linux",
    "fam:Windows",
    "fam:iOS",
    "fam:macOS"
  ]
}