{
  "level": "family",
  "alpha_LoUPCP": 0.25,
  "m_cal": 6329,
  "q_hat_leaf_LoUPCP": 0.693282961845398,
  "metrics": {
    "coverage": 0.869826224328594,
    "set_size_mean": 0.9372827804107425,
    "set_size_median": 1.0,
    "empty_rate": 0.09115323854660348,
    "singleton_rate": 0.8804107424960506,
    "base_top1_acc": 0.9407582938388626,
    "top1_acc_non_empty": 0.9466365374587172,
    "hir": 0.0
  },
  "num_test_defined": 6330,
  "num_test_used": 6330,
  "class_labels": [
    "fam:Android",
    "fam:Linux",
    "fam:Windows",
    "fam:iOS",
    "fam:macOS"
  ]
}