{
  "level": "family",
  "alpha_B": 0.4,
  "m_cal": 6329,
  "q_hat_leaf_B": 0.323525071144104,
  "metrics": {
    "coverage": 0.6290679304897314,
    "set_size_mean": 0.6377567140600316,
    "set_size_median": 1.0,
    "empty_rate": 0.3622432859399684,
    "singleton_rate": 0.6377567140600316,
    "base_top1_acc": 0.9464454976303317,
    "top1_acc_non_empty": 0.9863760217983651,
    "hir": 0.0
  },
  "num_test_defined": 6330,
  "num_test_used": 6330,
  "class_labels": [
    "fam:Android",
    "fam:Linux",
    "fam:Windows",
    "fam:iOS",
    "fam:macOS"
  ]
}