{
  "level": "family",
  "alpha_B": 0.45,
  "m_cal": 6329,
  "q_hat_leaf_B": 0.17497175931930542,
  "metrics": {
    "coverage": 0.5639810426540285,
    "set_size_mean": 0.5682464454976304,
    "set_size_median": 1.0,
    "empty_rate": 0.4317535545023697,
    "singleton_rate": 0.5682464454976304,
    "base_top1_acc": 0.944391785150079,
    "top1_acc_non_empty": 0.9924937447873228,
    "hir": 0.0
  },
  "num_test_defined": 6330,
  "num_test_used": 6330,
  "class_labels": [
    "fam:Android",
    "fam:Linux",
    "fam:Windows",
    "fam:iOS",
    "fam:macOS"
  ]
}