{
  "level": "family",
  "alpha_B": 0.35,
  "m_cal": 6329,
  "q_hat_leaf_B": 0.4606539011001587,
  "metrics": {
    "coverage": 0.6936808846761453,
    "set_size_mean": 0.7131121642969984,
    "set_size_median": 1.0,
    "empty_rate": 0.2868878357030016,
    "singleton_rate": 0.7131121642969984,
    "base_top1_acc": 0.9428120063191153,
    "top1_acc_non_empty": 0.9727514399645547,
    "hir": 0.0
  },
  "num_test_defined": 6330,
  "num_test_used": 6330,
  "class_labels": [
    "fam:Android",
    "fam:Linux",
    "fam:Windows",
    "fam:iOS",
    "fam:macOS"
  ]
}