{
  "level": "family",
  "alpha": 0.4,
  "m_k": 6329,
  "j": 3798,
  "quantile_step": 0.0001579778830963665,
  "q_hat": 0.0009121894836425781,
  "metrics": {
    "coverage": 0.5944707740916272,
    "set_size_mean": 0.5946287519747235,
    "set_size_median": 1.0,
    "empty_rate": 0.40537124802527646,
    "singleton_rate": 0.5946287519747235,
    "top1_acc_non_empty": 0.9997343251859724,
    "base_top1_acc": 0.953870458135861,
    "hir": 0.24407582938388625
  },
  "num_test_defined": 6330,
  "num_test_used": 6330,
  "class_labels": [
    "fam:Android",
    "fam:Linux",
    "fam:Windows",
    "fam:iOS",
    "fam:macOS"
  ]
}