{
  "level": "family",
  "alpha_B": 0.45,
  "m_cal": 6329,
  "q_hat_leaf_B": 0.15344035625457764,
  "metrics": {
    "coverage": 0.5496050552922591,
    "set_size_mean": 0.553870458135861,
    "set_size_median": 1.0,
    "empty_rate": 0.446129541864139,
    "singleton_rate": 0.553870458135861,
    "base_top1_acc": 0.9442338072669826,
    "top1_acc_non_empty": 0.9922989161437535,
    "hir": 0.0
  },
  "num_test_defined": 6330,
  "num_test_used": 6330,
  "class_labels": [
    "fam:Android",
    "fam:Linux",
    "fam:Windows",
    "fam:iOS",
    "fam:macOS"
  ]
}