{
  "level": "family",
  "alpha_LoUPCP": 0.45,
  "m_cal": 6329,
  "q_hat_leaf_LoUPCP": 0.1289944052696228,
  "metrics": {
    "coverage": 0.5352290679304897,
    "set_size_mean": 0.5398104265402843,
    "set_size_median": 1.0,
    "empty_rate": 0.4601895734597156,
    "singleton_rate": 0.5398104265402843,
    "base_top1_acc": 0.9383886255924171,
    "top1_acc_non_empty": 0.9915130231196957,
    "hir": 0.0
  },
  "num_test_defined": 6330,
  "num_test_used": 6330,
  "class_labels": [
    "fam:Android",
    "fam:Linux",
    "fam:Windows",
    "fam:iOS",
    "fam:macOS"
  ]
}