{
  "level": "family",
  "alpha_SCP": 0.05,
  "tau": 0.8282828282828284,
  "m": 1000,
  "calibration_info": {
    "tau": 0.8282828282828284,
    "coverage": 0.9510191183441302,
    "target_coverage": 0.95,
    "n_cal": 6329
  },
  "metrics": {
    "coverage": 0.9589257503949447,
    "set_size_mean": 2.0170616113744075,
    "set_size_median": 2.0,
    "empty_rate": 0.0,
    "singleton_rate": 0.20442338072669827,
    "base_top1_acc": 0.944391785150079,
    "top1_acc_non_empty": 0.9225908372827805,
    "hir": 0.0
  },
  "num_test_defined": 6330,
  "num_test_used": 6330,
  "class_labels": [
    "fam:Android",
    "fam:Linux",
    "fam:Windows",
    "fam:iOS",
    "fam:macOS"
  ]
}