{
  "level": "family",
  "alpha": 0.02,
  "m_k": 6329,
  "j": 6204,
  "quantile_step": 0.0001579778830963665,
  "q_hat": 0.9143019914627075,
  "metrics": {
    "coverage": 0.9815165876777251,
    "set_size_mean": 1.1213270142180094,
    "set_size_median": 1.0,
    "empty_rate": 0.0,
    "singleton_rate": 0.8921011058451817,
    "top1_acc_non_empty": 0.9543443917851501,
    "base_top1_acc": 0.9543443917851501,
    "hir": 0.3872037914691943
  },
  "num_test_defined": 6330,
  "num_test_used": 6330,
  "class_labels": [
    "fam:Android",
    "fam:Linux",
    "fam:Windows",
    "fam:iOS",
    "fam:macOS"
  ]
}