{
  "level": "family",
  "alpha_B": 0.075,
  "m_cal": 6329,
  "q_hat_leaf_B": 0.8978110551834106,
  "metrics": {
    "coverage": 0.9720379146919431,
    "set_size_mean": 1.1045813586097946,
    "set_size_median": 1.0,
    "empty_rate": 0.0,
    "singleton_rate": 0.9048973143759874,
    "base_top1_acc": 0.9466034755134282,
    "top1_acc_non_empty": 0.9466034755134282,
    "hir": 0.0
  },
  "num_test_defined": 6330,
  "num_test_used": 6330,
  "class_labels": [
    "fam:Android",
    "fam:Linux",
    "fam:Windows",
    "fam:iOS",
    "fam:macOS"
  ]
}