{
  "level": "family",
  "alpha": 0.075,
  "m_k": 6329,
  "j": 5856,
  "quantile_step": 0.0001579778830963665,
  "q_hat": 0.19313687086105347,
  "metrics": {
    "coverage": 0.925434439178515,
    "set_size_mean": 0.946129541864139,
    "set_size_median": 1.0,
    "empty_rate": 0.05387045813586098,
    "singleton_rate": 0.946129541864139,
    "top1_acc_non_empty": 0.9781265653698448,
    "base_top1_acc": 0.9545023696682464,
    "hir": 0.23522906793048973
  },
  "num_test_defined": 6330,
  "num_test_used": 6330,
  "class_labels": [
    "fam:Android",
    "fam:Linux",
    "fam:Windows",
    "fam:iOS",
    "fam:macOS"
  ]
}