{
  "level": "family",
  "alpha": 0.03,
  "m_k": 6329,
  "j": 6141,
  "quantile_step": 0.0001579778830963665,
  "q_hat": 0.8022043704986572,
  "metrics": {
    "coverage": 0.9734597156398104,
    "set_size_mean": 1.0375987361769352,
    "set_size_median": 1.0,
    "empty_rate": 0.0,
    "singleton_rate": 0.9641390205371249,
    "top1_acc_non_empty": 0.9578199052132701,
    "base_top1_acc": 0.9578199052132701,
    "hir": 0.33886255924170616
  },
  "num_test_defined": 6330,
  "num_test_used": 6330,
  "class_labels": [
    "fam:Android",
    "fam:Linux",
    "fam:Windows",
    "fam:iOS",
    "fam:macOS"
  ]
}