{
  "level": "family",
  "alpha": 0.5,
  "m_k": 6329,
  "j": 3165,
  "quantile_step": 0.0001579778830963665,
  "q_hat": 0.00026232004165649414,
  "metrics": {
    "coverage": 0.4977883096366509,
    "set_size_mean": 0.4981042654028436,
    "set_size_median": 0.0,
    "empty_rate": 0.5018957345971564,
    "singleton_rate": 0.4981042654028436,
    "top1_acc_non_empty": 0.9993656834760546,
    "base_top1_acc": 0.9548183254344392,
    "hir": 0.2703001579778831
  },
  "num_test_defined": 6330,
  "num_test_used": 6330,
  "class_labels": [
    "fam:Android",
    "fam:Linux",
    "fam:Windows",
    "fam:iOS",
    "fam:macOS"
  ]
}