{
  "level": "family",
  "alpha": 0.2,
  "m_k": 6329,
  "j": 5064,
  "quantile_step": 0.0001579778830963665,
  "q_hat": 0.030608057975769043,
  "metrics": {
    "coverage": 0.7954186413902053,
    "set_size_mean": 0.8009478672985783,
    "set_size_median": 1.0,
    "empty_rate": 0.1990521327014218,
    "singleton_rate": 0.8009478672985783,
    "top1_acc_non_empty": 0.9930966469428008,
    "base_top1_acc": 0.955608214849921,
    "hir": 0.3350710900473934
  },
  "num_test_defined": 6330,
  "num_test_used": 6330,
  "class_labels": [
    "fam:Android",
    "fam:Linux",
    "fam:Windows",
    "fam:iOS",
    "fam:macOS"
  ]
}