{
  "level": "family",
  "alpha_B": 0.4,
  "m_cal": 6329,
  "q_hat_leaf_B": 0.3191571831703186,
  "metrics": {
    "coverage": 0.6259083728278041,
    "set_size_mean": 0.6357030015797789,
    "set_size_median": 1.0,
    "empty_rate": 0.3642969984202212,
    "singleton_rate": 0.6357030015797789,
    "base_top1_acc": 0.9429699842022117,
    "top1_acc_non_empty": 0.9845924453280318,
    "hir": 0.0
  },
  "num_test_defined": 6330,
  "num_test_used": 6330,
  "class_labels": [
    "fam:Android",
    "fam:Linux",
    "fam:Windows",
    "fam:iOS",
    "fam:macOS"
  ]
}