{
  "level": "family",
  "alpha_B": 0.5,
  "m_cal": 6329,
  "q_hat_leaf_B": 0.07060694694519043,
  "metrics": {
    "coverage": 0.5113744075829384,
    "set_size_mean": 0.5139020537124802,
    "set_size_median": 1.0,
    "empty_rate": 0.48609794628751973,
    "singleton_rate": 0.5139020537124802,
    "base_top1_acc": 0.9434439178515008,
    "top1_acc_non_empty": 0.9950814632646787,
    "hir": 0.0
  },
  "num_test_defined": 6330,
  "num_test_used": 6330,
  "class_labels": [
    "fam:Android",
    "fam:Linux",
    "fam:Windows",
    "fam:iOS",
    "fam:macOS"
  ]
}