{
  "level": "family",
  "alpha": 0.1,
  "m_k": 6329,
  "j": 5697,
  "quantile_step": 0.0001579778830963665,
  "q_hat": 0.131392240524292,
  "metrics": {
    "coverage": 0.90347551342812,
    "set_size_mean": 0.918957345971564,
    "set_size_median": 1.0,
    "empty_rate": 0.08104265402843602,
    "singleton_rate": 0.918957345971564,
    "top1_acc_non_empty": 0.9831528279181708,
    "base_top1_acc": 0.9549763033175356,
    "hir": 0.23838862559241705
  },
  "num_test_defined": 6330,
  "num_test_used": 6330,
  "class_labels": [
    "fam:Android",
    "fam:Linux",
    "fam:Windows",
    "fam:iOS",
    "fam:macOS"
  ]
}