{
  "level": "family",
  "alpha_B": 0.25,
  "m_cal": 6329,
  "q_hat_leaf_B": 0.6990091800689697,
  "metrics": {
    "coverage": 0.8739336492890996,
    "set_size_mean": 0.9439178515007899,
    "set_size_median": 1.0,
    "empty_rate": 0.08736176935229067,
    "singleton_rate": 0.8813586097946288,
    "base_top1_acc": 0.9417061611374408,
    "top1_acc_non_empty": 0.9475506318158213,
    "hir": 0.0
  },
  "num_test_defined": 6330,
  "num_test_used": 6330,
  "class_labels": [
    "fam:Android",
    "fam:Linux",
    "fam:Windows",
    "fam:iOS",
    "fam:macOS"
  ]
}