{
  "level": "family",
  "alpha_LoUPCP": 0.2,
  "m_cal": 6329,
  "q_hat_leaf_LoUPCP": 0.7664878368377686,
  "metrics": {
    "coverage": 0.9418641390205371,
    "set_size_mean": 1.0191153238546604,
    "set_size_median": 1.0,
    "empty_rate": 0.020537124802527645,
    "singleton_rate": 0.9398104265402843,
    "base_top1_acc": 0.9447077409162717,
    "top1_acc_non_empty": 0.9474193548387096,
    "hir": 0.0
  },
  "num_test_defined": 6330,
  "num_test_used": 6330,
  "class_labels": [
    "fam:Android",
    "fam:Linux",
    "fam:Windows",
    "fam:iOS",
    "fam:macOS"
  ]
}