{
  "level": "family",
  "alpha_LoUPCP": 0.01,
  "m_cal": 6329,
  "q_hat_leaf_LoUPCP": 0.9943336248397827,
  "metrics": {
    "coverage": 0.9958925750394945,
    "set_size_mean": 1.5750394944707742,
    "set_size_median": 1.0,
    "empty_rate": 0.0,
    "singleton_rate": 0.6053712480252764,
    "base_top1_acc": 0.940126382306477,
    "top1_acc_non_empty": 0.940126382306477,
    "hir": 0.0
  },
  "num_test_defined": 6330,
  "num_test_used": 6330,
  "class_labels": [
    "fam:Android",
    "fam:Linux",
    "fam:Windows",
    "fam:iOS",
    "fam:macOS"
  ]
}