{
  "level": "family",
  "alpha": 0.1,
  "m_k": 6329,
  "j": 5697,
  "quantile_step": 0.0001579778830963665,
  "q_hat": 0.11922281980514526,
  "metrics": {
    "coverage": 0.8927330173775672,
    "set_size_mean": 0.9077409162717219,
    "set_size_median": 1.0,
    "empty_rate": 0.09225908372827804,
    "singleton_rate": 0.9077409162717219,
    "top1_acc_non_empty": 0.9834667594848591,
    "base_top1_acc": 0.9513428120063191,
    "hir": 0.2439178515007899
  },
  "num_test_defined": 6330,
  "num_test_used": 6330,
  "class_labels": [
    "fam:Android",
    "fam:Linux",
    "fam:Windows",
    "fam:iOS",
    "fam:macOS"
  ]
}