{
  "level": "family",
  "alpha_LoUPCP": 0.04,
  "m_cal": 6329,
  "q_hat_leaf_LoUPCP": 0.9511226415634155,
  "metrics": {
    "coverage": 0.9845181674565561,
    "set_size_mean": 1.25086887835703,
    "set_size_median": 1.0,
    "empty_rate": 0.0,
    "singleton_rate": 0.7909952606635071,
    "base_top1_acc": 0.9418641390205371,
    "top1_acc_non_empty": 0.9418641390205371,
    "hir": 0.0
  },
  "num_test_defined": 6330,
  "num_test_used": 6330,
  "class_labels": [
    "fam:Android",
    "fam:Linux",
    "fam:Windows",
    "fam:iOS",
    "fam:macOS"
  ]
}