coverage,set_size_mean,set_size_median,empty_rate,singleton_rate,top1_acc_non_empty,base_top1_acc,hir,level,alpha,run
0.924802527646129,4.420695102685624,2.0,0.0,0.10837282780410701,0.795576619273301,0.825750394944707,,major,0.02,1
0.9260663507109,4.4399684044233805,2.0,0.0,0.10521327014218,0.7928909952606631,0.816903633491311,,major,0.02,2
0.9254344391785151,4.409636650868879,2.0,0.0,0.106477093206951,0.795418641390205,0.8232227488151651,,major,0.02,3
0.9232227488151651,4.38609794628752,2.0,0.0,0.10663507109004701,0.7952606635071091,0.8254344391785151,,major,0.02,4
0.9186413902053711,4.253712480252765,2.0,0.0,0.109794628751974,0.792101105845181,0.8208530805687201,,major,0.02,5
