coverage,set_size_mean,set_size_median,empty_rate,singleton_rate,top1_acc_non_empty,base_top1_acc,hir,level,alpha,run
0.9837282780410741,2.321484992101106,2.0,0.0,0.110900473933649,0.916113744075829,0.944391785150079,0.0,family,0.02,1
0.984044233807267,2.316271721958926,2.0,0.0,0.10774091627172101,0.9202211690363341,0.9428120063191151,0.0,family,0.02,2
0.9856240126382301,2.31390205371248,2.0,0.0,0.10884676145339602,0.9192733017377561,0.944391785150079,0.0,family,0.02,3
0.983096366508688,2.31042654028436,2.0,0.0,0.109952606635071,0.917535545023696,0.9440758293838861,0.0,family,0.02,4
0.9813586097946281,2.27172195892575,2.0,0.0,0.11406003159557601,0.9127962085308051,0.9406003159557661,0.0,family,0.02,5
