coverage,set_size_mean,set_size_median,empty_rate,singleton_rate,top1_acc_non_empty,base_top1_acc,hir,level,alpha,run
0.924802527646129,4.417219589257504,2.0,0.0,0.10837282780410701,0.795576619273301,0.825750394944707,,major,0.02,1
