coverage,set_size_mean,set_size_median,empty_rate,singleton_rate,top1_acc_non_empty,base_top1_acc,hir,level,alpha,run
0.921642969984202,9.874881516587678,5.0,0.0,0.060189573459715005,0.6981042654028431,0.72780410742496,,leaf,0.02,1
