coverage,set_size_mean,set_size_median,empty_rate,singleton_rate,top1_acc_non_empty,base_top1_acc,hir,level,alpha,run
0.921642969984202,9.916271721958926,5.0,0.0,0.060031595576619,0.6981042654028431,0.72780410742496,,leaf,0.02,1
0.9235387045813581,9.995102685624012,5.0,0.0,0.058609794628751,0.6947867298578191,0.7184834123222741,,leaf,0.02,2
0.9219589257503951,9.853396524486572,5.0,0.0,0.058767772511848004,0.6977883096366501,0.7251184834123221,,leaf,0.02,3
0.9199052132701421,9.825118483412322,5.0,0.0,0.060663507109004006,0.698578199052132,0.7279620853080561,,leaf,0.02,4
0.914218009478672,9.404423380726698,5.0,0.0,0.063349131121642,0.695418641390205,0.7236966824644551,,leaf,0.02,5
