coverage,set_size_mean,set_size_median,empty_rate,singleton_rate,top1_acc_non_empty,base_top1_acc,hir,level,alpha,run
0.924960505529225,4.420537124802528,2.0,0.0,0.10837282780410701,0.795734597156398,0.825750394944707,,major,0.02,1
