{
  "level": "family",
  "alpha": 0.35,
  "m_k": 6329,
  "j": 4115,
  "quantile_step": 0.0001579778830963665,
  "q_hat": 0.0020201802253723145,
  "metrics": {
    "coverage": 0.6497630331753554,
    "set_size_mean": 0.6513428120063192,
    "set_size_median": 1.0,
    "empty_rate": 0.3486571879936809,
    "singleton_rate": 0.6513428120063192,
    "top1_acc_non_empty": 0.9975745816153286,
    "base_top1_acc": 0.9557661927330173,
    "hir": 0.28135860979462873
  },
  "num_test_defined": 6330,
  "num_test_used": 6330,
  "class_labels": [
    "fam:Android",
    "fam:Linux",
    "fam:Windows",
    "fam:iOS",
    "fam:macOS"
  ]
}