{
  "level": "family",
  "alpha": 0.075,
  "m_k": 6329,
  "j": 5856,
  "quantile_step": 0.0001579778830963665,
  "q_hat": 0.19177180528640747,
  "metrics": {
    "coverage": 0.9252764612954186,
    "set_size_mean": 0.946129541864139,
    "set_size_median": 1.0,
    "empty_rate": 0.05387045813586098,
    "singleton_rate": 0.946129541864139,
    "top1_acc_non_empty": 0.9779595925864084,
    "base_top1_acc": 0.9548183254344392,
    "hir": 0.2537124802527646
  },
  "num_test_defined": 6330,
  "num_test_used": 6330,
  "class_labels": [
    "fam:Android",
    "fam:Linux",
    "fam:Windows",
    "fam:iOS",
    "fam:macOS"
  ]
}