{
  "level": "family",
  "alpha_LoUPCP": 0.45,
  "m_cal": 6329,
  "q_hat_leaf_LoUPCP": 0.16622769832611084,
  "metrics": {
    "coverage": 0.5571879936808847,
    "set_size_mean": 0.5611374407582939,
    "set_size_median": 1.0,
    "empty_rate": 0.43886255924170614,
    "singleton_rate": 0.5611374407582939,
    "base_top1_acc": 0.9429699842022117,
    "top1_acc_non_empty": 0.9929617117117117,
    "hir": 0.0
  },
  "num_test_defined": 6330,
  "num_test_used": 6330,
  "class_labels": [
    "fam:Android",
    "fam:Linux",
    "fam:Windows",
    "fam:iOS",
    "fam:macOS"
  ]
}