{
  "level": "family",
  "alpha": 0.45,
  "m_k": 6329,
  "j": 3482,
  "quantile_step": 0.0001579778830963665,
  "q_hat": 0.0004856586456298828,
  "metrics": {
    "coverage": 0.5519747235387046,
    "set_size_mean": 0.5524486571879936,
    "set_size_median": 1.0,
    "empty_rate": 0.4475513428120063,
    "singleton_rate": 0.5524486571879936,
    "top1_acc_non_empty": 0.9991421218187018,
    "base_top1_acc": 0.9529225908372828,
    "hir": 0.23191153238546602
  },
  "num_test_defined": 6330,
  "num_test_used": 6330,
  "class_labels": [
    "fam:Android",
    "fam:Linux",
    "fam:Windows",
    "fam:iOS",
    "fam:macOS"
  ]
}