{
  "level": "family",
  "alpha_B": 0.35,
  "m_cal": 6329,
  "q_hat_leaf_B": 0.5017799139022827,
  "metrics": {
    "coverage": 0.7241706161137441,
    "set_size_mean": 0.7477093206951027,
    "set_size_median": 1.0,
    "empty_rate": 0.2522906793048973,
    "singleton_rate": 0.7477093206951027,
    "base_top1_acc": 0.9448657187993681,
    "top1_acc_non_empty": 0.9685189097823791,
    "hir": 0.0
  },
  "num_test_defined": 6330,
  "num_test_used": 6330,
  "class_labels": [
    "fam:Android",
    "fam:Linux",
    "fam:Windows",
    "fam:iOS",
    "fam:macOS"
  ]
}