{
  "level": "family",
  "alpha_B": 0.35,
  "m_cal": 6329,
  "q_hat_leaf_B": 0.500808596611023,
  "metrics": {
    "coverage": 0.7221169036334913,
    "set_size_mean": 0.744391785150079,
    "set_size_median": 1.0,
    "empty_rate": 0.255608214849921,
    "singleton_rate": 0.744391785150079,
    "base_top1_acc": 0.944391785150079,
    "top1_acc_non_empty": 0.9700764006791172,
    "hir": 0.0
  },
  "num_test_defined": 6330,
  "num_test_used": 6330,
  "class_labels": [
    "fam:Android",
    "fam:Linux",
    "fam:Windows",
    "fam:iOS",
    "fam:macOS"
  ]
}