{
  "level": "family",
  "alpha": 0.3,
  "m_k": 6329,
  "j": 4431,
  "quantile_step": 0.0001579778830963665,
  "q_hat": 0.0036925077438354492,
  "metrics": {
    "coverage": 0.6955766192733017,
    "set_size_mean": 0.6969984202211691,
    "set_size_median": 1.0,
    "empty_rate": 0.30300157977883097,
    "singleton_rate": 0.6969984202211691,
    "top1_acc_non_empty": 0.9979601087941976,
    "base_top1_acc": 0.9571879936808847,
    "hir": 0.36856240126382306
  },
  "num_test_defined": 6330,
  "num_test_used": 6330,
  "class_labels": [
    "fam:Android",
    "fam:Linux",
    "fam:Windows",
    "fam:iOS",
    "fam:macOS"
  ]
}