{
  "level": "family",
  "alpha": 0.1,
  "m_k": 6329,
  "j": 5697,
  "quantile_step": 0.0001579778830963665,
  "q_hat": 0.13138848543167114,
  "metrics": {
    "coverage": 0.9022116903633491,
    "set_size_mean": 0.9176935229067931,
    "set_size_median": 1.0,
    "empty_rate": 0.08230647709320695,
    "singleton_rate": 0.9176935229067931,
    "top1_acc_non_empty": 0.9831296264417283,
    "base_top1_acc": 0.9559241706161138,
    "hir": 0.2368088467614534
  },
  "num_test_defined": 6330,
  "num_test_used": 6330,
  "class_labels": [
    "fam:Android",
    "fam:Linux",
    "fam:Windows",
    "fam:iOS",
    "fam:macOS"
  ]
}