{
  "level": "family",
  "alpha": 0.01,
  "m_k": 6329,
  "j": 6267,
  "quantile_step": 0.0001579778830963665,
  "q_hat": 0.9523163437843323,
  "metrics": {
    "coverage": 0.9898894154818325,
    "set_size_mean": 1.2197472353870458,
    "set_size_median": 1.0,
    "empty_rate": 0.0,
    "singleton_rate": 0.8238546603475514,
    "top1_acc_non_empty": 0.9549763033175356,
    "base_top1_acc": 0.9549763033175356,
    "hir": 0.4876777251184834
  },
  "num_test_defined": 6330,
  "num_test_used": 6330,
  "class_labels": [
    "fam:Android",
    "fam:Linux",
    "fam:Windows",
    "fam:iOS",
    "fam:macOS"
  ]
}