{
  "level": "family",
  "alpha_B": 0.25,
  "m_cal": 6329,
  "q_hat_leaf_B": 0.7099738121032715,
  "metrics": {
    "coverage": 0.885781990521327,
    "set_size_mean": 0.9548183254344392,
    "set_size_median": 1.0,
    "empty_rate": 0.07867298578199051,
    "singleton_rate": 0.8878357030015798,
    "base_top1_acc": 0.944391785150079,
    "top1_acc_non_empty": 0.9490740740740741,
    "hir": 0.0
  },
  "num_test_defined": 6330,
  "num_test_used": 6330,
  "class_labels": [
    "fam:Android",
    "fam:Linux",
    "fam:Windows",
    "fam:iOS",
    "fam:macOS"
  ]
}