{
  "level": "family",
  "alpha_LoUPCP": 0.15,
  "m_cal": 6329,
  "q_hat_leaf_LoUPCP": 0.7831178903579712,
  "metrics": {
    "coverage": 0.9549763033175356,
    "set_size_mean": 1.0372827804107425,
    "set_size_median": 1.0,
    "empty_rate": 0.008846761453396525,
    "singleton_rate": 0.9450236966824644,
    "base_top1_acc": 0.9440758293838862,
    "top1_acc_non_empty": 0.9477207523111253,
    "hir": 0.0
  },
  "num_test_defined": 6330,
  "num_test_used": 6330,
  "class_labels": [
    "fam:Android",
    "fam:Linux",
    "fam:Windows",
    "fam:iOS",
    "fam:macOS"
  ]
}