level,alpha,m_k,j,quantile_step,q_hat,num_test_defined,num_test_used
family,0.25,6329,4748,0.0001579778830963665,0.00884169340133667,6330,6330
