{
  "level": "family",
  "alpha": 0.45,
  "m_k": 6329,
  "j": 3482,
  "quantile_step": 0.0001579778830963665,
  "q_hat": 0.0005314946174621582,
  "metrics": {
    "coverage": 0.563823064770932,
    "set_size_mean": 0.5641390205371248,
    "set_size_median": 1.0,
    "empty_rate": 0.4358609794628752,
    "singleton_rate": 0.5641390205371248,
    "top1_acc_non_empty": 0.999439932791935,
    "base_top1_acc": 0.9554502369668246,
    "hir": 0.2320695102685624
  },
  "num_test_defined": 6330,
  "num_test_used": 6330,
  "class_labels": [
    "fam:Android",
    "fam:Linux",
    "fam:Windows",
    "fam:iOS",
    "fam:macOS"
  ]
}