{
  "level": "family",
  "alpha_LoUPCP": 0.25,
  "m_cal": 6329,
  "q_hat_leaf_LoUPCP": 0.7001205086708069,
  "metrics": {
    "coverage": 0.882306477093207,
    "set_size_mean": 0.9518167456556083,
    "set_size_median": 1.0,
    "empty_rate": 0.07977883096366509,
    "singleton_rate": 0.8886255924170616,
    "base_top1_acc": 0.9432859399684044,
    "top1_acc_non_empty": 0.9478111587982833,
    "hir": 0.0
  },
  "num_test_defined": 6330,
  "num_test_used": 6330,
  "class_labels": [
    "fam:Android",
    "fam:Linux",
    "fam:Windows",
    "fam:iOS",
    "fam:macOS"
  ]
}