{
  "level": "family",
  "alpha_B": 0.15,
  "m_cal": 6329,
  "q_hat_leaf_B": 0.7810518145561218,
  "metrics": {
    "coverage": 0.9549763033175356,
    "set_size_mean": 1.034123222748815,
    "set_size_median": 1.0,
    "empty_rate": 0.008688783570300158,
    "singleton_rate": 0.9484992101105845,
    "base_top1_acc": 0.9448657187993681,
    "top1_acc_non_empty": 0.9477290836653387,
    "hir": 0.0
  },
  "num_test_defined": 6330,
  "num_test_used": 6330,
  "class_labels": [
    "fam:Android",
    "fam:Linux",
    "fam:Windows",
    "fam:iOS",
    "fam:macOS"
  ]
}