{
  "level": "family",
  "alpha_LoUPCP": 0.2,
  "m_cal": 6329,
  "q_hat_leaf_LoUPCP": 0.7584001421928406,
  "metrics": {
    "coverage": 0.9285939968404423,
    "set_size_mean": 1.0088467614533965,
    "set_size_median": 1.0,
    "empty_rate": 0.031121642969984202,
    "singleton_rate": 0.9289099526066351,
    "base_top1_acc": 0.9404423380726699,
    "top1_acc_non_empty": 0.944399152127833,
    "hir": 0.0
  },
  "num_test_defined": 6330,
  "num_test_used": 6330,
  "class_labels": [
    "fam:Android",
    "fam:Linux",
    "fam:Windows",
    "fam:iOS",
    "fam:macOS"
  ]
}