{
  "level": "family",
  "alpha_LoUPCP": 0.075,
  "m_cal": 6329,
  "q_hat_leaf_LoUPCP": 0.8959183692932129,
  "metrics": {
    "coverage": 0.9696682464454977,
    "set_size_mean": 1.1011058451816746,
    "set_size_median": 1.0,
    "empty_rate": 0.0,
    "singleton_rate": 0.9077409162717219,
    "base_top1_acc": 0.9442338072669826,
    "top1_acc_non_empty": 0.9442338072669826,
    "hir": 0.0
  },
  "num_test_defined": 6330,
  "num_test_used": 6330,
  "class_labels": [
    "fam:Android",
    "fam:Linux",
    "fam:Windows",
    "fam:iOS",
    "fam:macOS"
  ]
}