{
  "level": "family",
  "alpha": 0.45,
  "m_k": 6329,
  "j": 3482,
  "quantile_step": 0.0001579778830963665,
  "q_hat": 0.0004923343658447266,
  "metrics": {
    "coverage": 0.5551342812006319,
    "set_size_mean": 0.5554502369668246,
    "set_size_median": 1.0,
    "empty_rate": 0.44454976303317534,
    "singleton_rate": 0.5554502369668246,
    "top1_acc_non_empty": 0.9994311717861206,
    "base_top1_acc": 0.9546603475513428,
    "hir": 0.2353870458135861
  },
  "num_test_defined": 6330,
  "num_test_used": 6330,
  "class_labels": [
    "fam:Android",
    "fam:Linux",
    "fam:Windows",
    "fam:iOS",
    "fam:macOS"
  ]
}