{
  "level": "family",
  "alpha_B": 0.25,
  "m_cal": 6329,
  "q_hat_leaf_B": 0.693006694316864,
  "metrics": {
    "coverage": 0.861611374407583,
    "set_size_mean": 0.9300157977883097,
    "set_size_median": 1.0,
    "empty_rate": 0.09889415481832543,
    "singleton_rate": 0.8721958925750395,
    "base_top1_acc": 0.9390205371248025,
    "top1_acc_non_empty": 0.9461781206171108,
    "hir": 0.0
  },
  "num_test_defined": 6330,
  "num_test_used": 6330,
  "class_labels": [
    "fam:Android",
    "fam:Linux",
    "fam:Windows",
    "fam:iOS",
    "fam:macOS"
  ]
}