{
  "level": "family",
  "alpha": 0.25,
  "m_k": 6329,
  "j": 4748,
  "quantile_step": 0.0001579778830963665,
  "q_hat": 0.009725451469421387,
  "metrics": {
    "coverage": 0.7518167456556082,
    "set_size_mean": 0.7541864139020538,
    "set_size_median": 1.0,
    "empty_rate": 0.2458135860979463,
    "singleton_rate": 0.7541864139020538,
    "top1_acc_non_empty": 0.9968579807289485,
    "base_top1_acc": 0.955608214849921,
    "hir": 0.3704581358609795
  },
  "num_test_defined": 6330,
  "num_test_used": 6330,
  "class_labels": [
    "fam:Android",
    "fam:Linux",
    "fam:Windows",
    "fam:iOS",
    "fam:macOS"
  ]
}