{
  "level": "family",
  "alpha_LoUPCP": 0.4,
  "m_cal": 6329,
  "q_hat_leaf_LoUPCP": 0.291378915309906,
  "metrics": {
    "coverage": 0.6085308056872037,
    "set_size_mean": 0.6184834123222749,
    "set_size_median": 1.0,
    "empty_rate": 0.3815165876777251,
    "singleton_rate": 0.6184834123222749,
    "base_top1_acc": 0.9383886255924171,
    "top1_acc_non_empty": 0.9839080459770115,
    "hir": 0.0
  },
  "num_test_defined": 6330,
  "num_test_used": 6330,
  "class_labels": [
    "fam:Android",
    "fam:Linux",
    "fam:Windows",
    "fam:iOS",
    "fam:macOS"
  ]
}