{
  "level": "family",
  "alpha": 0.15,
  "m_k": 6329,
  "j": 5381,
  "quantile_step": 0.0001579778830963665,
  "q_hat": 0.08374375104904175,
  "metrics": {
    "coverage": 0.8622432859399684,
    "set_size_mean": 0.8714060031595576,
    "set_size_median": 1.0,
    "empty_rate": 0.12859399684044234,
    "singleton_rate": 0.8714060031595576,
    "top1_acc_non_empty": 0.9894851341551849,
    "base_top1_acc": 0.9582938388625593,
    "hir": 0.26492890995260665
  },
  "num_test_defined": 6330,
  "num_test_used": 6330,
  "class_labels": [
    "fam:Android",
    "fam:Linux",
    "fam:Windows",
    "fam:iOS",
    "fam:macOS"
  ]
}