{
  "level": "family",
  "alpha": 0.45,
  "m_k": 6329,
  "j": 3482,
  "quantile_step": 0.0001579778830963665,
  "q_hat": 0.0004951953887939453,
  "metrics": {
    "coverage": 0.5562401263823065,
    "set_size_mean": 0.5567140600315956,
    "set_size_median": 1.0,
    "empty_rate": 0.44328593996840443,
    "singleton_rate": 0.5567140600315956,
    "top1_acc_non_empty": 0.9991486946651532,
    "base_top1_acc": 0.9581358609794629,
    "hir": 0.2311216429699842
  },
  "num_test_defined": 6330,
  "num_test_used": 6330,
  "class_labels": [
    "fam:Android",
    "fam:Linux",
    "fam:Windows",
    "fam:iOS",
    "fam:macOS"
  ]
}