{
  "level": "family",
  "alpha": 0.02,
  "m_k": 6329,
  "j": 6204,
  "quantile_step": 0.0001579778830963665,
  "q_hat": 0.9121440649032593,
  "metrics": {
    "coverage": 0.9807266982622432,
    "set_size_mean": 1.1121642969984202,
    "set_size_median": 1.0,
    "empty_rate": 0.0,
    "singleton_rate": 0.8977883096366509,
    "top1_acc_non_empty": 0.9570300157977883,
    "base_top1_acc": 0.9570300157977883,
    "hir": 0.3995260663507109
  },
  "num_test_defined": 6330,
  "num_test_used": 6330,
  "class_labels": [
    "fam:Android",
    "fam:Linux",
    "fam:Windows",
    "fam:iOS",
    "fam:macOS"
  ]
}