{
  "level": "family",
  "alpha_B": 0.25,
  "m_cal": 6329,
  "q_hat_leaf_B": 0.7016221284866333,
  "metrics": {
    "coverage": 0.8789889415481833,
    "set_size_mean": 0.9469194312796209,
    "set_size_median": 1.0,
    "empty_rate": 0.08325434439178515,
    "singleton_rate": 0.8865718799368089,
    "base_top1_acc": 0.9429699842022117,
    "top1_acc_non_empty": 0.9484749267620196,
    "hir": 0.0
  },
  "num_test_defined": 6330,
  "num_test_used": 6330,
  "class_labels": [
    "fam:Android",
    "fam:Linux",
    "fam:Windows",
    "fam:iOS",
    "fam:macOS"
  ]
}