{
  "level": "family",
  "alpha_LoUPCP": 0.05,
  "m_cal": 6329,
  "q_hat_leaf_LoUPCP": 0.9407410621643066,
  "metrics": {
    "coverage": 0.9805687203791469,
    "set_size_mean": 1.1947867298578199,
    "set_size_median": 1.0,
    "empty_rate": 0.0,
    "singleton_rate": 0.8380726698262243,
    "base_top1_acc": 0.9421800947867298,
    "top1_acc_non_empty": 0.9421800947867298,
    "hir": 0.0
  },
  "num_test_defined": 6330,
  "num_test_used": 6330,
  "class_labels": [
    "fam:Android",
    "fam:Linux",
    "fam:Windows",
    "fam:iOS",
    "fam:macOS"
  ]
}