{
  "level": "family",
  "alpha_LoUPCP": 0.4,
  "m_cal": 6329,
  "q_hat_leaf_LoUPCP": 0.3250613212585449,
  "metrics": {
    "coverage": 0.6308056872037915,
    "set_size_mean": 0.6407582938388625,
    "set_size_median": 1.0,
    "empty_rate": 0.35924170616113743,
    "singleton_rate": 0.6407582938388625,
    "base_top1_acc": 0.9445497630331754,
    "top1_acc_non_empty": 0.9844674556213018,
    "hir": 0.0
  },
  "num_test_defined": 6330,
  "num_test_used": 6330,
  "class_labels": [
    "fam:Android",
    "fam:Linux",
    "fam:Windows",
    "fam:iOS",
    "fam:macOS"
  ]
}