{
  "level": "family",
  "alpha": 0.01,
  "m_k": 6329,
  "j": 6267,
  "quantile_step": 0.0001579778830963665,
  "q_hat": 0.9449800252914429,
  "metrics": {
    "coverage": 0.9859399684044233,
    "set_size_mean": 1.2036334913112163,
    "set_size_median": 1.0,
    "empty_rate": 0.0,
    "singleton_rate": 0.8271721958925751,
    "top1_acc_non_empty": 0.9519747235387046,
    "base_top1_acc": 0.9519747235387046,
    "hir": 0.47440758293838864
  },
  "num_test_defined": 6330,
  "num_test_used": 6330,
  "class_labels": [
    "fam:Android",
    "fam:Linux",
    "fam:Windows",
    "fam:iOS",
    "fam:macOS"
  ]
}