{
  "level": "family",
  "alpha": 0.45,
  "m_k": 6329,
  "j": 3482,
  "quantile_step": 0.0001579778830963665,
  "q_hat": 0.00043278932571411133,
  "metrics": {
    "coverage": 0.5393364928909953,
    "set_size_mean": 0.5394944707740916,
    "set_size_median": 1.0,
    "empty_rate": 0.46050552922590837,
    "singleton_rate": 0.5394944707740916,
    "top1_acc_non_empty": 0.9997071742313324,
    "base_top1_acc": 0.9529225908372828,
    "hir": 0.2368088467614534
  },
  "num_test_defined": 6330,
  "num_test_used": 6330,
  "class_labels": [
    "fam:Android",
    "fam:Linux",
    "fam:Windows",
    "fam:iOS",
    "fam:macOS"
  ]
}