{
  "level": "family",
  "alpha_B": 0.25,
  "m_cal": 6329,
  "q_hat_leaf_B": 0.693006694316864,
  "metrics": {
    "coverage": 0.8685624012638231,
    "set_size_mean": 0.9347551342812006,
    "set_size_median": 1.0,
    "empty_rate": 0.09304897314375987,
    "singleton_rate": 0.8791469194312796,
    "base_top1_acc": 0.9417061611374408,
    "top1_acc_non_empty": 0.9470475526911688,
    "hir": 0.0
  },
  "num_test_defined": 6330,
  "num_test_used": 6330,
  "class_labels": [
    "fam:Android",
    "fam:Linux",
    "fam:Windows",
    "fam:iOS",
    "fam:macOS"
  ]
}