{
  "level": "family",
  "alpha_LoUPCP": 0.4,
  "m_cal": 6329,
  "q_hat_leaf_LoUPCP": 0.2895932197570801,
  "metrics": {
    "coverage": 0.6090047393364929,
    "set_size_mean": 0.6183254344391785,
    "set_size_median": 1.0,
    "empty_rate": 0.38167456556082147,
    "singleton_rate": 0.6183254344391785,
    "base_top1_acc": 0.9404423380726699,
    "top1_acc_non_empty": 0.984925907000511,
    "hir": 0.0
  },
  "num_test_defined": 6330,
  "num_test_used": 6330,
  "class_labels": [
    "fam:Android",
    "fam:Linux",
    "fam:Windows",
    "fam:iOS",
    "fam:macOS"
  ]
}