level,alpha,m_k,j,quantile_step,q_hat,num_test_defined,num_test_used
family,0.5,6329,3165,0.0001579778830963665,0.0002582669258117676,6330,6330
