{
  "level": "family",
  "alpha_LoUPCP": 0.15,
  "m_cal": 6329,
  "q_hat_leaf_LoUPCP": 0.7804778814315796,
  "metrics": {
    "coverage": 0.9543443917851501,
    "set_size_mean": 1.035387045813586,
    "set_size_median": 1.0,
    "empty_rate": 0.009162717219589257,
    "singleton_rate": 0.9462875197472354,
    "base_top1_acc": 0.9432859399684044,
    "top1_acc_non_empty": 0.9470663265306123,
    "hir": 0.0
  },
  "num_test_defined": 6330,
  "num_test_used": 6330,
  "class_labels": [
    "fam:Android",
    "fam:Linux",
    "fam:Windows",
    "fam:iOS",
    "fam:macOS"
  ]
}