{
  "level": "family",
  "alpha": 0.4,
  "m_k": 6329,
  "j": 3798,
  "quantile_step": 0.0001579778830963665,
  "q_hat": 0.0009940266609191895,
  "metrics": {
    "coverage": 0.6042654028436019,
    "set_size_mean": 0.6050552922590837,
    "set_size_median": 1.0,
    "empty_rate": 0.3949447077409163,
    "singleton_rate": 0.6050552922590837,
    "top1_acc_non_empty": 0.9986945169712794,
    "base_top1_acc": 0.9592417061611375,
    "hir": 0.23601895734597156
  },
  "num_test_defined": 6330,
  "num_test_used": 6330,
  "class_labels": [
    "fam:Android",
    "fam:Linux",
    "fam:Windows",
    "fam:iOS",
    "fam:macOS"
  ]
}