{
  "level": "family",
  "alpha": 0.35,
  "m_k": 6329,
  "j": 4115,
  "quantile_step": 0.0001579778830963665,
  "q_hat": 0.0021314620971679688,
  "metrics": {
    "coverage": 0.6562401263823064,
    "set_size_mean": 0.6570300157977883,
    "set_size_median": 1.0,
    "empty_rate": 0.3429699842022117,
    "singleton_rate": 0.6570300157977883,
    "top1_acc_non_empty": 0.9987977879297908,
    "base_top1_acc": 0.956872037914692,
    "hir": 0.2829383886255924
  },
  "num_test_defined": 6330,
  "num_test_used": 6330,
  "class_labels": [
    "fam:Android",
    "fam:Linux",
    "fam:Windows",
    "fam:iOS",
    "fam:macOS"
  ]
}