{
  "level": "family",
  "alpha_B": 0.2,
  "m_cal": 6329,
  "q_hat_leaf_B": 0.764785647392273,
  "metrics": {
    "coverage": 0.9358609794628752,
    "set_size_mean": 1.0197472353870458,
    "set_size_median": 1.0,
    "empty_rate": 0.02401263823064771,
    "singleton_rate": 0.9322274881516588,
    "base_top1_acc": 0.9398104265402843,
    "top1_acc_non_empty": 0.9435092262868242,
    "hir": 0.0
  },
  "num_test_defined": 6330,
  "num_test_used": 6330,
  "class_labels": [
    "fam:Android",
    "fam:Linux",
    "fam:Windows",
    "fam:iOS",
    "fam:macOS"
  ]
}