{
  "level": "family",
  "alpha": 0.4,
  "m_k": 6329,
  "j": 3798,
  "quantile_step": 0.0001579778830963665,
  "q_hat": 0.0009467005729675293,
  "metrics": {
    "coverage": 0.5998420221169036,
    "set_size_mean": 0.6001579778830963,
    "set_size_median": 1.0,
    "empty_rate": 0.3998420221169036,
    "singleton_rate": 0.6001579778830963,
    "top1_acc_non_empty": 0.9994735456699131,
    "base_top1_acc": 0.9549763033175356,
    "hir": 0.2406003159557662
  },
  "num_test_defined": 6330,
  "num_test_used": 6330,
  "class_labels": [
    "fam:Android",
    "fam:Linux",
    "fam:Windows",
    "fam:iOS",
    "fam:macOS"
  ]
}