{
  "level": "family",
  "alpha": 0.25,
  "m_k": 6329,
  "j": 4748,
  "quantile_step": 0.0001579778830963665,
  "q_hat": 0.00923311710357666,
  "metrics": {
    "coverage": 0.7484992101105845,
    "set_size_mean": 0.752132701421801,
    "set_size_median": 1.0,
    "empty_rate": 0.24786729857819906,
    "singleton_rate": 0.752132701421801,
    "top1_acc_non_empty": 0.9951690821256038,
    "base_top1_acc": 0.9554502369668246,
    "hir": 0.37330173775671405
  },
  "num_test_defined": 6330,
  "num_test_used": 6330,
  "class_labels": [
    "fam:Android",
    "fam:Linux",
    "fam:Windows",
    "fam:iOS",
    "fam:macOS"
  ]
}