{
  "level": "family",
  "alpha": 0.075,
  "m_k": 6329,
  "j": 5856,
  "quantile_step": 0.0001579778830963665,
  "q_hat": 0.18443751335144043,
  "metrics": {
    "coverage": 0.9238546603475514,
    "set_size_mean": 0.9436018957345972,
    "set_size_median": 1.0,
    "empty_rate": 0.05639810426540284,
    "singleton_rate": 0.9436018957345972,
    "top1_acc_non_empty": 0.9790724928846476,
    "base_top1_acc": 0.9533965244865719,
    "hir": 0.25165876777251184
  },
  "num_test_defined": 6330,
  "num_test_used": 6330,
  "class_labels": [
    "fam:Android",
    "fam:Linux",
    "fam:Windows",
    "fam:iOS",
    "fam:macOS"
  ]
}