{
  "level": "family",
  "alpha_B": 0.15,
  "m_cal": 6329,
  "q_hat_leaf_B": 0.7825782299041748,
  "metrics": {
    "coverage": 0.9529225908372828,
    "set_size_mean": 1.034913112164297,
    "set_size_median": 1.0,
    "empty_rate": 0.009636650868878356,
    "singleton_rate": 0.9458135860979463,
    "base_top1_acc": 0.9447077409162717,
    "top1_acc_non_empty": 0.9473600255224118,
    "hir": 0.0
  },
  "num_test_defined": 6330,
  "num_test_used": 6330,
  "class_labels": [
    "fam:Android",
    "fam:Linux",
    "fam:Windows",
    "fam:iOS",
    "fam:macOS"
  ]
}