{
  "level": "family",
  "alpha_LoUPCP": 0.3,
  "m_cal": 6329,
  "q_hat_leaf_LoUPCP": 0.6099556684494019,
  "metrics": {
    "coverage": 0.7807266982622433,
    "set_size_mean": 0.8262243285939969,
    "set_size_median": 1.0,
    "empty_rate": 0.18278041074249604,
    "singleton_rate": 0.8082148499210111,
    "base_top1_acc": 0.9399684044233807,
    "top1_acc_non_empty": 0.9520587666731104,
    "hir": 0.0
  },
  "num_test_defined": 6330,
  "num_test_used": 6330,
  "class_labels": [
    "fam:Android",
    "fam:Linux",
    "fam:Windows",
    "fam:iOS",
    "fam:macOS"
  ]
}