{
  "level": "family",
  "alpha_B": 0.5,
  "m_cal": 6329,
  "q_hat_leaf_B": 0.07060694694519043,
  "metrics": {
    "coverage": 0.5123222748815166,
    "set_size_mean": 0.5148499210110584,
    "set_size_median": 1.0,
    "empty_rate": 0.4851500789889415,
    "singleton_rate": 0.5148499210110584,
    "base_top1_acc": 0.9462875197472354,
    "top1_acc_non_empty": 0.9950905185639767,
    "hir": 0.0
  },
  "num_test_defined": 6330,
  "num_test_used": 6330,
  "class_labels": [
    "fam:Android",
    "fam:Linux",
    "fam:Windows",
    "fam:iOS",
    "fam:macOS"
  ]
}