{
  "level": "family",
  "alpha": 0.2,
  "m_k": 6329,
  "j": 5064,
  "quantile_step": 0.0001579778830963665,
  "q_hat": 0.03006565570831299,
  "metrics": {
    "coverage": 0.7944707740916271,
    "set_size_mean": 0.7995260663507109,
    "set_size_median": 1.0,
    "empty_rate": 0.2004739336492891,
    "singleton_rate": 0.7995260663507109,
    "top1_acc_non_empty": 0.9936771389053547,
    "base_top1_acc": 0.9570300157977883,
    "hir": 0.33522906793048973
  },
  "num_test_defined": 6330,
  "num_test_used": 6330,
  "class_labels": [
    "fam:Android",
    "fam:Linux",
    "fam:Windows",
    "fam:iOS",
    "fam:macOS"
  ]
}