{
  "level": "family",
  "alpha": 0.45,
  "m_k": 6329,
  "j": 3482,
  "quantile_step": 0.0001579778830963665,
  "q_hat": 0.0004457831382751465,
  "metrics": {
    "coverage": 0.5423380726698263,
    "set_size_mean": 0.5424960505529226,
    "set_size_median": 1.0,
    "empty_rate": 0.4575039494470774,
    "singleton_rate": 0.5424960505529226,
    "top1_acc_non_empty": 0.9997087944088526,
    "base_top1_acc": 0.957345971563981,
    "hir": 0.2410742496050553
  },
  "num_test_defined": 6330,
  "num_test_used": 6330,
  "class_labels": [
    "fam:Android",
    "fam:Linux",
    "fam:Windows",
    "fam:iOS",
    "fam:macOS"
  ]
}