{
  "level": "family",
  "alpha": 0.075,
  "m_k": 6329,
  "j": 5856,
  "quantile_step": 0.0001579778830963665,
  "q_hat": 0.18443703651428223,
  "metrics": {
    "coverage": 0.9233807266982622,
    "set_size_mean": 0.9413902053712481,
    "set_size_median": 1.0,
    "empty_rate": 0.058609794628751974,
    "singleton_rate": 0.9413902053712481,
    "top1_acc_non_empty": 0.9808692733680148,
    "base_top1_acc": 0.9571879936808847,
    "hir": 0.24770932069510268
  },
  "num_test_defined": 6330,
  "num_test_used": 6330,
  "class_labels": [
    "fam:Android",
    "fam:Linux",
    "fam:Windows",
    "fam:iOS",
    "fam:macOS"
  ]
}