{
  "level": "family",
  "alpha_LoUPCP": 0.15,
  "m_cal": 6329,
  "q_hat_leaf_LoUPCP": 0.7826566696166992,
  "metrics": {
    "coverage": 0.9549763033175356,
    "set_size_mean": 1.0345971563981042,
    "set_size_median": 1.0,
    "empty_rate": 0.008214849921011059,
    "singleton_rate": 0.9489731437598736,
    "base_top1_acc": 0.946129541864139,
    "top1_acc_non_empty": 0.9488690665817139,
    "hir": 0.0
  },
  "num_test_defined": 6330,
  "num_test_used": 6330,
  "class_labels": [
    "fam:Android",
    "fam:Linux",
    "fam:Windows",
    "fam:iOS",
    "fam:macOS"
  ]
}