{
  "level": "family",
  "alpha": 0.15,
  "m_k": 6329,
  "j": 5381,
  "quantile_step": 0.0001579778830963665,
  "q_hat": 0.08261466026306152,
  "metrics": {
    "coverage": 0.8502369668246446,
    "set_size_mean": 0.858609794628752,
    "set_size_median": 1.0,
    "empty_rate": 0.14139020537124802,
    "singleton_rate": 0.858609794628752,
    "top1_acc_non_empty": 0.9902483900643975,
    "base_top1_acc": 0.9570300157977883,
    "hir": 0.2781990521327014
  },
  "num_test_defined": 6330,
  "num_test_used": 6330,
  "class_labels": [
    "fam:Android",
    "fam:Linux",
    "fam:Windows",
    "fam:iOS",
    "fam:macOS"
  ]
}