{
  "level": "family",
  "alpha_LoUPCP": 0.05,
  "m_cal": 6329,
  "q_hat_leaf_LoUPCP": 0.9411624670028687,
  "metrics": {
    "coverage": 0.979304897314376,
    "set_size_mean": 1.2037914691943128,
    "set_size_median": 1.0,
    "empty_rate": 0.0,
    "singleton_rate": 0.8323854660347552,
    "base_top1_acc": 0.9391785150078988,
    "top1_acc_non_empty": 0.9391785150078988,
    "hir": 0.0
  },
  "num_test_defined": 6330,
  "num_test_used": 6330,
  "class_labels": [
    "fam:Android",
    "fam:Linux",
    "fam:Windows",
    "fam:iOS",
    "fam:macOS"
  ]
}