{
  "level": "family",
  "alpha_LoUPCP": 0.45,
  "m_cal": 6329,
  "q_hat_leaf_LoUPCP": 0.1547762155532837,
  "metrics": {
    "coverage": 0.5513428120063191,
    "set_size_mean": 0.5549763033175356,
    "set_size_median": 1.0,
    "empty_rate": 0.44502369668246444,
    "singleton_rate": 0.5549763033175356,
    "base_top1_acc": 0.9420221169036335,
    "top1_acc_non_empty": 0.9934528892684316,
    "hir": 0.0
  },
  "num_test_defined": 6330,
  "num_test_used": 6330,
  "class_labels": [
    "fam:Android",
    "fam:Linux",
    "fam:Windows",
    "fam:iOS",
    "fam:macOS"
  ]
}