{
  "level": "family",
  "alpha_B": 0.35,
  "m_cal": 6329,
  "q_hat_leaf_B": 0.4859013557434082,
  "metrics": {
    "coverage": 0.7055292259083729,
    "set_size_mean": 0.7263823064770932,
    "set_size_median": 1.0,
    "empty_rate": 0.27361769352290677,
    "singleton_rate": 0.7263823064770932,
    "base_top1_acc": 0.9423380726698263,
    "top1_acc_non_empty": 0.9712918660287081,
    "hir": 0.0
  },
  "num_test_defined": 6330,
  "num_test_used": 6330,
  "class_labels": [
    "fam:Android",
    "fam:Linux",
    "fam:Windows",
    "fam:iOS",
    "fam:macOS"
  ]
}