{
  "level": "family",
  "alpha_B": 0.1,
  "m_cal": 6329,
  "q_hat_leaf_B": 0.8314675688743591,
  "metrics": {
    "coverage": 0.9619273301737756,
    "set_size_mean": 1.0628751974723538,
    "set_size_median": 1.0,
    "empty_rate": 0.0011058451816745656,
    "singleton_rate": 0.936176935229068,
    "base_top1_acc": 0.9434439178515008,
    "top1_acc_non_empty": 0.9443302229954136,
    "hir": 0.0
  },
  "num_test_defined": 6330,
  "num_test_used": 6330,
  "class_labels": [
    "fam:Android",
    "fam:Linux",
    "fam:Windows",
    "fam:iOS",
    "fam:macOS"
  ]
}