{
  "level": "family",
  "alpha": 0.45,
  "m_k": 6329,
  "j": 3482,
  "quantile_step": 0.0001579778830963665,
  "q_hat": 0.00043505430221557617,
  "metrics": {
    "coverage": 0.5394944707740916,
    "set_size_mean": 0.5398104265402843,
    "set_size_median": 1.0,
    "empty_rate": 0.4601895734597156,
    "singleton_rate": 0.5398104265402843,
    "top1_acc_non_empty": 0.9994146912496342,
    "base_top1_acc": 0.9549763033175356,
    "hir": 0.23617693522906794
  },
  "num_test_defined": 6330,
  "num_test_used": 6330,
  "class_labels": [
    "fam:Android",
    "fam:Linux",
    "fam:Windows",
    "fam:iOS",
    "fam:macOS"
  ]
}