{
  "level": "family",
  "alpha_LoUPCP": 0.2,
  "m_cal": 6329,
  "q_hat_leaf_LoUPCP": 0.7703728675842285,
  "metrics": {
    "coverage": 0.9437598736176935,
    "set_size_mean": 1.0210110584518168,
    "set_size_median": 1.0,
    "empty_rate": 0.019747235387045814,
    "singleton_rate": 0.9394944707740917,
    "base_top1_acc": 0.9475513428120064,
    "top1_acc_non_empty": 0.9497179693795327,
    "hir": 0.0
  },
  "num_test_defined": 6330,
  "num_test_used": 6330,
  "class_labels": [
    "fam:Android",
    "fam:Linux",
    "fam:Windows",
    "fam:iOS",
    "fam:macOS"
  ]
}