{
  "level": "family",
  "alpha_LoUPCP": 0.5,
  "m_cal": 6329,
  "q_hat_leaf_LoUPCP": 0.07003116607666016,
  "metrics": {
    "coverage": 0.5102685624012638,
    "set_size_mean": 0.5131121642969985,
    "set_size_median": 1.0,
    "empty_rate": 0.4868878357030016,
    "singleton_rate": 0.5131121642969985,
    "base_top1_acc": 0.943127962085308,
    "top1_acc_non_empty": 0.9944581280788177,
    "hir": 0.0
  },
  "num_test_defined": 6330,
  "num_test_used": 6330,
  "class_labels": [
    "fam:Android",
    "fam:Linux",
    "fam:Windows",
    "fam:iOS",
    "fam:macOS"
  ]
}