{
  "level": "family",
  "alpha": 0.075,
  "m_k": 6329,
  "j": 5856,
  "quantile_step": 0.0001579778830963665,
  "q_hat": 0.19316697120666504,
  "metrics": {
    "coverage": 0.9270142180094787,
    "set_size_mean": 0.9500789889415482,
    "set_size_median": 1.0,
    "empty_rate": 0.049921011058451814,
    "singleton_rate": 0.9500789889415482,
    "top1_acc_non_empty": 0.9757233122713668,
    "base_top1_acc": 0.956872037914692,
    "hir": 0.24218009478672986
  },
  "num_test_defined": 6330,
  "num_test_used": 6330,
  "class_labels": [
    "fam:Android",
    "fam:Linux",
    "fam:Windows",
    "fam:iOS",
    "fam:macOS"
  ]
}