{
  "level": "family",
  "alpha_B": 0.1,
  "m_cal": 6329,
  "q_hat_leaf_B": 0.8297847509384155,
  "metrics": {
    "coverage": 0.9617693522906793,
    "set_size_mean": 1.0647709320695102,
    "set_size_median": 1.0,
    "empty_rate": 0.0011058451816745656,
    "singleton_rate": 0.9344391785150079,
    "base_top1_acc": 0.9412322274881516,
    "top1_acc_non_empty": 0.9421160841372767,
    "hir": 0.0
  },
  "num_test_defined": 6330,
  "num_test_used": 6330,
  "class_labels": [
    "fam:Android",
    "fam:Linux",
    "fam:Windows",
    "fam:iOS",
    "fam:macOS"
  ]
}