{
  "level": "family",
  "alpha_B": 0.45,
  "m_cal": 6329,
  "q_hat_leaf_B": 0.15607208013534546,
  "metrics": {
    "coverage": 0.55434439178515,
    "set_size_mean": 0.5586097946287519,
    "set_size_median": 1.0,
    "empty_rate": 0.441390205371248,
    "singleton_rate": 0.5586097946287519,
    "base_top1_acc": 0.9462875197472354,
    "top1_acc_non_empty": 0.9923642533936652,
    "hir": 0.0
  },
  "num_test_defined": 6330,
  "num_test_used": 6330,
  "class_labels": [
    "fam:Android",
    "fam:Linux",
    "fam:Windows",
    "fam:iOS",
    "fam:macOS"
  ]
}