{
  "level": "family",
  "alpha": 0.1,
  "m_k": 6329,
  "j": 5697,
  "quantile_step": 0.0001579778830963665,
  "q_hat": 0.12937432527542114,
  "metrics": {
    "coverage": 0.8987361769352291,
    "set_size_mean": 0.9150078988941548,
    "set_size_median": 1.0,
    "empty_rate": 0.08499210110584518,
    "singleton_rate": 0.9150078988941548,
    "top1_acc_non_empty": 0.9822168508287292,
    "base_top1_acc": 0.9546603475513428,
    "hir": 0.23996840442338072
  },
  "num_test_defined": 6330,
  "num_test_used": 6330,
  "class_labels": [
    "fam:Android",
    "fam:Linux",
    "fam:Windows",
    "fam:iOS",
    "fam:macOS"
  ]
}