{
  "level": "family",
  "alpha": 0.3,
  "m_k": 6329,
  "j": 4431,
  "quantile_step": 0.0001579778830963665,
  "q_hat": 0.004236459732055664,
  "metrics": {
    "coverage": 0.7091627172195892,
    "set_size_mean": 0.7113744075829384,
    "set_size_median": 1.0,
    "empty_rate": 0.2886255924170616,
    "singleton_rate": 0.7113744075829384,
    "top1_acc_non_empty": 0.9968909615811681,
    "base_top1_acc": 0.956872037914692,
    "hir": 0.3766192733017378
  },
  "num_test_defined": 6330,
  "num_test_used": 6330,
  "class_labels": [
    "fam:Android",
    "fam:Linux",
    "fam:Windows",
    "fam:iOS",
    "fam:macOS"
  ]
}