{
  "level": "family",
  "alpha": 0.15,
  "m_k": 6329,
  "j": 5381,
  "quantile_step": 0.0001579778830963665,
  "q_hat": 0.08076465129852295,
  "metrics": {
    "coverage": 0.8458135860979463,
    "set_size_mean": 0.8549763033175355,
    "set_size_median": 1.0,
    "empty_rate": 0.14502369668246445,
    "singleton_rate": 0.8549763033175355,
    "top1_acc_non_empty": 0.9892830746489283,
    "base_top1_acc": 0.9540284360189574,
    "hir": 0.28420221169036336
  },
  "num_test_defined": 6330,
  "num_test_used": 6330,
  "class_labels": [
    "fam:Android",
    "fam:Linux",
    "fam:Windows",
    "fam:iOS",
    "fam:macOS"
  ]
}