{
  "level": "family",
  "alpha_B": 0.5,
  "m_cal": 6329,
  "q_hat_leaf_B": 0.07105326652526855,
  "metrics": {
    "coverage": 0.514218009478673,
    "set_size_mean": 0.5164296998420221,
    "set_size_median": 1.0,
    "empty_rate": 0.48357030015797786,
    "singleton_rate": 0.5164296998420221,
    "base_top1_acc": 0.9473933649289099,
    "top1_acc_non_empty": 0.9957173447537473,
    "hir": 0.0
  },
  "num_test_defined": 6330,
  "num_test_used": 6330,
  "class_labels": [
    "fam:Android",
    "fam:Linux",
    "fam:Windows",
    "fam:iOS",
    "fam:macOS"
  ]
}