{
  "level": "family",
  "alpha_SCP": 0.15,
  "tau": 0.494949494949495,
  "m": 1000,
  "calibration_info": {
    "tau": 0.494949494949495,
    "coverage": 0.8516353294359299,
    "target_coverage": 0.85,
    "n_cal": 6329
  },
  "metrics": {
    "coverage": 0.8663507109004739,
    "set_size_mean": 1.6691943127962086,
    "set_size_median": 2.0,
    "empty_rate": 0.0,
    "singleton_rate": 0.3407582938388626,
    "base_top1_acc": 0.944391785150079,
    "top1_acc_non_empty": 0.8410742496050553,
    "hir": 0.0
  },
  "num_test_defined": 6330,
  "num_test_used": 6330,
  "class_labels": [
    "fam:Android",
    "fam:Linux",
    "fam:Windows",
    "fam:iOS",
    "fam:macOS"
  ]
}