coverage,set_size_mean,set_size_median,empty_rate,singleton_rate,top1_acc_non_empty,base_top1_acc,hir,level,alpha,run
0.9845181674565561,2.20695102685624,2.0,0.0,0.484044233807266,0.825750394944707,0.825750394944707,,major,0.02,1
0.985150078988941,2.2260663507109,2.0,0.0,0.46982622432859406,0.816903633491311,0.816903633491311,,major,0.02,2
0.984044233807267,2.183254344391785,2.0,0.0,0.48309636650868804,0.8232227488151651,0.8232227488151651,,major,0.02,3
0.988625592417061,2.265876777251184,2.0,0.0,0.466192733017377,0.8254344391785151,0.8254344391785151,,major,0.02,4
0.9815165876777251,2.157977883096366,2.0,0.0,0.48973143759873605,0.8208530805687201,0.8208530805687201,,major,0.02,5
