coverage,set_size_mean,set_size_median,empty_rate,singleton_rate,top1_acc_non_empty,base_top1_acc,hir,level,alpha,run
0.992890995260663,1.389573459715639,1.0,0.0,0.711690363349131,0.944391785150079,0.944391785150079,0.0,family,0.02,1
0.992890995260663,1.38562401263823,1.0,0.0,0.7121642969984201,0.9428120063191151,0.9428120063191151,0.0,family,0.02,2
0.9930489731437591,1.381042654028436,1.0,0.0,0.714849921011058,0.944391785150079,0.944391785150079,0.0,family,0.02,3
0.994944707740916,1.401895734597156,1.0,0.0,0.703949447077409,0.9440758293838861,0.9440758293838861,0.0,family,0.02,4
0.9909952606635071,1.365718799368088,1.0,0.0,0.720221169036334,0.9406003159557661,0.9406003159557661,0.0,family,0.02,5
