coverage,set_size_mean,set_size_median,empty_rate,singleton_rate,top1_acc_non_empty,base_top1_acc,hir,level,alpha,run
0.9824644549763031,3.109004739336493,2.0,0.0,0.44802527646129503,0.72780410742496,0.72780410742496,,leaf,0.02,1
0.9834123222748811,3.1595576619273302,2.0,0.0,0.433965244865718,0.7184834123222741,0.7184834123222741,,leaf,0.02,2
0.9813586097946281,3.069194312796208,2.0,0.0,0.44533965244865703,0.7251184834123221,0.7251184834123221,,leaf,0.02,3
0.986255924170616,3.209478672985782,2.0,0.0,0.432227488151658,0.7279620853080561,0.7279620853080561,,leaf,0.02,4
0.9793048973143761,3.023222748815166,2.0,0.0,0.45355450236966804,0.7236966824644551,0.7236966824644551,,leaf,0.02,5
