{
  "level": "family",
  "alpha_B": 0.15,
  "m_cal": 6329,
  "q_hat_leaf_B": 0.7838354706764221,
  "metrics": {
    "coverage": 0.9533965244865719,
    "set_size_mean": 1.0352290679304896,
    "set_size_median": 1.0,
    "empty_rate": 0.008214849921011059,
    "singleton_rate": 0.9483412322274881,
    "base_top1_acc": 0.9434439178515008,
    "top1_acc_non_empty": 0.9467983434214718,
    "hir": 0.0
  },
  "num_test_defined": 6330,
  "num_test_used": 6330,
  "class_labels": [
    "fam:Android",
    "fam:Linux",
    "fam:Windows",
    "fam:iOS",
    "fam:macOS"
  ]
}