{
  "level": "family",
  "alpha_B": 0.1,
  "m_cal": 6329,
  "q_hat_leaf_B": 0.832537055015564,
  "metrics": {
    "coverage": 0.9628751974723538,
    "set_size_mean": 1.063349131121643,
    "set_size_median": 1.0,
    "empty_rate": 0.0011058451816745656,
    "singleton_rate": 0.936650868878357,
    "base_top1_acc": 0.942654028436019,
    "top1_acc_non_empty": 0.9436976118930888,
    "hir": 0.0
  },
  "num_test_defined": 6330,
  "num_test_used": 6330,
  "class_labels": [
    "fam:Android",
    "fam:Linux",
    "fam:Windows",
    "fam:iOS",
    "fam:macOS"
  ]
}