{
  "level": "family",
  "alpha": 0.075,
  "m_k": 6329,
  "j": 5856,
  "quantile_step": 0.0001579778830963665,
  "q_hat": 0.19337373971939087,
  "metrics": {
    "coverage": 0.9278041074249606,
    "set_size_mean": 0.9502369668246445,
    "set_size_median": 1.0,
    "empty_rate": 0.04976303317535545,
    "singleton_rate": 0.9502369668246445,
    "top1_acc_non_empty": 0.9763923524522028,
    "base_top1_acc": 0.9554502369668246,
    "hir": 0.2500789889415482
  },
  "num_test_defined": 6330,
  "num_test_used": 6330,
  "class_labels": [
    "fam:Android",
    "fam:Linux",
    "fam:Windows",
    "fam:iOS",
    "fam:macOS"
  ]
}