{
  "level": "family",
  "alpha_LoUPCP": 0.35,
  "m_cal": 6329,
  "q_hat_leaf_LoUPCP": 0.4915398955345154,
  "metrics": {
    "coverage": 0.7099526066350711,
    "set_size_mean": 0.7323854660347552,
    "set_size_median": 1.0,
    "empty_rate": 0.26761453396524487,
    "singleton_rate": 0.7323854660347552,
    "base_top1_acc": 0.9409162717219589,
    "top1_acc_non_empty": 0.9693701466781708,
    "hir": 0.0
  },
  "num_test_defined": 6330,
  "num_test_used": 6330,
  "class_labels": [
    "fam:Android",
    "fam:Linux",
    "fam:Windows",
    "fam:iOS",
    "fam:macOS"
  ]
}