{
  "level": "family",
  "alpha_LoUPCP": 0.2,
  "m_cal": 6329,
  "q_hat_leaf_LoUPCP": 0.7629609107971191,
  "metrics": {
    "coverage": 0.9382306477093207,
    "set_size_mean": 1.0123222748815166,
    "set_size_median": 1.0,
    "empty_rate": 0.026066350710900472,
    "singleton_rate": 0.9355450236966825,
    "base_top1_acc": 0.9470774091627172,
    "top1_acc_non_empty": 0.951500405515004,
    "hir": 0.0
  },
  "num_test_defined": 6330,
  "num_test_used": 6330,
  "class_labels": [
    "fam:Android",
    "fam:Linux",
    "fam:Windows",
    "fam:iOS",
    "fam:macOS"
  ]
}