{
  "level": "family",
  "alpha": 0.04,
  "m_k": 6329,
  "j": 6077,
  "quantile_step": 0.0001579778830963665,
  "q_hat": 0.618481457233429,
  "metrics": {
    "coverage": 0.9590837282780411,
    "set_size_mean": 1.0061611374407582,
    "set_size_median": 1.0,
    "empty_rate": 0.0007898894154818325,
    "singleton_rate": 0.9922590837282781,
    "top1_acc_non_empty": 0.9563636363636364,
    "base_top1_acc": 0.9560821484992101,
    "hir": 0.33522906793048973
  },
  "num_test_defined": 6330,
  "num_test_used": 6330,
  "class_labels": [
    "fam:Android",
    "fam:Linux",
    "fam:Windows",
    "fam:iOS",
    "fam:macOS"
  ]
}