{
  "level": "family",
  "alpha_LoUPCP": 0.05,
  "m_cal": 6329,
  "q_hat_leaf_LoUPCP": 0.939337432384491,
  "metrics": {
    "coverage": 0.9780410742496051,
    "set_size_mean": 1.1865718799368088,
    "set_size_median": 1.0,
    "empty_rate": 0.0,
    "singleton_rate": 0.846129541864139,
    "base_top1_acc": 0.9428120063191153,
    "top1_acc_non_empty": 0.9428120063191153,
    "hir": 0.0
  },
  "num_test_defined": 6330,
  "num_test_used": 6330,
  "class_labels": [
    "fam:Android",
    "fam:Linux",
    "fam:Windows",
    "fam:iOS",
    "fam:macOS"
  ]
}