{
  "level": "family",
  "alpha_LoUPCP": 0.4,
  "m_cal": 6329,
  "q_hat_leaf_LoUPCP": 0.32527703046798706,
  "metrics": {
    "coverage": 0.6325434439178516,
    "set_size_mean": 0.6415481832543444,
    "set_size_median": 1.0,
    "empty_rate": 0.3584518167456556,
    "singleton_rate": 0.6415481832543444,
    "base_top1_acc": 0.9442338072669826,
    "top1_acc_non_empty": 0.9859640482639744,
    "hir": 0.0
  },
  "num_test_defined": 6330,
  "num_test_used": 6330,
  "class_labels": [
    "fam:Android",
    "fam:Linux",
    "fam:Windows",
    "fam:iOS",
    "fam:macOS"
  ]
}