{
  "level": "family",
  "alpha_LoUPCP": 0.1,
  "m_cal": 6329,
  "q_hat_leaf_LoUPCP": 0.8283683061599731,
  "metrics": {
    "coverage": 0.9625592417061611,
    "set_size_mean": 1.0606635071090047,
    "set_size_median": 1.0,
    "empty_rate": 0.0007898894154818325,
    "singleton_rate": 0.9387045813586098,
    "base_top1_acc": 0.9436018957345972,
    "top1_acc_non_empty": 0.9443478260869566,
    "hir": 0.0
  },
  "num_test_defined": 6330,
  "num_test_used": 6330,
  "class_labels": [
    "fam:Android",
    "fam:Linux",
    "fam:Windows",
    "fam:iOS",
    "fam:macOS"
  ]
}