{
  "level": "family",
  "alpha_B": 0.25,
  "m_cal": 6329,
  "q_hat_leaf_B": 0.693006694316864,
  "metrics": {
    "coverage": 0.8624012638230648,
    "set_size_mean": 0.930173775671406,
    "set_size_median": 1.0,
    "empty_rate": 0.0990521327014218,
    "singleton_rate": 0.8717219589257504,
    "base_top1_acc": 0.9412322274881516,
    "top1_acc_non_empty": 0.9473961073119411,
    "hir": 0.0
  },
  "num_test_defined": 6330,
  "num_test_used": 6330,
  "class_labels": [
    "fam:Android",
    "fam:Linux",
    "fam:Windows",
    "fam:iOS",
    "fam:macOS"
  ]
}