{
  "level": "family",
  "alpha": 0.15,
  "m_k": 6329,
  "j": 5381,
  "quantile_step": 0.0001579778830963665,
  "q_hat": 0.08076465129852295,
  "metrics": {
    "coverage": 0.844391785150079,
    "set_size_mean": 0.8535545023696682,
    "set_size_median": 1.0,
    "empty_rate": 0.14644549763033177,
    "singleton_rate": 0.8535545023696682,
    "top1_acc_non_empty": 0.9892652230242458,
    "base_top1_acc": 0.9543443917851501,
    "hir": 0.28199052132701424
  },
  "num_test_defined": 6330,
  "num_test_used": 6330,
  "class_labels": [
    "fam:Android",
    "fam:Linux",
    "fam:Windows",
    "fam:iOS",
    "fam:macOS"
  ]
}