{
  "level": "family",
  "alpha": 0.45,
  "m_k": 6329,
  "j": 3482,
  "quantile_step": 0.0001579778830963665,
  "q_hat": 0.0005080699920654297,
  "metrics": {
    "coverage": 0.5589257503949447,
    "set_size_mean": 0.5593996840442338,
    "set_size_median": 1.0,
    "empty_rate": 0.4406003159557662,
    "singleton_rate": 0.5593996840442338,
    "top1_acc_non_empty": 0.9991527817000847,
    "base_top1_acc": 0.9559241706161138,
    "hir": 0.23080568720379147
  },
  "num_test_defined": 6330,
  "num_test_used": 6330,
  "class_labels": [
    "fam:Android",
    "fam:Linux",
    "fam:Windows",
    "fam:iOS",
    "fam:macOS"
  ]
}