{
  "level": "family",
  "alpha": 0.4,
  "m_k": 6329,
  "j": 3798,
  "quantile_step": 0.0001579778830963665,
  "q_hat": 0.0009437203407287598,
  "metrics": {
    "coverage": 0.5990521327014218,
    "set_size_mean": 0.5998420221169036,
    "set_size_median": 1.0,
    "empty_rate": 0.40015797788309637,
    "singleton_rate": 0.5998420221169036,
    "top1_acc_non_empty": 0.998683170924414,
    "base_top1_acc": 0.9560821484992101,
    "hir": 0.2439178515007899
  },
  "num_test_defined": 6330,
  "num_test_used": 6330,
  "class_labels": [
    "fam:Android",
    "fam:Linux",
    "fam:Windows",
    "fam:iOS",
    "fam:macOS"
  ]
}