{
  "level": "family",
  "alpha_LoUPCP": 0.3,
  "m_cal": 6329,
  "q_hat_leaf_LoUPCP": 0.6152770519256592,
  "metrics": {
    "coverage": 0.7897314375987362,
    "set_size_mean": 0.8311216429699843,
    "set_size_median": 1.0,
    "empty_rate": 0.17993680884676144,
    "singleton_rate": 0.8090047393364929,
    "base_top1_acc": 0.9440758293838862,
    "top1_acc_non_empty": 0.9576189558851859,
    "hir": 0.0
  },
  "num_test_defined": 6330,
  "num_test_used": 6330,
  "class_labels": [
    "fam:Android",
    "fam:Linux",
    "fam:Windows",
    "fam:iOS",
    "fam:macOS"
  ]
}