{
  "level": "family",
  "alpha_B": 0.3,
  "m_cal": 6329,
  "q_hat_leaf_B": 0.6118621826171875,
  "metrics": {
    "coverage": 0.7843601895734598,
    "set_size_mean": 0.8303317535545024,
    "set_size_median": 1.0,
    "empty_rate": 0.1819905213270142,
    "singleton_rate": 0.8056872037914692,
    "base_top1_acc": 0.9417061611374408,
    "top1_acc_non_empty": 0.9546156817303978,
    "hir": 0.0
  },
  "num_test_defined": 6330,
  "num_test_used": 6330,
  "class_labels": [
    "fam:Android",
    "fam:Linux",
    "fam:Windows",
    "fam:iOS",
    "fam:macOS"
  ]
}