{
  "level": "family",
  "alpha": 0.05,
  "m_k": 6329,
  "j": 6014,
  "quantile_step": 0.0001579778830963665,
  "q_hat": 0.4417976140975952,
  "metrics": {
    "coverage": 0.9545023696682464,
    "set_size_mean": 0.9908372827804107,
    "set_size_median": 1.0,
    "empty_rate": 0.009162717219589257,
    "singleton_rate": 0.9908372827804107,
    "top1_acc_non_empty": 0.9633290816326531,
    "base_top1_acc": 0.9578199052132701,
    "hir": 0.29415481832543444
  },
  "num_test_defined": 6330,
  "num_test_used": 6330,
  "class_labels": [
    "fam:Android",
    "fam:Linux",
    "fam:Windows",
    "fam:iOS",
    "fam:macOS"
  ]
}