{
  "level": "family",
  "alpha": 0.01,
  "m_k": 6329,
  "j": 6267,
  "quantile_step": 0.0001579778830963665,
  "q_hat": 0.9582432508468628,
  "metrics": {
    "coverage": 0.9932069510268562,
    "set_size_mean": 1.232385466034755,
    "set_size_median": 1.0,
    "empty_rate": 0.0,
    "singleton_rate": 0.8172195892575039,
    "top1_acc_non_empty": 0.956872037914692,
    "base_top1_acc": 0.956872037914692,
    "hir": 0.5560821484992101
  },
  "num_test_defined": 6330,
  "num_test_used": 6330,
  "class_labels": [
    "fam:Android",
    "fam:Linux",
    "fam:Windows",
    "fam:iOS",
    "fam:macOS"
  ]
}