{
  "level": "family",
  "alpha": 0.1,
  "m_k": 6329,
  "j": 5697,
  "quantile_step": 0.0001579778830963665,
  "q_hat": 0.1298472285270691,
  "metrics": {
    "coverage": 0.9014218009478673,
    "set_size_mean": 0.9157977883096367,
    "set_size_median": 1.0,
    "empty_rate": 0.08420221169036335,
    "singleton_rate": 0.9157977883096367,
    "top1_acc_non_empty": 0.9843022252889425,
    "base_top1_acc": 0.9571879936808847,
    "hir": 0.24170616113744076
  },
  "num_test_defined": 6330,
  "num_test_used": 6330,
  "class_labels": [
    "fam:Android",
    "fam:Linux",
    "fam:Windows",
    "fam:iOS",
    "fam:macOS"
  ]
}