level,alpha,m_k,j,quantile_step,q_hat,num_test_defined,num_test_used
major,0.01,6329,6267,0.0001579778830963665,0.9963732361793518,6330,6330
