{
  "level": "family",
  "alpha_B": 0.2,
  "m_cal": 6329,
  "q_hat_leaf_B": 0.7639286518096924,
  "metrics": {
    "coverage": 0.9382306477093207,
    "set_size_mean": 1.0154818325434438,
    "set_size_median": 1.0,
    "empty_rate": 0.025118483412322274,
    "singleton_rate": 0.9342812006319116,
    "base_top1_acc": 0.9462875197472354,
    "top1_acc_non_empty": 0.9491168368173716,
    "hir": 0.0
  },
  "num_test_defined": 6330,
  "num_test_used": 6330,
  "class_labels": [
    "fam:Android",
    "fam:Linux",
    "fam:Windows",
    "fam:iOS",
    "fam:macOS"
  ]
}