{
  "level": "family",
  "alpha": 0.2,
  "m_k": 6329,
  "j": 5064,
  "quantile_step": 0.0001579778830963665,
  "q_hat": 0.03709113597869873,
  "metrics": {
    "coverage": 0.8099526066350711,
    "set_size_mean": 0.8156398104265403,
    "set_size_median": 1.0,
    "empty_rate": 0.1843601895734597,
    "singleton_rate": 0.8156398104265403,
    "top1_acc_non_empty": 0.9930273097036607,
    "base_top1_acc": 0.9560821484992101,
    "hir": 0.330173775671406
  },
  "num_test_defined": 6330,
  "num_test_used": 6330,
  "class_labels": [
    "fam:Android",
    "fam:Linux",
    "fam:Windows",
    "fam:iOS",
    "fam:macOS"
  ]
}