{
  "level": "family",
  "alpha": 0.35,
  "m_k": 6329,
  "j": 4115,
  "quantile_step": 0.0001579778830963665,
  "q_hat": 0.0021566152572631836,
  "metrics": {
    "coverage": 0.6597156398104266,
    "set_size_mean": 0.6609794628751975,
    "set_size_median": 1.0,
    "empty_rate": 0.3390205371248025,
    "singleton_rate": 0.6609794628751975,
    "top1_acc_non_empty": 0.9980879541108987,
    "base_top1_acc": 0.9581358609794629,
    "hir": 0.30647709320695105
  },
  "num_test_defined": 6330,
  "num_test_used": 6330,
  "class_labels": [
    "fam:Android",
    "fam:Linux",
    "fam:Windows",
    "fam:iOS",
    "fam:macOS"
  ]
}