level,alpha,m_k,j,quantile_step,q_hat,num_test_defined,num_test_used
major,0.4,6329,3798,0.0001579778830963665,0.038591623306274414,6330,6330
