{
  "level": "family",
  "alpha": 0.4,
  "m_k": 6329,
  "j": 3798,
  "quantile_step": 0.0001579778830963665,
  "q_hat": 0.0009989142417907715,
  "metrics": {
    "coverage": 0.6050552922590837,
    "set_size_mean": 0.6058451816745656,
    "set_size_median": 1.0,
    "empty_rate": 0.3941548183254344,
    "singleton_rate": 0.6058451816745656,
    "top1_acc_non_empty": 0.9986962190352021,
    "base_top1_acc": 0.9560821484992101,
    "hir": 0.24755134281200633
  },
  "num_test_defined": 6330,
  "num_test_used": 6330,
  "class_labels": [
    "fam:Android",
    "fam:Linux",
    "fam:Windows",
    "fam:iOS",
    "fam:macOS"
  ]
}