coverage,set_size_mean,set_size_median,empty_rate,singleton_rate,top1_acc_non_empty,base_top1_acc,hir,level,alpha,run
0.811848341232227,5.585781990521327,4.0,0.0,0.10932069510268501,0.674565560821485,0.72780410742496,,leaf,0.1,1
0.8086887835703,5.614533965244866,4.0,0.0,0.10742496050552901,0.6687203791469191,0.7184834123222741,,leaf,0.1,2
0.8071090047393361,5.596366508688783,4.0,0.0,0.10853080568720301,0.671563981042654,0.7251184834123221,,leaf,0.1,3
0.8110584518167451,5.6579778830963665,4.0,0.0,0.11311216429699801,0.6731437598736171,0.7279620853080561,,leaf,0.1,4
0.8086887835703,5.5600315955766195,4.0,0.0,0.11026856240126301,0.671406003159557,0.7236966824644551,,leaf,0.1,5
