coverage,set_size_mean,set_size_median,empty_rate,singleton_rate,top1_acc_non_empty,base_top1_acc,hir,level,alpha,run
0.8282780410742491,2.597314375987361,2.0,0.0,0.25892575039494403,0.769668246445497,0.825750394944707,,major,0.1,1
0.8243285939968401,2.612638230647709,2.0,0.0,0.26176935229067905,0.764296998420221,0.816903633491311,,major,0.1,2
0.8238546603475511,2.591785150078989,2.0,0.0,0.257661927330173,0.767298578199052,0.8232227488151651,,major,0.1,3
0.8276461295418641,2.6301737756714063,2.0,0.0,0.26003159557661903,0.7680884676145341,0.8254344391785151,,major,0.1,4
0.8249605055292261,2.5936808846761448,2.0,0.0,0.260189573459715,0.76650868878357,0.8208530805687201,,major,0.1,5
