coverage,set_size_mean,set_size_median,empty_rate,singleton_rate,top1_acc_non_empty,base_top1_acc,hir,level,alpha,run
0.8282780410742491,2.595418641390205,2.0,0.0,0.25892575039494403,0.769668246445497,0.825750394944707,,major,0.1,1
