coverage,set_size_mean,set_size_median,empty_rate,singleton_rate,top1_acc_non_empty,base_top1_acc,hir,level,alpha,run
0.8939968404423381,1.768088467614533,2.0,0.0,0.303949447077409,0.8486571879936801,0.944391785150079,0.0,family,0.1,1
0.8909952606635071,1.7605055292259082,2.0,0.0,0.307898894154818,0.8480252764612951,0.9428120063191151,0.0,family,0.1,2
0.893680884676145,1.7663507109004741,2.0,0.0,0.30647709320695105,0.8500789889415481,0.944391785150079,0.0,family,0.1,3
0.893680884676145,1.7695102685624011,2.0,0.0,0.30363349131121603,0.8499210110584511,0.9440758293838861,0.0,family,0.1,4
0.8941548183254341,1.767456556082148,2.0,0.0,0.30473933649289103,0.8489731437598731,0.9406003159557661,0.0,family,0.1,5
