{
  "level": "family",
  "alpha": 0.04,
  "m_k": 6329,
  "j": 6077,
  "quantile_step": 0.0001579778830963665,
  "q_hat": 0.56670081615448,
  "metrics": {
    "coverage": 0.9530805687203792,
    "set_size_mean": 1.0018957345971564,
    "set_size_median": 1.0,
    "empty_rate": 0.0017377567140600316,
    "singleton_rate": 0.9946287519747236,
    "top1_acc_non_empty": 0.9523658806773223,
    "base_top1_acc": 0.9513428120063191,
    "hir": 0.3342812006319115
  },
  "num_test_defined": 6330,
  "num_test_used": 6330,
  "class_labels": [
    "fam:Android",
    "fam:Linux",
    "fam:Windows",
    "fam:iOS",
    "fam:macOS"
  ]
}