{
  "level": "family",
  "alpha": 0.1,
  "m_k": 6329,
  "j": 5697,
  "quantile_step": 0.0001579778830963665,
  "q_hat": 0.12493830919265747,
  "metrics": {
    "coverage": 0.8963665086887835,
    "set_size_mean": 0.9118483412322275,
    "set_size_median": 1.0,
    "empty_rate": 0.0881516587677725,
    "singleton_rate": 0.9118483412322275,
    "top1_acc_non_empty": 0.9830214830214831,
    "base_top1_acc": 0.9524486571879937,
    "hir": 0.23712480252764612
  },
  "num_test_defined": 6330,
  "num_test_used": 6330,
  "class_labels": [
    "fam:Android",
    "fam:Linux",
    "fam:Windows",
    "fam:iOS",
    "fam:macOS"
  ]
}