{
  "level": "family",
  "alpha": 0.45,
  "m_k": 6329,
  "j": 3482,
  "quantile_step": 0.0001579778830963665,
  "q_hat": 0.0004907846450805664,
  "metrics": {
    "coverage": 0.5532385466034755,
    "set_size_mean": 0.5533965244865718,
    "set_size_median": 1.0,
    "empty_rate": 0.4466034755134281,
    "singleton_rate": 0.5533965244865718,
    "top1_acc_non_empty": 0.9997145304025121,
    "base_top1_acc": 0.9582938388625593,
    "hir": 0.22780410742496052
  },
  "num_test_defined": 6330,
  "num_test_used": 6330,
  "class_labels": [
    "fam:Android",
    "fam:Linux",
    "fam:Windows",
    "fam:iOS",
    "fam:macOS"
  ]
}