{
  "level": "family",
  "alpha": 0.35,
  "m_k": 6329,
  "j": 4115,
  "quantile_step": 0.0001579778830963665,
  "q_hat": 0.0019801855087280273,
  "metrics": {
    "coverage": 0.6480252764612954,
    "set_size_mean": 0.6492890995260664,
    "set_size_median": 1.0,
    "empty_rate": 0.35071090047393366,
    "singleton_rate": 0.6492890995260664,
    "top1_acc_non_empty": 0.9980535279805353,
    "base_top1_acc": 0.9546603475513428,
    "hir": 0.2769352290679305
  },
  "num_test_defined": 6330,
  "num_test_used": 6330,
  "class_labels": [
    "fam:Android",
    "fam:Linux",
    "fam:Windows",
    "fam:iOS",
    "fam:macOS"
  ]
}