{
  "level": "family",
  "alpha_B": 0.25,
  "m_cal": 6329,
  "q_hat_leaf_B": 0.6940695643424988,
  "metrics": {
    "coverage": 0.8706161137440759,
    "set_size_mean": 0.9379146919431279,
    "set_size_median": 1.0,
    "empty_rate": 0.08988941548183255,
    "singleton_rate": 0.882306477093207,
    "base_top1_acc": 0.9429699842022117,
    "top1_acc_non_empty": 0.9465370595382746,
    "hir": 0.0
  },
  "num_test_defined": 6330,
  "num_test_used": 6330,
  "class_labels": [
    "fam:Android",
    "fam:Linux",
    "fam:Windows",
    "fam:iOS",
    "fam:macOS"
  ]
}