{
  "level": "family",
  "alpha_B": 0.075,
  "m_cal": 6329,
  "q_hat_leaf_B": 0.893559455871582,
  "metrics": {
    "coverage": 0.969352290679305,
    "set_size_mean": 1.1001579778830963,
    "set_size_median": 1.0,
    "empty_rate": 0.0,
    "singleton_rate": 0.9102685624012639,
    "base_top1_acc": 0.9398104265402843,
    "top1_acc_non_empty": 0.9398104265402843,
    "hir": 0.0
  },
  "num_test_defined": 6330,
  "num_test_used": 6330,
  "class_labels": [
    "fam:Android",
    "fam:Linux",
    "fam:Windows",
    "fam:iOS",
    "fam:macOS"
  ]
}