{
  "level": "family",
  "alpha_LoUPCP": 0.4,
  "m_cal": 6329,
  "q_hat_leaf_LoUPCP": 0.31602394580841064,
  "metrics": {
    "coverage": 0.6235387045813586,
    "set_size_mean": 0.6327014218009479,
    "set_size_median": 1.0,
    "empty_rate": 0.36729857819905215,
    "singleton_rate": 0.6327014218009479,
    "base_top1_acc": 0.944391785150079,
    "top1_acc_non_empty": 0.985518102372035,
    "hir": 0.0
  },
  "num_test_defined": 6330,
  "num_test_used": 6330,
  "class_labels": [
    "fam:Android",
    "fam:Linux",
    "fam:Windows",
    "fam:iOS",
    "fam:macOS"
  ]
}