{
  "level": "family",
  "alpha": 0.05,
  "m_k": 6329,
  "j": 6014,
  "quantile_step": 0.0001579778830963665,
  "q_hat": 0.458516001701355,
  "metrics": {
    "coverage": 0.9552922590837283,
    "set_size_mean": 0.9933649289099526,
    "set_size_median": 1.0,
    "empty_rate": 0.006635071090047393,
    "singleton_rate": 0.9933649289099526,
    "top1_acc_non_empty": 0.9616730279898219,
    "base_top1_acc": 0.957345971563981,
    "hir": 0.3241706161137441
  },
  "num_test_defined": 6330,
  "num_test_used": 6330,
  "class_labels": [
    "fam:Android",
    "fam:Linux",
    "fam:Windows",
    "fam:iOS",
    "fam:macOS"
  ]
}