{
  "level": "family",
  "alpha_B": 0.45,
  "m_cal": 6329,
  "q_hat_leaf_B": 0.1550215482711792,
  "metrics": {
    "coverage": 0.5535545023696683,
    "set_size_mean": 0.5571879936808847,
    "set_size_median": 1.0,
    "empty_rate": 0.4428120063191153,
    "singleton_rate": 0.5571879936808847,
    "base_top1_acc": 0.9447077409162717,
    "top1_acc_non_empty": 0.9934788772327757,
    "hir": 0.0
  },
  "num_test_defined": 6330,
  "num_test_used": 6330,
  "class_labels": [
    "fam:Android",
    "fam:Linux",
    "fam:Windows",
    "fam:iOS",
    "fam:macOS"
  ]
}