{
  "level": "family",
  "alpha_LoUPCP": 0.2,
  "m_cal": 6329,
  "q_hat_leaf_LoUPCP": 0.7703728675842285,
  "metrics": {
    "coverage": 0.9454976303317536,
    "set_size_mean": 1.0273301737756715,
    "set_size_median": 1.0,
    "empty_rate": 0.017851500789889417,
    "singleton_rate": 0.9369668246445497,
    "base_top1_acc": 0.944391785150079,
    "top1_acc_non_empty": 0.9465980376387325,
    "hir": 0.0
  },
  "num_test_defined": 6330,
  "num_test_used": 6330,
  "class_labels": [
    "fam:Android",
    "fam:Linux",
    "fam:Windows",
    "fam:iOS",
    "fam:macOS"
  ]
}