{
  "level": "family",
  "alpha": 0.5,
  "m_k": 6329,
  "j": 3165,
  "quantile_step": 0.0001579778830963665,
  "q_hat": 0.0002918839454650879,
  "metrics": {
    "coverage": 0.5086887835703001,
    "set_size_mean": 0.5090047393364929,
    "set_size_median": 1.0,
    "empty_rate": 0.4909952606635071,
    "singleton_rate": 0.5090047393364929,
    "top1_acc_non_empty": 0.9993792675356921,
    "base_top1_acc": 0.9571879936808847,
    "hir": 0.2786729857819905
  },
  "num_test_defined": 6330,
  "num_test_used": 6330,
  "class_labels": [
    "fam:Android",
    "fam:Linux",
    "fam:Windows",
    "fam:iOS",
    "fam:macOS"
  ]
}