{
  "level": "family",
  "alpha": 0.25,
  "m_k": 6329,
  "j": 4748,
  "quantile_step": 0.0001579778830963665,
  "q_hat": 0.009295761585235596,
  "metrics": {
    "coverage": 0.74913112164297,
    "set_size_mean": 0.7529225908372827,
    "set_size_median": 1.0,
    "empty_rate": 0.24707740916271723,
    "singleton_rate": 0.7529225908372827,
    "top1_acc_non_empty": 0.994964330675619,
    "base_top1_acc": 0.9541864139020537,
    "hir": 0.37109004739336493
  },
  "num_test_defined": 6330,
  "num_test_used": 6330,
  "class_labels": [
    "fam:Android",
    "fam:Linux",
    "fam:Windows",
    "fam:iOS",
    "fam:macOS"
  ]
}