{
  "level": "family",
  "alpha_SCP": 0.05,
  "tau": 0.8181818181818182,
  "m": 1000,
  "calibration_info": {
    "tau": 0.8181818181818182,
    "coverage": 0.9507031126560278,
    "target_coverage": 0.95,
    "n_cal": 6329
  },
  "metrics": {
    "coverage": 0.9545023696682464,
    "set_size_mean": 1.9932069510268562,
    "set_size_median": 2.0,
    "empty_rate": 0.0,
    "singleton_rate": 0.21595576619273302,
    "base_top1_acc": 0.9428120063191153,
    "top1_acc_non_empty": 0.8984202211690363,
    "hir": 0.0
  },
  "num_test_defined": 6330,
  "num_test_used": 6330,
  "class_labels": [
    "fam:Android",
    "fam:Linux",
    "fam:Windows",
    "fam:iOS",
    "fam:macOS"
  ]
}