{
  "level": "family",
  "alpha": 0.45,
  "m_k": 6329,
  "j": 3482,
  "quantile_step": 0.0001579778830963665,
  "q_hat": 0.00044780969619750977,
  "metrics": {
    "coverage": 0.5434439178515008,
    "set_size_mean": 0.5439178515007899,
    "set_size_median": 1.0,
    "empty_rate": 0.45608214849921014,
    "singleton_rate": 0.5439178515007899,
    "top1_acc_non_empty": 0.9991286668602962,
    "base_top1_acc": 0.9524486571879937,
    "hir": 0.23633491311216429
  },
  "num_test_defined": 6330,
  "num_test_used": 6330,
  "class_labels": [
    "fam:Android",
    "fam:Linux",
    "fam:Windows",
    "fam:iOS",
    "fam:macOS"
  ]
}