{
  "level": "family",
  "alpha": 0.075,
  "m_k": 6329,
  "j": 5856,
  "quantile_step": 0.0001579778830963665,
  "q_hat": 0.19316697120666504,
  "metrics": {
    "coverage": 0.9268562401263823,
    "set_size_mean": 0.9475513428120064,
    "set_size_median": 1.0,
    "empty_rate": 0.05244865718799368,
    "singleton_rate": 0.9475513428120064,
    "top1_acc_non_empty": 0.9781593864621541,
    "base_top1_acc": 0.9554502369668246,
    "hir": 0.2451816745655608
  },
  "num_test_defined": 6330,
  "num_test_used": 6330,
  "class_labels": [
    "fam:Android",
    "fam:Linux",
    "fam:Windows",
    "fam:iOS",
    "fam:macOS"
  ]
}