{
  "level": "family",
  "alpha_B": 0.3,
  "m_cal": 6329,
  "q_hat_leaf_B": 0.6221088171005249,
  "metrics": {
    "coverage": 0.7946287519747235,
    "set_size_mean": 0.839652448657188,
    "set_size_median": 1.0,
    "empty_rate": 0.17377567140600317,
    "singleton_rate": 0.8127962085308057,
    "base_top1_acc": 0.9439178515007899,
    "top1_acc_non_empty": 0.9552581261950287,
    "hir": 0.0
  },
  "num_test_defined": 6330,
  "num_test_used": 6330,
  "class_labels": [
    "fam:Android",
    "fam:Linux",
    "fam:Windows",
    "fam:iOS",
    "fam:macOS"
  ]
}