{
  "level": "family",
  "alpha_B": 0.35,
  "m_cal": 6329,
  "q_hat_leaf_B": 0.4978862404823303,
  "metrics": {
    "coverage": 0.7169036334913113,
    "set_size_mean": 0.7382306477093207,
    "set_size_median": 1.0,
    "empty_rate": 0.2617693522906793,
    "singleton_rate": 0.7382306477093207,
    "base_top1_acc": 0.9442338072669826,
    "top1_acc_non_empty": 0.9711106355660175,
    "hir": 0.0
  },
  "num_test_defined": 6330,
  "num_test_used": 6330,
  "class_labels": [
    "fam:Android",
    "fam:Linux",
    "fam:Windows",
    "fam:iOS",
    "fam:macOS"
  ]
}