{
  "level": "family",
  "alpha": 0.2,
  "m_k": 6329,
  "j": 5064,
  "quantile_step": 0.0001579778830963665,
  "q_hat": 0.034227609634399414,
  "metrics": {
    "coverage": 0.8015797788309637,
    "set_size_mean": 0.8060031595576619,
    "set_size_median": 1.0,
    "empty_rate": 0.19399684044233806,
    "singleton_rate": 0.8060031595576619,
    "top1_acc_non_empty": 0.9945119560956488,
    "base_top1_acc": 0.9567140600315955,
    "hir": 0.334913112164297
  },
  "num_test_defined": 6330,
  "num_test_used": 6330,
  "class_labels": [
    "fam:Android",
    "fam:Linux",
    "fam:Windows",
    "fam:iOS",
    "fam:macOS"
  ]
}