{
  "level": "family",
  "alpha": 0.5,
  "m_k": 6329,
  "j": 3165,
  "quantile_step": 0.0001579778830963665,
  "q_hat": 0.0002834200859069824,
  "metrics": {
    "coverage": 0.5067930489731438,
    "set_size_mean": 0.5071090047393365,
    "set_size_median": 1.0,
    "empty_rate": 0.4928909952606635,
    "singleton_rate": 0.5071090047393365,
    "top1_acc_non_empty": 0.9993769470404984,
    "base_top1_acc": 0.9560821484992101,
    "hir": 0.26477093206951025
  },
  "num_test_defined": 6330,
  "num_test_used": 6330,
  "class_labels": [
    "fam:Android",
    "fam:Linux",
    "fam:Windows",
    "fam:iOS",
    "fam:macOS"
  ]
}