{
  "level": "family",
  "alpha_LoUPCP": 0.25,
  "m_cal": 6329,
  "q_hat_leaf_LoUPCP": 0.7031617164611816,
  "metrics": {
    "coverage": 0.8865718799368089,
    "set_size_mean": 0.9511848341232227,
    "set_size_median": 1.0,
    "empty_rate": 0.07977883096366509,
    "singleton_rate": 0.889257503949447,
    "base_top1_acc": 0.9470774091627172,
    "top1_acc_non_empty": 0.952618025751073,
    "hir": 0.0
  },
  "num_test_defined": 6330,
  "num_test_used": 6330,
  "class_labels": [
    "fam:Android",
    "fam:Linux",
    "fam:Windows",
    "fam:iOS",
    "fam:macOS"
  ]
}