{
  "level": "family",
  "alpha": 0.15,
  "m_k": 6329,
  "j": 5381,
  "quantile_step": 0.0001579778830963665,
  "q_hat": 0.08076465129852295,
  "metrics": {
    "coverage": 0.8459715639810427,
    "set_size_mean": 0.8541864139020537,
    "set_size_median": 1.0,
    "empty_rate": 0.14581358609794629,
    "singleton_rate": 0.8541864139020537,
    "top1_acc_non_empty": 0.9903828370630664,
    "base_top1_acc": 0.9557661927330173,
    "hir": 0.2830963665086888
  },
  "num_test_defined": 6330,
  "num_test_used": 6330,
  "class_labels": [
    "fam:Android",
    "fam:Linux",
    "fam:Windows",
    "fam:iOS",
    "fam:macOS"
  ]
}