{
  "level": "family",
  "alpha": 0.05,
  "m_k": 6329,
  "j": 6014,
  "quantile_step": 0.0001579778830963665,
  "q_hat": 0.4189268946647644,
  "metrics": {
    "coverage": 0.9527646129541865,
    "set_size_mean": 0.9900473933649289,
    "set_size_median": 1.0,
    "empty_rate": 0.00995260663507109,
    "singleton_rate": 0.9900473933649289,
    "top1_acc_non_empty": 0.9623424285942237,
    "base_top1_acc": 0.9559241706161138,
    "hir": 0.31721958925750393
  },
  "num_test_defined": 6330,
  "num_test_used": 6330,
  "class_labels": [
    "fam:Android",
    "fam:Linux",
    "fam:Windows",
    "fam:iOS",
    "fam:macOS"
  ]
}