{
  "level": "family",
  "alpha": 0.1,
  "m_k": 6329,
  "j": 5697,
  "quantile_step": 0.0001579778830963665,
  "q_hat": 0.1313948631286621,
  "metrics": {
    "coverage": 0.9036334913112164,
    "set_size_mean": 0.9191153238546603,
    "set_size_median": 1.0,
    "empty_rate": 0.08088467614533965,
    "singleton_rate": 0.9191153238546603,
    "top1_acc_non_empty": 0.983155723616363,
    "base_top1_acc": 0.9554502369668246,
    "hir": 0.23759873617693522
  },
  "num_test_defined": 6330,
  "num_test_used": 6330,
  "class_labels": [
    "fam:Android",
    "fam:Linux",
    "fam:Windows",
    "fam:iOS",
    "fam:macOS"
  ]
}