{
  "level": "family",
  "alpha_LoUPCP": 0.45,
  "m_cal": 6329,
  "q_hat_leaf_LoUPCP": 0.17018622159957886,
  "metrics": {
    "coverage": 0.5609794628751975,
    "set_size_mean": 0.5654028436018957,
    "set_size_median": 1.0,
    "empty_rate": 0.43459715639810426,
    "singleton_rate": 0.5654028436018957,
    "base_top1_acc": 0.9429699842022117,
    "top1_acc_non_empty": 0.9921765856384465,
    "hir": 0.0
  },
  "num_test_defined": 6330,
  "num_test_used": 6330,
  "class_labels": [
    "fam:Android",
    "fam:Linux",
    "fam:Windows",
    "fam:iOS",
    "fam:macOS"
  ]
}