{
  "level": "family",
  "alpha": 0.01,
  "m_k": 6329,
  "j": 6267,
  "quantile_step": 0.0001579778830963665,
  "q_hat": 0.9448863863945007,
  "metrics": {
    "coverage": 0.9854660347551343,
    "set_size_mean": 1.1973143759873617,
    "set_size_median": 1.0,
    "empty_rate": 0.0,
    "singleton_rate": 0.8327014218009479,
    "top1_acc_non_empty": 0.9560821484992101,
    "base_top1_acc": 0.9560821484992101,
    "hir": 0.49636650868878357
  },
  "num_test_defined": 6330,
  "num_test_used": 6330,
  "class_labels": [
    "fam:Android",
    "fam:Linux",
    "fam:Windows",
    "fam:iOS",
    "fam:macOS"
  ]
}