{
  "level": "family",
  "alpha": 0.075,
  "m_k": 6329,
  "j": 5856,
  "quantile_step": 0.0001579778830963665,
  "q_hat": 0.2085912823677063,
  "metrics": {
    "coverage": 0.9317535545023696,
    "set_size_mean": 0.9519747235387046,
    "set_size_median": 1.0,
    "empty_rate": 0.04802527646129542,
    "singleton_rate": 0.9519747235387046,
    "top1_acc_non_empty": 0.97875871224693,
    "base_top1_acc": 0.9582938388625593,
    "hir": 0.24897314375987362
  },
  "num_test_defined": 6330,
  "num_test_used": 6330,
  "class_labels": [
    "fam:Android",
    "fam:Linux",
    "fam:Windows",
    "fam:iOS",
    "fam:macOS"
  ]
}