{
  "level": "family",
  "alpha": 0.35,
  "m_k": 6329,
  "j": 4115,
  "quantile_step": 0.0001579778830963665,
  "q_hat": 0.0021378397941589355,
  "metrics": {
    "coverage": 0.6575039494470775,
    "set_size_mean": 0.6590837282780411,
    "set_size_median": 1.0,
    "empty_rate": 0.34091627172195893,
    "singleton_rate": 0.6590837282780411,
    "top1_acc_non_empty": 0.9976030680728667,
    "base_top1_acc": 0.9567140600315955,
    "hir": 0.3018957345971564
  },
  "num_test_defined": 6330,
  "num_test_used": 6330,
  "class_labels": [
    "fam:Android",
    "fam:Linux",
    "fam:Windows",
    "fam:iOS",
    "fam:macOS"
  ]
}