{
  "level": "family",
  "alpha": 0.01,
  "m_k": 6329,
  "j": 6267,
  "quantile_step": 0.0001579778830963665,
  "q_hat": 0.9570479989051819,
  "metrics": {
    "coverage": 0.9925750394944708,
    "set_size_mean": 1.2369668246445498,
    "set_size_median": 1.0,
    "empty_rate": 0.0,
    "singleton_rate": 0.8140600315955766,
    "top1_acc_non_empty": 0.9557661927330173,
    "base_top1_acc": 0.9557661927330173,
    "hir": 0.5218009478672986
  },
  "num_test_defined": 6330,
  "num_test_used": 6330,
  "class_labels": [
    "fam:Android",
    "fam:Linux",
    "fam:Windows",
    "fam:iOS",
    "fam:macOS"
  ]
}