{
  "level": "family",
  "alpha_B": 0.25,
  "m_cal": 6329,
  "q_hat_leaf_B": 0.7016221284866333,
  "metrics": {
    "coverage": 0.8830963665086888,
    "set_size_mean": 0.9503949447077409,
    "set_size_median": 1.0,
    "empty_rate": 0.07930489731437598,
    "singleton_rate": 0.8909952606635071,
    "base_top1_acc": 0.944391785150079,
    "top1_acc_non_empty": 0.9492107069320521,
    "hir": 0.0
  },
  "num_test_defined": 6330,
  "num_test_used": 6330,
  "class_labels": [
    "fam:Android",
    "fam:Linux",
    "fam:Windows",
    "fam:iOS",
    "fam:macOS"
  ]
}