{
  "level": "family",
  "alpha": 0.45,
  "m_k": 6329,
  "j": 3482,
  "quantile_step": 0.0001579778830963665,
  "q_hat": 0.0004490017890930176,
  "metrics": {
    "coverage": 0.544391785150079,
    "set_size_mean": 0.544391785150079,
    "set_size_median": 1.0,
    "empty_rate": 0.45560821484992103,
    "singleton_rate": 0.544391785150079,
    "top1_acc_non_empty": 1.0,
    "base_top1_acc": 0.953870458135861,
    "hir": 0.2387045813586098
  },
  "num_test_defined": 6330,
  "num_test_used": 6330,
  "class_labels": [
    "fam:Android",
    "fam:Linux",
    "fam:Windows",
    "fam:iOS",
    "fam:macOS"
  ]
}