{
  "level": "family",
  "alpha_B": 0.1,
  "m_cal": 6329,
  "q_hat_leaf_B": 0.8343954086303711,
  "metrics": {
    "coverage": 0.9654028436018958,
    "set_size_mean": 1.0635071090047394,
    "set_size_median": 1.0,
    "empty_rate": 0.00047393364928909954,
    "singleton_rate": 0.9374407582938389,
    "base_top1_acc": 0.9473933649289099,
    "top1_acc_non_empty": 0.9476845266318951,
    "hir": 0.0
  },
  "num_test_defined": 6330,
  "num_test_used": 6330,
  "class_labels": [
    "fam:Android",
    "fam:Linux",
    "fam:Windows",
    "fam:iOS",
    "fam:macOS"
  ]
}