{
  "level": "family",
  "alpha_B": 0.15,
  "m_cal": 6329,
  "q_hat_leaf_B": 0.7793321013450623,
  "metrics": {
    "coverage": 0.9524486571879937,
    "set_size_mean": 1.034123222748815,
    "set_size_median": 1.0,
    "empty_rate": 0.011532385466034755,
    "singleton_rate": 0.9428120063191153,
    "base_top1_acc": 0.943127962085308,
    "top1_acc_non_empty": 0.9470992488412977,
    "hir": 0.0
  },
  "num_test_defined": 6330,
  "num_test_used": 6330,
  "class_labels": [
    "fam:Android",
    "fam:Linux",
    "fam:Windows",
    "fam:iOS",
    "fam:macOS"
  ]
}