{
  "level": "family",
  "alpha": 0.15,
  "m_k": 6329,
  "j": 5381,
  "quantile_step": 0.0001579778830963665,
  "q_hat": 0.08374375104904175,
  "metrics": {
    "coverage": 0.8600315955766192,
    "set_size_mean": 0.8701421800947867,
    "set_size_median": 1.0,
    "empty_rate": 0.12985781990521328,
    "singleton_rate": 0.8701421800947867,
    "top1_acc_non_empty": 0.9883805374001452,
    "base_top1_acc": 0.9554502369668246,
    "hir": 0.2682464454976303
  },
  "num_test_defined": 6330,
  "num_test_used": 6330,
  "class_labels": [
    "fam:Android",
    "fam:Linux",
    "fam:Windows",
    "fam:iOS",
    "fam:macOS"
  ]
}