{
  "level": "family",
  "alpha": 0.25,
  "m_k": 6329,
  "j": 4748,
  "quantile_step": 0.0001579778830963665,
  "q_hat": 0.009419858455657959,
  "metrics": {
    "coverage": 0.7497630331753554,
    "set_size_mean": 0.7533965244865719,
    "set_size_median": 1.0,
    "empty_rate": 0.24660347551342812,
    "singleton_rate": 0.7533965244865719,
    "top1_acc_non_empty": 0.9951771859928706,
    "base_top1_acc": 0.9545023696682464,
    "hir": 0.376303317535545
  },
  "num_test_defined": 6330,
  "num_test_used": 6330,
  "class_labels": [
    "fam:Android",
    "fam:Linux",
    "fam:Windows",
    "fam:iOS",
    "fam:macOS"
  ]
}