{
  "level": "family",
  "alpha_B": 0.45,
  "m_cal": 6329,
  "q_hat_leaf_B": 0.16334980726242065,
  "metrics": {
    "coverage": 0.5565560821484992,
    "set_size_mean": 0.560347551342812,
    "set_size_median": 1.0,
    "empty_rate": 0.439652448657188,
    "singleton_rate": 0.560347551342812,
    "base_top1_acc": 0.9415481832543444,
    "top1_acc_non_empty": 0.9932337186354666,
    "hir": 0.0
  },
  "num_test_defined": 6330,
  "num_test_used": 6330,
  "class_labels": [
    "fam:Android",
    "fam:Linux",
    "fam:Windows",
    "fam:iOS",
    "fam:macOS"
  ]
}