{
  "level": "family",
  "alpha": 0.4,
  "m_k": 6329,
  "j": 3798,
  "quantile_step": 0.0001579778830963665,
  "q_hat": 0.0008702874183654785,
  "metrics": {
    "coverage": 0.5894154818325434,
    "set_size_mean": 0.5903633491311217,
    "set_size_median": 1.0,
    "empty_rate": 0.40963665086887835,
    "singleton_rate": 0.5903633491311217,
    "top1_acc_non_empty": 0.9983944340379984,
    "base_top1_acc": 0.9543443917851501,
    "hir": 0.24170616113744076
  },
  "num_test_defined": 6330,
  "num_test_used": 6330,
  "class_labels": [
    "fam:Android",
    "fam:Linux",
    "fam:Windows",
    "fam:iOS",
    "fam:macOS"
  ]
}