{
  "level": "family",
  "alpha_LoUPCP": 0.02,
  "m_cal": 6329,
  "q_hat_leaf_LoUPCP": 0.9838284254074097,
  "metrics": {
    "coverage": 0.9917851500789889,
    "set_size_mean": 1.3906793048973143,
    "set_size_median": 1.0,
    "empty_rate": 0.0,
    "singleton_rate": 0.709478672985782,
    "base_top1_acc": 0.9391785150078988,
    "top1_acc_non_empty": 0.9391785150078988,
    "hir": 0.0
  },
  "num_test_defined": 6330,
  "num_test_used": 6330,
  "class_labels": [
    "fam:Android",
    "fam:Linux",
    "fam:Windows",
    "fam:iOS",
    "fam:macOS"
  ]
}