{
  "level": "family",
  "alpha": 0.5,
  "m_k": 6329,
  "j": 3165,
  "quantile_step": 0.0001579778830963665,
  "q_hat": 0.000279843807220459,
  "metrics": {
    "coverage": 0.506003159557662,
    "set_size_mean": 0.5061611374407583,
    "set_size_median": 1.0,
    "empty_rate": 0.4938388625592417,
    "singleton_rate": 0.5061611374407583,
    "top1_acc_non_empty": 0.9996878901373284,
    "base_top1_acc": 0.9575039494470774,
    "hir": 0.27014218009478674
  },
  "num_test_defined": 6330,
  "num_test_used": 6330,
  "class_labels": [
    "fam:Android",
    "fam:Linux",
    "fam:Windows",
    "fam:iOS",
    "fam:macOS"
  ]
}