{
  "level": "family",
  "alpha": 0.2,
  "m_k": 6329,
  "j": 5064,
  "quantile_step": 0.0001579778830963665,
  "q_hat": 0.03596729040145874,
  "metrics": {
    "coverage": 0.8083728278041075,
    "set_size_mean": 0.812954186413902,
    "set_size_median": 1.0,
    "empty_rate": 0.18704581358609795,
    "singleton_rate": 0.812954186413902,
    "top1_acc_non_empty": 0.9943645549941702,
    "base_top1_acc": 0.9581358609794629,
    "hir": 0.32606635071090045
  },
  "num_test_defined": 6330,
  "num_test_used": 6330,
  "class_labels": [
    "fam:Android",
    "fam:Linux",
    "fam:Windows",
    "fam:iOS",
    "fam:macOS"
  ]
}