{
  "level": "family",
  "alpha": 0.5,
  "m_k": 6329,
  "j": 3165,
  "quantile_step": 0.0001579778830963665,
  "q_hat": 0.00025779008865356445,
  "metrics": {
    "coverage": 0.49462875197472356,
    "set_size_mean": 0.49494470774091626,
    "set_size_median": 0.0,
    "empty_rate": 0.5050552922590837,
    "singleton_rate": 0.49494470774091626,
    "top1_acc_non_empty": 0.999361634216406,
    "base_top1_acc": 0.9549763033175356,
    "hir": 0.2740916271721959
  },
  "num_test_defined": 6330,
  "num_test_used": 6330,
  "class_labels": [
    "fam:Android",
    "fam:Linux",
    "fam:Windows",
    "fam:iOS",
    "fam:macOS"
  ]
}