{
  "level": "family",
  "alpha_LoUPCP": 0.2,
  "m_cal": 6329,
  "q_hat_leaf_LoUPCP": 0.7646416425704956,
  "metrics": {
    "coverage": 0.9402843601895735,
    "set_size_mean": 1.0178515007898894,
    "set_size_median": 1.0,
    "empty_rate": 0.022432859399684046,
    "singleton_rate": 0.9372827804107425,
    "base_top1_acc": 0.9459715639810427,
    "top1_acc_non_empty": 0.9479638009049773,
    "hir": 0.0
  },
  "num_test_defined": 6330,
  "num_test_used": 6330,
  "class_labels": [
    "fam:Android",
    "fam:Linux",
    "fam:Windows",
    "fam:iOS",
    "fam:macOS"
  ]
}