{
  "level": "family",
  "alpha": 0.5,
  "m_k": 6329,
  "j": 3165,
  "quantile_step": 0.0001579778830963665,
  "q_hat": 0.00023680925369262695,
  "metrics": {
    "coverage": 0.48404423380726697,
    "set_size_mean": 0.4846761453396525,
    "set_size_median": 0.0,
    "empty_rate": 0.5153238546603476,
    "singleton_rate": 0.4846761453396525,
    "top1_acc_non_empty": 0.9986962190352021,
    "base_top1_acc": 0.9519747235387046,
    "hir": 0.2726698262243286
  },
  "num_test_defined": 6330,
  "num_test_used": 6330,
  "class_labels": [
    "fam:Android",
    "fam:Linux",
    "fam:Windows",
    "fam:iOS",
    "fam:macOS"
  ]
}