{
  "level": "family",
  "alpha": 0.4,
  "m_k": 6329,
  "j": 3798,
  "quantile_step": 0.0001579778830963665,
  "q_hat": 0.0009239912033081055,
  "metrics": {
    "coverage": 0.5958925750394944,
    "set_size_mean": 0.5962085308056873,
    "set_size_median": 1.0,
    "empty_rate": 0.4037914691943128,
    "singleton_rate": 0.5962085308056873,
    "top1_acc_non_empty": 0.9994700582935877,
    "base_top1_acc": 0.953870458135861,
    "hir": 0.24028436018957347
  },
  "num_test_defined": 6330,
  "num_test_used": 6330,
  "class_labels": [
    "fam:Android",
    "fam:Linux",
    "fam:Windows",
    "fam:iOS",
    "fam:macOS"
  ]
}