{
  "level": "family",
  "alpha_LoUPCP": 0.2,
  "m_cal": 6329,
  "q_hat_leaf_LoUPCP": 0.7639009356498718,
  "metrics": {
    "coverage": 0.9355450236966825,
    "set_size_mean": 1.0157977883096367,
    "set_size_median": 1.0,
    "empty_rate": 0.025434439178515008,
    "singleton_rate": 0.9333333333333333,
    "base_top1_acc": 0.943127962085308,
    "top1_acc_non_empty": 0.9465067271843086,
    "hir": 0.0
  },
  "num_test_defined": 6330,
  "num_test_used": 6330,
  "class_labels": [
    "fam:Android",
    "fam:Linux",
    "fam:Windows",
    "fam:iOS",
    "fam:macOS"
  ]
}