{
  "level": "family",
  "alpha_LoUPCP": 0.35,
  "m_cal": 6329,
  "q_hat_leaf_LoUPCP": 0.5006418228149414,
  "metrics": {
    "coverage": 0.7184834123222749,
    "set_size_mean": 0.7406003159557661,
    "set_size_median": 1.0,
    "empty_rate": 0.2593996840442338,
    "singleton_rate": 0.7406003159557661,
    "base_top1_acc": 0.9475513428120064,
    "top1_acc_non_empty": 0.9701365187713311,
    "hir": 0.0
  },
  "num_test_defined": 6330,
  "num_test_used": 6330,
  "class_labels": [
    "fam:Android",
    "fam:Linux",
    "fam:Windows",
    "fam:iOS",
    "fam:macOS"
  ]
}