{
  "level": "family",
  "alpha_LoUPCP": 0.4,
  "m_cal": 6329,
  "q_hat_leaf_LoUPCP": 0.30483609437942505,
  "metrics": {
    "coverage": 0.6205371248025277,
    "set_size_mean": 0.6289099526066351,
    "set_size_median": 1.0,
    "empty_rate": 0.37109004739336493,
    "singleton_rate": 0.6289099526066351,
    "base_top1_acc": 0.9470774091627172,
    "top1_acc_non_empty": 0.9866867621200703,
    "hir": 0.0
  },
  "num_test_defined": 6330,
  "num_test_used": 6330,
  "class_labels": [
    "fam:Android",
    "fam:Linux",
    "fam:Windows",
    "fam:iOS",
    "fam:macOS"
  ]
}