{
  "level": "family",
  "alpha_B": 0.25,
  "m_cal": 6329,
  "q_hat_leaf_B": 0.7013758420944214,
  "metrics": {
    "coverage": 0.8805687203791469,
    "set_size_mean": 0.9477093206951027,
    "set_size_median": 1.0,
    "empty_rate": 0.08214849921011058,
    "singleton_rate": 0.8879936808846761,
    "base_top1_acc": 0.9434439178515008,
    "top1_acc_non_empty": 0.9481927710843373,
    "hir": 0.0
  },
  "num_test_defined": 6330,
  "num_test_used": 6330,
  "class_labels": [
    "fam:Android",
    "fam:Linux",
    "fam:Windows",
    "fam:iOS",
    "fam:macOS"
  ]
}