{
  "level": "family",
  "alpha": 0.05,
  "m_k": 6329,
  "j": 6014,
  "quantile_step": 0.0001579778830963665,
  "q_hat": 0.37735241651535034,
  "metrics": {
    "coverage": 0.9475513428120064,
    "set_size_mean": 0.9834123222748815,
    "set_size_median": 1.0,
    "empty_rate": 0.016587677725118485,
    "singleton_rate": 0.9834123222748815,
    "top1_acc_non_empty": 0.9635341365461847,
    "base_top1_acc": 0.953870458135861,
    "hir": 0.284044233807267
  },
  "num_test_defined": 6330,
  "num_test_used": 6330,
  "class_labels": [
    "fam:Android",
    "fam:Linux",
    "fam:Windows",
    "fam:iOS",
    "fam:macOS"
  ]
}