{
  "level": "family",
  "alpha_LoUPCP": 0.3,
  "m_cal": 6329,
  "q_hat_leaf_LoUPCP": 0.5990319848060608,
  "metrics": {
    "coverage": 0.7777251184834123,
    "set_size_mean": 0.8169036334913112,
    "set_size_median": 1.0,
    "empty_rate": 0.18988941548183255,
    "singleton_rate": 0.8033175355450237,
    "base_top1_acc": 0.943127962085308,
    "top1_acc_non_empty": 0.9567082683307332,
    "hir": 0.0
  },
  "num_test_defined": 6330,
  "num_test_used": 6330,
  "class_labels": [
    "fam:Android",
    "fam:Linux",
    "fam:Windows",
    "fam:iOS",
    "fam:macOS"
  ]
}