{
  "level": "family",
  "alpha": 0.1,
  "m_k": 6329,
  "j": 5697,
  "quantile_step": 0.0001579778830963665,
  "q_hat": 0.12937426567077637,
  "metrics": {
    "coverage": 0.89826224328594,
    "set_size_mean": 0.9142180094786729,
    "set_size_median": 1.0,
    "empty_rate": 0.08578199052132701,
    "singleton_rate": 0.9142180094786729,
    "top1_acc_non_empty": 0.9825470883013652,
    "base_top1_acc": 0.9545023696682464,
    "hir": 0.23981042654028437
  },
  "num_test_defined": 6330,
  "num_test_used": 6330,
  "class_labels": [
    "fam:Android",
    "fam:Linux",
    "fam:Windows",
    "fam:iOS",
    "fam:macOS"
  ]
}