{
  "level": "family",
  "alpha_B": 0.4,
  "m_cal": 6329,
  "q_hat_leaf_B": 0.3294253945350647,
  "metrics": {
    "coverage": 0.6312796208530805,
    "set_size_mean": 0.6406003159557662,
    "set_size_median": 1.0,
    "empty_rate": 0.3593996840442338,
    "singleton_rate": 0.6406003159557662,
    "base_top1_acc": 0.9451816745655608,
    "top1_acc_non_empty": 0.9854500616522811,
    "hir": 0.0
  },
  "num_test_defined": 6330,
  "num_test_used": 6330,
  "class_labels": [
    "fam:Android",
    "fam:Linux",
    "fam:Windows",
    "fam:iOS",
    "fam:macOS"
  ]
}