{
  "level": "family",
  "alpha_LoUPCP": 0.35,
  "m_cal": 6329,
  "q_hat_leaf_LoUPCP": 0.4922378659248352,
  "metrics": {
    "coverage": 0.7096366508688784,
    "set_size_mean": 0.7296998420221169,
    "set_size_median": 1.0,
    "empty_rate": 0.2703001579778831,
    "singleton_rate": 0.7296998420221169,
    "base_top1_acc": 0.9440758293838862,
    "top1_acc_non_empty": 0.972504871184239,
    "hir": 0.0
  },
  "num_test_defined": 6330,
  "num_test_used": 6330,
  "class_labels": [
    "fam:Android",
    "fam:Linux",
    "fam:Windows",
    "fam:iOS",
    "fam:macOS"
  ]
}