{
  "level": "family",
  "alpha_B": 0.25,
  "m_cal": 6329,
  "q_hat_leaf_B": 0.6981328725814819,
  "metrics": {
    "coverage": 0.8804107424960506,
    "set_size_mean": 0.9477093206951027,
    "set_size_median": 1.0,
    "empty_rate": 0.08357030015797788,
    "singleton_rate": 0.8851500789889416,
    "base_top1_acc": 0.9442338072669826,
    "top1_acc_non_empty": 0.9486295466298914,
    "hir": 0.0
  },
  "num_test_defined": 6330,
  "num_test_used": 6330,
  "class_labels": [
    "fam:Android",
    "fam:Linux",
    "fam:Windows",
    "fam:iOS",
    "fam:macOS"
  ]
}