{
  "level": "family",
  "alpha_B": 0.05,
  "m_cal": 6329,
  "q_hat_leaf_B": 0.9393235445022583,
  "metrics": {
    "coverage": 0.979304897314376,
    "set_size_mean": 1.1889415481832544,
    "set_size_median": 1.0,
    "empty_rate": 0.0,
    "singleton_rate": 0.8424960505529225,
    "base_top1_acc": 0.9462875197472354,
    "top1_acc_non_empty": 0.9462875197472354,
    "hir": 0.0
  },
  "num_test_defined": 6330,
  "num_test_used": 6330,
  "class_labels": [
    "fam:Android",
    "fam:Linux",
    "fam:Windows",
    "fam:iOS",
    "fam:macOS"
  ]
}