{
  "level": "family",
  "alpha_B": 0.075,
  "m_cal": 6329,
  "q_hat_leaf_B": 0.9055065512657166,
  "metrics": {
    "coverage": 0.972827804107425,
    "set_size_mean": 1.1148499210110585,
    "set_size_median": 1.0,
    "empty_rate": 0.0,
    "singleton_rate": 0.8960505529225908,
    "base_top1_acc": 0.944391785150079,
    "top1_acc_non_empty": 0.944391785150079,
    "hir": 0.0
  },
  "num_test_defined": 6330,
  "num_test_used": 6330,
  "class_labels": [
    "fam:Android",
    "fam:Linux",
    "fam:Windows",
    "fam:iOS",
    "fam:macOS"
  ]
}