{
  "level": "family",
  "alpha_LoUPCP": 0.01,
  "m_cal": 6329,
  "q_hat_leaf_LoUPCP": 0.9950135350227356,
  "metrics": {
    "coverage": 0.9962085308056872,
    "set_size_mean": 1.6200631911532386,
    "set_size_median": 1.0,
    "empty_rate": 0.0,
    "singleton_rate": 0.569826224328594,
    "base_top1_acc": 0.9407582938388626,
    "top1_acc_non_empty": 0.9407582938388626,
    "hir": 0.0
  },
  "num_test_defined": 6330,
  "num_test_used": 6330,
  "class_labels": [
    "fam:Android",
    "fam:Linux",
    "fam:Windows",
    "fam:iOS",
    "fam:macOS"
  ]
}