{
  "level": "family",
  "alpha": 0.1,
  "m_k": 6329,
  "j": 5697,
  "quantile_step": 0.0001579778830963665,
  "q_hat": 0.1318642497062683,
  "metrics": {
    "coverage": 0.9071090047393365,
    "set_size_mean": 0.921958925750395,
    "set_size_median": 1.0,
    "empty_rate": 0.07804107424960506,
    "singleton_rate": 0.921958925750395,
    "top1_acc_non_empty": 0.9838930774503084,
    "base_top1_acc": 0.9575039494470774,
    "hir": 0.24139020537124803
  },
  "num_test_defined": 6330,
  "num_test_used": 6330,
  "class_labels": [
    "fam:Android",
    "fam:Linux",
    "fam:Windows",
    "fam:iOS",
    "fam:macOS"
  ]
}