level,alpha,m_k,j,quantile_step,q_hat,num_test_defined,num_test_used
leaf,0.15,6329,5381,0.0001579778830963665,0.7777111530303955,6330,6330
