{
  "level": "family",
  "alpha": 0.5,
  "m_k": 6329,
  "j": 3165,
  "quantile_step": 0.0001579778830963665,
  "q_hat": 0.00029212236404418945,
  "metrics": {
    "coverage": 0.5091627172195893,
    "set_size_mean": 0.5093206951026856,
    "set_size_median": 1.0,
    "empty_rate": 0.4906793048973144,
    "singleton_rate": 0.5093206951026856,
    "top1_acc_non_empty": 0.9996898263027295,
    "base_top1_acc": 0.9570300157977883,
    "hir": 0.2655608214849921
  },
  "num_test_defined": 6330,
  "num_test_used": 6330,
  "class_labels": [
    "fam:Android",
    "fam:Linux",
    "fam:Windows",
    "fam:iOS",
    "fam:macOS"
  ]
}