{
  "level": "family",
  "alpha": 0.25,
  "m_k": 6329,
  "j": 4748,
  "quantile_step": 0.0001579778830963665,
  "q_hat": 0.009521245956420898,
  "metrics": {
    "coverage": 0.7502369668246446,
    "set_size_mean": 0.7530805687203791,
    "set_size_median": 1.0,
    "empty_rate": 0.24691943127962085,
    "singleton_rate": 0.7530805687203791,
    "top1_acc_non_empty": 0.9962240402769037,
    "base_top1_acc": 0.9557661927330173,
    "hir": 0.3687203791469194
  },
  "num_test_defined": 6330,
  "num_test_used": 6330,
  "class_labels": [
    "fam:Android",
    "fam:Linux",
    "fam:Windows",
    "fam:iOS",
    "fam:macOS"
  ]
}