{
  "level": "family",
  "alpha_LoUPCP": 0.15,
  "m_cal": 6329,
  "q_hat_leaf_LoUPCP": 0.7819588780403137,
  "metrics": {
    "coverage": 0.9494470774091627,
    "set_size_mean": 1.033175355450237,
    "set_size_median": 1.0,
    "empty_rate": 0.011374407582938388,
    "singleton_rate": 0.9440758293838862,
    "base_top1_acc": 0.9394944707740917,
    "top1_acc_non_empty": 0.9437519974432726,
    "hir": 0.0
  },
  "num_test_defined": 6330,
  "num_test_used": 6330,
  "class_labels": [
    "fam:Android",
    "fam:Linux",
    "fam:Windows",
    "fam:iOS",
    "fam:macOS"
  ]
}