{
  "level": "family",
  "alpha": 0.05,
  "m_k": 6329,
  "j": 6014,
  "quantile_step": 0.0001579778830963665,
  "q_hat": 0.36567479372024536,
  "metrics": {
    "coverage": 0.9466034755134282,
    "set_size_mean": 0.981042654028436,
    "set_size_median": 1.0,
    "empty_rate": 0.018957345971563982,
    "singleton_rate": 0.981042654028436,
    "top1_acc_non_empty": 0.9648953301127214,
    "base_top1_acc": 0.9540284360189574,
    "hir": 0.30205371248025276
  },
  "num_test_defined": 6330,
  "num_test_used": 6330,
  "class_labels": [
    "fam:Android",
    "fam:Linux",
    "fam:Windows",
    "fam:iOS",
    "fam:macOS"
  ]
}