{
  "level": "family",
  "alpha_LoUPCP": 0.4,
  "m_cal": 6329,
  "q_hat_leaf_LoUPCP": 0.328233540058136,
  "metrics": {
    "coverage": 0.6308056872037915,
    "set_size_mean": 0.6424960505529226,
    "set_size_median": 1.0,
    "empty_rate": 0.3575039494470774,
    "singleton_rate": 0.6424960505529226,
    "base_top1_acc": 0.9432859399684044,
    "top1_acc_non_empty": 0.9818047701008115,
    "hir": 0.0
  },
  "num_test_defined": 6330,
  "num_test_used": 6330,
  "class_labels": [
    "fam:Android",
    "fam:Linux",
    "fam:Windows",
    "fam:iOS",
    "fam:macOS"
  ]
}