{
  "level": "family",
  "alpha_B": 0.4,
  "m_cal": 6329,
  "q_hat_leaf_B": 0.33846235275268555,
  "metrics": {
    "coverage": 0.6360189573459716,
    "set_size_mean": 0.6467614533965245,
    "set_size_median": 1.0,
    "empty_rate": 0.35323854660347553,
    "singleton_rate": 0.6467614533965245,
    "base_top1_acc": 0.9428120063191153,
    "top1_acc_non_empty": 0.9833903273082559,
    "hir": 0.0
  },
  "num_test_defined": 6330,
  "num_test_used": 6330,
  "class_labels": [
    "fam:Android",
    "fam:Linux",
    "fam:Windows",
    "fam:iOS",
    "fam:macOS"
  ]
}