{
  "level": "family",
  "alpha_B": 0.3,
  "m_cal": 6329,
  "q_hat_leaf_B": 0.6328446865081787,
  "metrics": {
    "coverage": 0.7992101105845182,
    "set_size_mean": 0.846129541864139,
    "set_size_median": 1.0,
    "empty_rate": 0.16872037914691942,
    "singleton_rate": 0.8164296998420221,
    "base_top1_acc": 0.9448657187993681,
    "top1_acc_non_empty": 0.9557202584568605,
    "hir": 0.0
  },
  "num_test_defined": 6330,
  "num_test_used": 6330,
  "class_labels": [
    "fam:Android",
    "fam:Linux",
    "fam:Windows",
    "fam:iOS",
    "fam:macOS"
  ]
}