{
  "level": "family",
  "alpha": 0.5,
  "m_k": 6329,
  "j": 3165,
  "quantile_step": 0.0001579778830963665,
  "q_hat": 0.00028330087661743164,
  "metrics": {
    "coverage": 0.5066350710900474,
    "set_size_mean": 0.5069510268562402,
    "set_size_median": 1.0,
    "empty_rate": 0.4930489731437599,
    "singleton_rate": 0.5069510268562402,
    "top1_acc_non_empty": 0.9993767528825179,
    "base_top1_acc": 0.956872037914692,
    "hir": 0.27109004739336495
  },
  "num_test_defined": 6330,
  "num_test_used": 6330,
  "class_labels": [
    "fam:Android",
    "fam:Linux",
    "fam:Windows",
    "fam:iOS",
    "fam:macOS"
  ]
}