{
  "level": "family",
  "alpha": 0.0,
  "m_k": 6329,
  "j": 6329,
  "quantile_step": 0.0001579778830963665,
  "q_hat": 0.9999993443489075,
  "metrics": {
    "coverage": 1.0,
    "set_size_mean": 4.09826224328594,
    "set_size_median": 4.0,
    "empty_rate": 0.0,
    "singleton_rate": 0.0325434439178515,
    "top1_acc_non_empty": 0.9541864139020537,
    "base_top1_acc": 0.9541864139020537,
    "hir": 0.9816745655608214
  },
  "num_test_defined": 6330,
  "num_test_used": 6330,
  "class_labels": [
    "fam:Android",
    "fam:Linux",
    "fam:Windows",
    "fam:iOS",
    "fam:macOS"
  ]
}