{
  "level": "family",
  "alpha": 0.0,
  "m_k": 6329,
  "j": 6329,
  "quantile_step": 0.0001579778830963665,
  "q_hat": 0.9999993443489075,
  "metrics": {
    "coverage": 1.0,
    "set_size_mean": 4.0834123222748815,
    "set_size_median": 4.0,
    "empty_rate": 0.0,
    "singleton_rate": 0.03317535545023697,
    "top1_acc_non_empty": 0.955608214849921,
    "base_top1_acc": 0.955608214849921,
    "hir": 0.9819905213270143
  },
  "num_test_defined": 6330,
  "num_test_used": 6330,
  "class_labels": [
    "fam:Android",
    "fam:Linux",
    "fam:Windows",
    "fam:iOS",
    "fam:macOS"
  ]
}