coverage,set_size_mean,set_size_median,empty_rate,singleton_rate,top1_acc_non_empty,base_top1_acc,hir,level,alpha,run
0.9589257503949441,2.017061611374407,2.0,0.0,0.20442338072669802,0.9004739336492891,0.944391785150079,0.0,family,0.05,1
