{
  "level": "family",
  "alpha": 0.03,
  "m_k": 6329,
  "j": 6141,
  "quantile_step": 0.0001579778830963665,
  "q_hat": 0.7909760475158691,
  "metrics": {
    "coverage": 0.9723538704581358,
    "set_size_mean": 1.0375987361769352,
    "set_size_median": 1.0,
    "empty_rate": 0.0,
    "singleton_rate": 0.9636650868878357,
    "top1_acc_non_empty": 0.9570300157977883,
    "base_top1_acc": 0.9570300157977883,
    "hir": 0.36856240126382306
  },
  "num_test_defined": 6330,
  "num_test_used": 6330,
  "class_labels": [
    "fam:Android",
    "fam:Linux",
    "fam:Windows",
    "fam:iOS",
    "fam:macOS"
  ]
}