{
  "level": "family",
  "alpha": 0.04,
  "m_k": 6329,
  "j": 6077,
  "quantile_step": 0.0001579778830963665,
  "q_hat": 0.592548131942749,
  "metrics": {
    "coverage": 0.9559241706161138,
    "set_size_mean": 1.0048973143759874,
    "set_size_median": 1.0,
    "empty_rate": 0.0011058451816745656,
    "singleton_rate": 0.9928909952606635,
    "top1_acc_non_empty": 0.9533449312035426,
    "base_top1_acc": 0.9524486571879937,
    "hir": 0.3447077409162717
  },
  "num_test_defined": 6330,
  "num_test_used": 6330,
  "class_labels": [
    "fam:Android",
    "fam:Linux",
    "fam:Windows",
    "fam:iOS",
    "fam:macOS"
  ]
}