{
  "level": "family",
  "alpha_SCP": 0.25,
  "tau": 0.23232323232323235,
  "m": 1000,
  "calibration_info": {
    "tau": 0.23232323232323235,
    "coverage": 0.751777531995576,
    "target_coverage": 0.75,
    "n_cal": 6329
  },
  "metrics": {
    "coverage": 0.7791469194312797,
    "set_size_mean": 1.503001579778831,
    "set_size_median": 2.0,
    "empty_rate": 0.0,
    "singleton_rate": 0.496998420221169,
    "base_top1_acc": 0.9406003159557662,
    "top1_acc_non_empty": 0.7778830963665087,
    "hir": 0.0
  },
  "num_test_defined": 6330,
  "num_test_used": 6330,
  "class_labels": [
    "fam:Android",
    "fam:Linux",
    "fam:Windows",
    "fam:iOS",
    "fam:macOS"
  ]
}