{
  "level": "family",
  "alpha_LoUPCP": 0.4,
  "m_cal": 6329,
  "q_hat_leaf_LoUPCP": 0.3309667706489563,
  "metrics": {
    "coverage": 0.6322274881516587,
    "set_size_mean": 0.6426540284360189,
    "set_size_median": 1.0,
    "empty_rate": 0.35734597156398107,
    "singleton_rate": 0.6426540284360189,
    "base_top1_acc": 0.9418641390205371,
    "top1_acc_non_empty": 0.9837758112094396,
    "hir": 0.0
  },
  "num_test_defined": 6330,
  "num_test_used": 6330,
  "class_labels": [
    "fam:Android",
    "fam:Linux",
    "fam:Windows",
    "fam:iOS",
    "fam:macOS"
  ]
}