{
  "level": "family",
  "alpha": 0.2,
  "m_k": 6329,
  "j": 5064,
  "quantile_step": 0.0001579778830963665,
  "q_hat": 0.03651183843612671,
  "metrics": {
    "coverage": 0.8085308056872038,
    "set_size_mean": 0.814218009478673,
    "set_size_median": 1.0,
    "empty_rate": 0.18578199052132702,
    "singleton_rate": 0.814218009478673,
    "top1_acc_non_empty": 0.9930151338766007,
    "base_top1_acc": 0.9567140600315955,
    "hir": 0.3282780410742496
  },
  "num_test_defined": 6330,
  "num_test_used": 6330,
  "class_labels": [
    "fam:Android",
    "fam:Linux",
    "fam:Windows",
    "fam:iOS",
    "fam:macOS"
  ]
}