{
  "level": "family",
  "alpha": 0.2,
  "m_k": 6329,
  "j": 5064,
  "quantile_step": 0.0001579778830963665,
  "q_hat": 0.03034842014312744,
  "metrics": {
    "coverage": 0.79478672985782,
    "set_size_mean": 0.8007898894154818,
    "set_size_median": 1.0,
    "empty_rate": 0.19921011058451818,
    "singleton_rate": 0.8007898894154818,
    "top1_acc_non_empty": 0.992503452357467,
    "base_top1_acc": 0.9560821484992101,
    "hir": 0.33791469194312795
  },
  "num_test_defined": 6330,
  "num_test_used": 6330,
  "class_labels": [
    "fam:Android",
    "fam:Linux",
    "fam:Windows",
    "fam:iOS",
    "fam:macOS"
  ]
}