{
  "level": "family",
  "alpha_LoUPCP": 0.35,
  "m_cal": 6329,
  "q_hat_leaf_LoUPCP": 0.5108514428138733,
  "metrics": {
    "coverage": 0.7295418641390206,
    "set_size_mean": 0.7505529225908373,
    "set_size_median": 1.0,
    "empty_rate": 0.24944707740916272,
    "singleton_rate": 0.7505529225908373,
    "base_top1_acc": 0.9481832543443918,
    "top1_acc_non_empty": 0.9720058934961061,
    "hir": 0.0
  },
  "num_test_defined": 6330,
  "num_test_used": 6330,
  "class_labels": [
    "fam:Android",
    "fam:Linux",
    "fam:Windows",
    "fam:iOS",
    "fam:macOS"
  ]
}