{
  "level": "family",
  "alpha": 0.25,
  "m_k": 6329,
  "j": 4748,
  "quantile_step": 0.0001579778830963665,
  "q_hat": 0.009283661842346191,
  "metrics": {
    "coverage": 0.7488151658767772,
    "set_size_mean": 0.7524486571879937,
    "set_size_median": 1.0,
    "empty_rate": 0.24755134281200633,
    "singleton_rate": 0.7524486571879937,
    "top1_acc_non_empty": 0.9951711106445518,
    "base_top1_acc": 0.9540284360189574,
    "hir": 0.36856240126382306
  },
  "num_test_defined": 6330,
  "num_test_used": 6330,
  "class_labels": [
    "fam:Android",
    "fam:Linux",
    "fam:Windows",
    "fam:iOS",
    "fam:macOS"
  ]
}