{
  "level": "family",
  "alpha": 0.01,
  "m_k": 6329,
  "j": 6267,
  "quantile_step": 0.0001579778830963665,
  "q_hat": 0.9523178339004517,
  "metrics": {
    "coverage": 0.9900473933649289,
    "set_size_mean": 1.223222748815166,
    "set_size_median": 1.0,
    "empty_rate": 0.0,
    "singleton_rate": 0.8173775671406003,
    "top1_acc_non_empty": 0.9570300157977883,
    "base_top1_acc": 0.9570300157977883,
    "hir": 0.517693522906793
  },
  "num_test_defined": 6330,
  "num_test_used": 6330,
  "class_labels": [
    "fam:Android",
    "fam:Linux",
    "fam:Windows",
    "fam:iOS",
    "fam:macOS"
  ]
}