{
  "level": "family",
  "alpha": 0.25,
  "m_k": 6329,
  "j": 4748,
  "quantile_step": 0.0001579778830963665,
  "q_hat": 0.009147346019744873,
  "metrics": {
    "coverage": 0.7475513428120063,
    "set_size_mean": 0.7505529225908373,
    "set_size_median": 1.0,
    "empty_rate": 0.24944707740916272,
    "singleton_rate": 0.7505529225908373,
    "top1_acc_non_empty": 0.9960008419280152,
    "base_top1_acc": 0.9554502369668246,
    "hir": 0.3684044233807267
  },
  "num_test_defined": 6330,
  "num_test_used": 6330,
  "class_labels": [
    "fam:Android",
    "fam:Linux",
    "fam:Windows",
    "fam:iOS",
    "fam:macOS"
  ]
}