{
  "level": "family",
  "alpha": 0.45,
  "m_k": 6329,
  "j": 3482,
  "quantile_step": 0.0001579778830963665,
  "q_hat": 0.000512242317199707,
  "metrics": {
    "coverage": 0.559873617693523,
    "set_size_mean": 0.559873617693523,
    "set_size_median": 1.0,
    "empty_rate": 0.4401263823064771,
    "singleton_rate": 0.559873617693523,
    "top1_acc_non_empty": 1.0,
    "base_top1_acc": 0.9565560821484992,
    "hir": 0.22890995260663508
  },
  "num_test_defined": 6330,
  "num_test_used": 6330,
  "class_labels": [
    "fam:Android",
    "fam:Linux",
    "fam:Windows",
    "fam:iOS",
    "fam:macOS"
  ]
}