{
  "level": "family",
  "alpha_LoUPCP": 0.4,
  "m_cal": 6329,
  "q_hat_leaf_LoUPCP": 0.3227858543395996,
  "metrics": {
    "coverage": 0.6292259083728278,
    "set_size_mean": 0.6382306477093207,
    "set_size_median": 1.0,
    "empty_rate": 0.3617693522906793,
    "singleton_rate": 0.6382306477093207,
    "base_top1_acc": 0.943127962085308,
    "top1_acc_non_empty": 0.9858910891089109,
    "hir": 0.0
  },
  "num_test_defined": 6330,
  "num_test_used": 6330,
  "class_labels": [
    "fam:Android",
    "fam:Linux",
    "fam:Windows",
    "fam:iOS",
    "fam:macOS"
  ]
}