{
  "level": "family",
  "alpha": 0.075,
  "m_k": 6329,
  "j": 5856,
  "quantile_step": 0.0001579778830963665,
  "q_hat": 0.20809638500213623,
  "metrics": {
    "coverage": 0.9306477093206951,
    "set_size_mean": 0.9524486571879937,
    "set_size_median": 1.0,
    "empty_rate": 0.04755134281200632,
    "singleton_rate": 0.9524486571879937,
    "top1_acc_non_empty": 0.9771106319455963,
    "base_top1_acc": 0.9565560821484992,
    "hir": 0.25387045813586095
  },
  "num_test_defined": 6330,
  "num_test_used": 6330,
  "class_labels": [
    "fam:Android",
    "fam:Linux",
    "fam:Windows",
    "fam:iOS",
    "fam:macOS"
  ]
}