{
  "level": "family",
  "alpha_LoUPCP": 0.5,
  "m_cal": 6329,
  "q_hat_leaf_LoUPCP": 0.06479096412658691,
  "metrics": {
    "coverage": 0.49747235387045813,
    "set_size_mean": 0.4995260663507109,
    "set_size_median": 0.0,
    "empty_rate": 0.500473933649289,
    "singleton_rate": 0.4995260663507109,
    "base_top1_acc": 0.9434439178515008,
    "top1_acc_non_empty": 0.9958886780518659,
    "hir": 0.0
  },
  "num_test_defined": 6330,
  "num_test_used": 6330,
  "class_labels": [
    "fam:Android",
    "fam:Linux",
    "fam:Windows",
    "fam:iOS",
    "fam:macOS"
  ]
}