{
  "level": "family",
  "alpha": 0.1,
  "m_k": 6329,
  "j": 5697,
  "quantile_step": 0.0001579778830963665,
  "q_hat": 0.13138848543167114,
  "metrics": {
    "coverage": 0.9023696682464455,
    "set_size_mean": 0.9178515007898894,
    "set_size_median": 1.0,
    "empty_rate": 0.08214849921011058,
    "singleton_rate": 0.9178515007898894,
    "top1_acc_non_empty": 0.983132530120482,
    "base_top1_acc": 0.9554502369668246,
    "hir": 0.23759873617693522
  },
  "num_test_defined": 6330,
  "num_test_used": 6330,
  "class_labels": [
    "fam:Android",
    "fam:Linux",
    "fam:Windows",
    "fam:iOS",
    "fam:macOS"
  ]
}