{
  "level": "family",
  "alpha_LoUPCP": 0.4,
  "m_cal": 6329,
  "q_hat_leaf_LoUPCP": 0.3364095687866211,
  "metrics": {
    "coverage": 0.6369668246445498,
    "set_size_mean": 0.6462875197472354,
    "set_size_median": 1.0,
    "empty_rate": 0.35371248025276464,
    "singleton_rate": 0.6462875197472354,
    "base_top1_acc": 0.9464454976303317,
    "top1_acc_non_empty": 0.9855780982644831,
    "hir": 0.0
  },
  "num_test_defined": 6330,
  "num_test_used": 6330,
  "class_labels": [
    "fam:Android",
    "fam:Linux",
    "fam:Windows",
    "fam:iOS",
    "fam:macOS"
  ]
}