{
  "level": "family",
  "alpha_B": 0.03,
  "m_cal": 6329,
  "q_hat_leaf_B": 0.9720752835273743,
  "metrics": {
    "coverage": 0.9900473933649289,
    "set_size_mean": 1.3248025276461295,
    "set_size_median": 1.0,
    "empty_rate": 0.0,
    "singleton_rate": 0.747867298578199,
    "base_top1_acc": 0.9418641390205371,
    "top1_acc_non_empty": 0.9418641390205371,
    "hir": 0.0
  },
  "num_test_defined": 6330,
  "num_test_used": 6330,
  "class_labels": [
    "fam:Android",
    "fam:Linux",
    "fam:Windows",
    "fam:iOS",
    "fam:macOS"
  ]
}