level,alpha,m_k,j,quantile_step,q_hat,num_test_defined,num_test_used
family,0.15,6329,5381,0.0001579778830963665,0.08336091041564941,6330,6330
