{
  "level": "family",
  "alpha_B": 0.3,
  "m_cal": 6329,
  "q_hat_leaf_B": 0.6300901174545288,
  "metrics": {
    "coverage": 0.7990521327014218,
    "set_size_mean": 0.8415481832543444,
    "set_size_median": 1.0,
    "empty_rate": 0.1736176935229068,
    "singleton_rate": 0.811216429699842,
    "base_top1_acc": 0.9473933649289099,
    "top1_acc_non_empty": 0.960045880328809,
    "hir": 0.0
  },
  "num_test_defined": 6330,
  "num_test_used": 6330,
  "class_labels": [
    "fam:Android",
    "fam:Linux",
    "fam:Windows",
    "fam:iOS",
    "fam:macOS"
  ]
}