{
  "level": "family",
  "alpha_B": 0.45,
  "m_cal": 6329,
  "q_hat_leaf_B": 0.15557622909545898,
  "metrics": {
    "coverage": 0.5530805687203791,
    "set_size_mean": 0.5565560821484992,
    "set_size_median": 1.0,
    "empty_rate": 0.4434439178515008,
    "singleton_rate": 0.5565560821484992,
    "base_top1_acc": 0.9432859399684044,
    "top1_acc_non_empty": 0.9937553221686063,
    "hir": 0.0
  },
  "num_test_defined": 6330,
  "num_test_used": 6330,
  "class_labels": [
    "fam:Android",
    "fam:Linux",
    "fam:Windows",
    "fam:iOS",
    "fam:macOS"
  ]
}