{
  "level": "family",
  "alpha_B": 0.15,
  "m_cal": 6329,
  "q_hat_leaf_B": 0.7834113836288452,
  "metrics": {
    "coverage": 0.9532385466034755,
    "set_size_mean": 1.0336492890995261,
    "set_size_median": 1.0,
    "empty_rate": 0.008372827804107424,
    "singleton_rate": 0.9496050552922591,
    "base_top1_acc": 0.944391785150079,
    "top1_acc_non_empty": 0.9472678030906484,
    "hir": 0.0
  },
  "num_test_defined": 6330,
  "num_test_used": 6330,
  "class_labels": [
    "fam:Android",
    "fam:Linux",
    "fam:Windows",
    "fam:iOS",
    "fam:macOS"
  ]
}