{
  "level": "family",
  "alpha_B": 0.45,
  "m_cal": 6329,
  "q_hat_leaf_B": 0.1550215482711792,
  "metrics": {
    "coverage": 0.5546603475513429,
    "set_size_mean": 0.5597156398104265,
    "set_size_median": 1.0,
    "empty_rate": 0.44028436018957345,
    "singleton_rate": 0.5597156398104265,
    "base_top1_acc": 0.9412322274881516,
    "top1_acc_non_empty": 0.9909681061247531,
    "hir": 0.0
  },
  "num_test_defined": 6330,
  "num_test_used": 6330,
  "class_labels": [
    "fam:Android",
    "fam:Linux",
    "fam:Windows",
    "fam:iOS",
    "fam:macOS"
  ]
}