{
  "level": "family",
  "alpha": 0.075,
  "m_k": 6329,
  "j": 5856,
  "quantile_step": 0.0001579778830963665,
  "q_hat": 0.18871617317199707,
  "metrics": {
    "coverage": 0.9244865718799368,
    "set_size_mean": 0.9453396524486571,
    "set_size_median": 1.0,
    "empty_rate": 0.05466034755134281,
    "singleton_rate": 0.9453396524486571,
    "top1_acc_non_empty": 0.9779411764705882,
    "base_top1_acc": 0.9551342812006319,
    "hir": 0.2273301737756714
  },
  "num_test_defined": 6330,
  "num_test_used": 6330,
  "class_labels": [
    "fam:Android",
    "fam:Linux",
    "fam:Windows",
    "fam:iOS",
    "fam:macOS"
  ]
}