{
  "level": "family",
  "alpha_B": 0.02,
  "m_cal": 6329,
  "q_hat_leaf_B": 0.9846947193145752,
  "metrics": {
    "coverage": 0.9938388625592417,
    "set_size_mean": 1.3781990521327014,
    "set_size_median": 1.0,
    "empty_rate": 0.0,
    "singleton_rate": 0.7143759873617693,
    "base_top1_acc": 0.9462875197472354,
    "top1_acc_non_empty": 0.9462875197472354,
    "hir": 0.0
  },
  "num_test_defined": 6330,
  "num_test_used": 6330,
  "class_labels": [
    "fam:Android",
    "fam:Linux",
    "fam:Windows",
    "fam:iOS",
    "fam:macOS"
  ]
}