{
  "level": "family",
  "alpha": 0.05,
  "m_k": 6329,
  "j": 6014,
  "quantile_step": 0.0001579778830963665,
  "q_hat": 0.40991878509521484,
  "metrics": {
    "coverage": 0.9524486571879937,
    "set_size_mean": 0.9883096366508689,
    "set_size_median": 1.0,
    "empty_rate": 0.011690363349131122,
    "singleton_rate": 0.9883096366508689,
    "top1_acc_non_empty": 0.9637148337595908,
    "base_top1_acc": 0.957345971563981,
    "hir": 0.32480252764612955
  },
  "num_test_defined": 6330,
  "num_test_used": 6330,
  "class_labels": [
    "fam:Android",
    "fam:Linux",
    "fam:Windows",
    "fam:iOS",
    "fam:macOS"
  ]
}