{
  "level": "family",
  "alpha_B": 0.2,
  "m_cal": 6329,
  "q_hat_leaf_B": 0.7604753971099854,
  "metrics": {
    "coverage": 0.9323854660347551,
    "set_size_mean": 1.0102685624012637,
    "set_size_median": 1.0,
    "empty_rate": 0.030963665086887835,
    "singleton_rate": 0.9278041074249606,
    "base_top1_acc": 0.9440758293838862,
    "top1_acc_non_empty": 0.9483208346918813,
    "hir": 0.0
  },
  "num_test_defined": 6330,
  "num_test_used": 6330,
  "class_labels": [
    "fam:Android",
    "fam:Linux",
    "fam:Windows",
    "fam:iOS",
    "fam:macOS"
  ]
}