{
  "level": "family",
  "alpha_B": 0.45,
  "m_cal": 6329,
  "q_hat_leaf_B": 0.17636990547180176,
  "metrics": {
    "coverage": 0.5636650868878357,
    "set_size_mean": 0.5672985781990522,
    "set_size_median": 1.0,
    "empty_rate": 0.4327014218009479,
    "singleton_rate": 0.5672985781990522,
    "base_top1_acc": 0.9442338072669826,
    "top1_acc_non_empty": 0.9935950988582567,
    "hir": 0.0
  },
  "num_test_defined": 6330,
  "num_test_used": 6330,
  "class_labels": [
    "fam:Android",
    "fam:Linux",
    "fam:Windows",
    "fam:iOS",
    "fam:macOS"
  ]
}