{
  "level": "family",
  "alpha": 0.3,
  "m_k": 6329,
  "j": 4431,
  "quantile_step": 0.0001579778830963665,
  "q_hat": 0.0041258931159973145,
  "metrics": {
    "coverage": 0.7061611374407583,
    "set_size_mean": 0.7072669826224328,
    "set_size_median": 1.0,
    "empty_rate": 0.29273301737756713,
    "singleton_rate": 0.7072669826224328,
    "top1_acc_non_empty": 0.9984364529819075,
    "base_top1_acc": 0.9552922590837283,
    "hir": 0.37851500789889414
  },
  "num_test_defined": 6330,
  "num_test_used": 6330,
  "class_labels": [
    "fam:Android",
    "fam:Linux",
    "fam:Windows",
    "fam:iOS",
    "fam:macOS"
  ]
}