{
  "level": "family",
  "alpha": 0.04,
  "m_k": 6329,
  "j": 6077,
  "quantile_step": 0.0001579778830963665,
  "q_hat": 0.6260308027267456,
  "metrics": {
    "coverage": 0.9593996840442338,
    "set_size_mean": 1.0067930489731438,
    "set_size_median": 1.0,
    "empty_rate": 0.0011058451816745656,
    "singleton_rate": 0.9909952606635071,
    "top1_acc_non_empty": 0.9555590700616796,
    "base_top1_acc": 0.9546603475513428,
    "hir": 0.3387045813586098
  },
  "num_test_defined": 6330,
  "num_test_used": 6330,
  "class_labels": [
    "fam:Android",
    "fam:Linux",
    "fam:Windows",
    "fam:iOS",
    "fam:macOS"
  ]
}