{
  "level": "family",
  "alpha": 0.4,
  "m_k": 6329,
  "j": 3798,
  "quantile_step": 0.0001579778830963665,
  "q_hat": 0.0010114312171936035,
  "metrics": {
    "coverage": 0.6071090047393365,
    "set_size_mean": 0.608214849921011,
    "set_size_median": 1.0,
    "empty_rate": 0.39178515007898895,
    "singleton_rate": 0.608214849921011,
    "top1_acc_non_empty": 0.9981818181818182,
    "base_top1_acc": 0.9535545023696682,
    "hir": 0.2358609794628752
  },
  "num_test_defined": 6330,
  "num_test_used": 6330,
  "class_labels": [
    "fam:Android",
    "fam:Linux",
    "fam:Windows",
    "fam:iOS",
    "fam:macOS"
  ]
}