{
  "level": "family",
  "alpha_B": 0.2,
  "m_cal": 6329,
  "q_hat_leaf_B": 0.7703728675842285,
  "metrics": {
    "coverage": 0.9429699842022117,
    "set_size_mean": 1.0225908372827803,
    "set_size_median": 1.0,
    "empty_rate": 0.01848341232227488,
    "singleton_rate": 0.9404423380726699,
    "base_top1_acc": 0.944391785150079,
    "top1_acc_non_empty": 0.9472074682118139,
    "hir": 0.0
  },
  "num_test_defined": 6330,
  "num_test_used": 6330,
  "class_labels": [
    "fam:Android",
    "fam:Linux",
    "fam:Windows",
    "fam:iOS",
    "fam:macOS"
  ]
}