{
  "level": "family",
  "alpha_B": 0.5,
  "m_cal": 6329,
  "q_hat_leaf_B": 0.059793293476104736,
  "metrics": {
    "coverage": 0.49178515007898893,
    "set_size_mean": 0.49368088467614535,
    "set_size_median": 0.0,
    "empty_rate": 0.5063191153238547,
    "singleton_rate": 0.49368088467614535,
    "base_top1_acc": 0.9424960505529226,
    "top1_acc_non_empty": 0.99616,
    "hir": 0.0
  },
  "num_test_defined": 6330,
  "num_test_used": 6330,
  "class_labels": [
    "fam:Android",
    "fam:Linux",
    "fam:Windows",
    "fam:iOS",
    "fam:macOS"
  ]
}