{
  "level": "family",
  "alpha_LoUPCP": 0.2,
  "m_cal": 6329,
  "q_hat_leaf_LoUPCP": 0.765833854675293,
  "metrics": {
    "coverage": 0.9369668246445497,
    "set_size_mean": 1.0165876777251184,
    "set_size_median": 1.0,
    "empty_rate": 0.02353870458135861,
    "singleton_rate": 0.9363349131121643,
    "base_top1_acc": 0.9428120063191153,
    "top1_acc_non_empty": 0.9462870085746643,
    "hir": 0.0
  },
  "num_test_defined": 6330,
  "num_test_used": 6330,
  "class_labels": [
    "fam:Android",
    "fam:Linux",
    "fam:Windows",
    "fam:iOS",
    "fam:macOS"
  ]
}