{
  "level": "family",
  "alpha": 0.45,
  "m_k": 6329,
  "j": 3482,
  "quantile_step": 0.0001579778830963665,
  "q_hat": 0.00046432018280029297,
  "metrics": {
    "coverage": 0.5464454976303318,
    "set_size_mean": 0.5466034755134281,
    "set_size_median": 1.0,
    "empty_rate": 0.45339652448657186,
    "singleton_rate": 0.5466034755134281,
    "top1_acc_non_empty": 0.9997109826589595,
    "base_top1_acc": 0.9540284360189574,
    "hir": 0.23238546603475513
  },
  "num_test_defined": 6330,
  "num_test_used": 6330,
  "class_labels": [
    "fam:Android",
    "fam:Linux",
    "fam:Windows",
    "fam:iOS",
    "fam:macOS"
  ]
}