{
  "level": "family",
  "alpha_LoUPCP": 0.3,
  "m_cal": 6329,
  "q_hat_leaf_LoUPCP": 0.6258019804954529,
  "metrics": {
    "coverage": 0.7954186413902053,
    "set_size_mean": 0.8398104265402844,
    "set_size_median": 1.0,
    "empty_rate": 0.174565560821485,
    "singleton_rate": 0.8110584518167456,
    "base_top1_acc": 0.944391785150079,
    "top1_acc_non_empty": 0.9569377990430622,
    "hir": 0.0
  },
  "num_test_defined": 6330,
  "num_test_used": 6330,
  "class_labels": [
    "fam:Android",
    "fam:Linux",
    "fam:Windows",
    "fam:iOS",
    "fam:macOS"
  ]
}