{
  "level": "family",
  "alpha_LoUPCP": 0.4,
  "m_cal": 6329,
  "q_hat_leaf_LoUPCP": 0.3026530146598816,
  "metrics": {
    "coverage": 0.6156398104265403,
    "set_size_mean": 0.6244865718799368,
    "set_size_median": 1.0,
    "empty_rate": 0.37551342812006316,
    "singleton_rate": 0.6244865718799368,
    "base_top1_acc": 0.9409162717219589,
    "top1_acc_non_empty": 0.9858335441436883,
    "hir": 0.0
  },
  "num_test_defined": 6330,
  "num_test_used": 6330,
  "class_labels": [
    "fam:Android",
    "fam:Linux",
    "fam:Windows",
    "fam:iOS",
    "fam:macOS"
  ]
}