{
  "level": "family",
  "alpha_LoUPCP": 0.4,
  "m_cal": 6329,
  "q_hat_leaf_LoUPCP": 0.301341712474823,
  "metrics": {
    "coverage": 0.6154818325434439,
    "set_size_mean": 0.6246445497630332,
    "set_size_median": 1.0,
    "empty_rate": 0.3753554502369668,
    "singleton_rate": 0.6246445497630332,
    "base_top1_acc": 0.9440758293838862,
    "top1_acc_non_empty": 0.9853313100657562,
    "hir": 0.0
  },
  "num_test_defined": 6330,
  "num_test_used": 6330,
  "class_labels": [
    "fam:Android",
    "fam:Linux",
    "fam:Windows",
    "fam:iOS",
    "fam:macOS"
  ]
}