{
  "level": "family",
  "alpha": 0.03,
  "m_k": 6329,
  "j": 6141,
  "quantile_step": 0.0001579778830963665,
  "q_hat": 0.7693660259246826,
  "metrics": {
    "coverage": 0.9660347551342812,
    "set_size_mean": 1.0334913112164297,
    "set_size_median": 1.0,
    "empty_rate": 0.0,
    "singleton_rate": 0.9669826224328594,
    "top1_acc_non_empty": 0.9513428120063191,
    "base_top1_acc": 0.9513428120063191,
    "hir": 0.34707740916271723
  },
  "num_test_defined": 6330,
  "num_test_used": 6330,
  "class_labels": [
    "fam:Android",
    "fam:Linux",
    "fam:Windows",
    "fam:iOS",
    "fam:macOS"
  ]
}