{
  "level": "family",
  "alpha_LoUPCP": 0.3,
  "m_cal": 6329,
  "q_hat_leaf_LoUPCP": 0.6118508577346802,
  "metrics": {
    "coverage": 0.7830963665086887,
    "set_size_mean": 0.8255924170616113,
    "set_size_median": 1.0,
    "empty_rate": 0.18499210110584519,
    "singleton_rate": 0.8044233807266983,
    "base_top1_acc": 0.9447077409162717,
    "top1_acc_non_empty": 0.9565807327001357,
    "hir": 0.0
  },
  "num_test_defined": 6330,
  "num_test_used": 6330,
  "class_labels": [
    "fam:Android",
    "fam:Linux",
    "fam:Windows",
    "fam:iOS",
    "fam:macOS"
  ]
}