{
  "level": "family",
  "alpha_LoUPCP": 0.1,
  "m_cal": 6329,
  "q_hat_leaf_LoUPCP": 0.8256765007972717,
  "metrics": {
    "coverage": 0.9587677725118483,
    "set_size_mean": 1.0608214849921012,
    "set_size_median": 1.0,
    "empty_rate": 0.001579778830963665,
    "singleton_rate": 0.9379146919431279,
    "base_top1_acc": 0.9404423380726699,
    "top1_acc_non_empty": 0.9416139240506329,
    "hir": 0.0
  },
  "num_test_defined": 6330,
  "num_test_used": 6330,
  "class_labels": [
    "fam:Android",
    "fam:Linux",
    "fam:Windows",
    "fam:iOS",
    "fam:macOS"
  ]
}