{
  "level": "family",
  "alpha": 0.075,
  "m_k": 6329,
  "j": 5856,
  "quantile_step": 0.0001579778830963665,
  "q_hat": 0.17642760276794434,
  "metrics": {
    "coverage": 0.9187993680884676,
    "set_size_mean": 0.9394944707740917,
    "set_size_median": 1.0,
    "empty_rate": 0.06050552922590837,
    "singleton_rate": 0.9394944707740917,
    "top1_acc_non_empty": 0.9779720867664369,
    "base_top1_acc": 0.9532385466034755,
    "hir": 0.2579778830963665
  },
  "num_test_defined": 6330,
  "num_test_used": 6330,
  "class_labels": [
    "fam:Android",
    "fam:Linux",
    "fam:Windows",
    "fam:iOS",
    "fam:macOS"
  ]
}