{
  "level": "family",
  "alpha_LoUPCP": 0.25,
  "m_cal": 6329,
  "q_hat_leaf_LoUPCP": 0.7022843360900879,
  "metrics": {
    "coverage": 0.8845181674565561,
    "set_size_mean": 0.9507109004739337,
    "set_size_median": 1.0,
    "empty_rate": 0.08088467614533965,
    "singleton_rate": 0.8875197472353871,
    "base_top1_acc": 0.9464454976303317,
    "top1_acc_non_empty": 0.9499828119628738,
    "hir": 0.0
  },
  "num_test_defined": 6330,
  "num_test_used": 6330,
  "class_labels": [
    "fam:Android",
    "fam:Linux",
    "fam:Windows",
    "fam:iOS",
    "fam:macOS"
  ]
}