{
  "level": "family",
  "alpha": 0.05,
  "m_k": 6329,
  "j": 6014,
  "quantile_step": 0.0001579778830963665,
  "q_hat": 0.42158252000808716,
  "metrics": {
    "coverage": 0.9532385466034755,
    "set_size_mean": 0.9909952606635071,
    "set_size_median": 1.0,
    "empty_rate": 0.00900473933649289,
    "singleton_rate": 0.9909952606635071,
    "top1_acc_non_empty": 0.9619002072373665,
    "base_top1_acc": 0.956872037914692,
    "hir": 0.3
  },
  "num_test_defined": 6330,
  "num_test_used": 6330,
  "class_labels": [
    "fam:Android",
    "fam:Linux",
    "fam:Windows",
    "fam:iOS",
    "fam:macOS"
  ]
}