{
  "level": "family",
  "alpha": 0.25,
  "m_k": 6329,
  "j": 4748,
  "quantile_step": 0.0001579778830963665,
  "q_hat": 0.010482847690582275,
  "metrics": {
    "coverage": 0.7567140600315956,
    "set_size_mean": 0.7601895734597156,
    "set_size_median": 1.0,
    "empty_rate": 0.23981042654028437,
    "singleton_rate": 0.7601895734597156,
    "top1_acc_non_empty": 0.9954280964256027,
    "base_top1_acc": 0.9575039494470774,
    "hir": 0.3674565560821485
  },
  "num_test_defined": 6330,
  "num_test_used": 6330,
  "class_labels": [
    "fam:Android",
    "fam:Linux",
    "fam:Windows",
    "fam:iOS",
    "fam:macOS"
  ]
}