{
  "level": "family",
  "alpha_B": 0.15,
  "m_cal": 6329,
  "q_hat_leaf_B": 0.778551459312439,
  "metrics": {
    "coverage": 0.9492890995260663,
    "set_size_mean": 1.0303317535545025,
    "set_size_median": 1.0,
    "empty_rate": 0.012954186413902054,
    "singleton_rate": 0.9437598736176935,
    "base_top1_acc": 0.9417061611374408,
    "top1_acc_non_empty": 0.9449423815620999,
    "hir": 0.0
  },
  "num_test_defined": 6330,
  "num_test_used": 6330,
  "class_labels": [
    "fam:Android",
    "fam:Linux",
    "fam:Windows",
    "fam:iOS",
    "fam:macOS"
  ]
}