{
  "level": "family",
  "alpha": 0.45,
  "m_k": 6329,
  "j": 3482,
  "quantile_step": 0.0001579778830963665,
  "q_hat": 0.0004419684410095215,
  "metrics": {
    "coverage": 0.5412322274881517,
    "set_size_mean": 0.5417061611374407,
    "set_size_median": 1.0,
    "empty_rate": 0.45829383886255926,
    "singleton_rate": 0.5417061611374407,
    "top1_acc_non_empty": 0.9991251093613298,
    "base_top1_acc": 0.9546603475513428,
    "hir": 0.23412322274881517
  },
  "num_test_defined": 6330,
  "num_test_used": 6330,
  "class_labels": [
    "fam:Android",
    "fam:Linux",
    "fam:Windows",
    "fam:iOS",
    "fam:macOS"
  ]
}