{
  "level": "family",
  "alpha": 0.02,
  "m_k": 6329,
  "j": 6204,
  "quantile_step": 0.0001579778830963665,
  "q_hat": 0.9121648669242859,
  "metrics": {
    "coverage": 0.9808846761453397,
    "set_size_mean": 1.1071090047393366,
    "set_size_median": 1.0,
    "empty_rate": 0.0,
    "singleton_rate": 0.9022116903633491,
    "top1_acc_non_empty": 0.955608214849921,
    "base_top1_acc": 0.955608214849921,
    "hir": 0.395260663507109
  },
  "num_test_defined": 6330,
  "num_test_used": 6330,
  "class_labels": [
    "fam:Android",
    "fam:Linux",
    "fam:Windows",
    "fam:iOS",
    "fam:macOS"
  ]
}