{
  "level": "family",
  "alpha": 0.35,
  "m_k": 6329,
  "j": 4115,
  "quantile_step": 0.0001579778830963665,
  "q_hat": 0.0019551515579223633,
  "metrics": {
    "coverage": 0.6462875197472354,
    "set_size_mean": 0.6480252764612954,
    "set_size_median": 1.0,
    "empty_rate": 0.35197472353870457,
    "singleton_rate": 0.6480252764612954,
    "top1_acc_non_empty": 0.9973183812774257,
    "base_top1_acc": 0.9524486571879937,
    "hir": 0.2781990521327014
  },
  "num_test_defined": 6330,
  "num_test_used": 6330,
  "class_labels": [
    "fam:Android",
    "fam:Linux",
    "fam:Windows",
    "fam:iOS",
    "fam:macOS"
  ]
}