{
  "level": "family",
  "alpha": 0.15,
  "m_k": 6329,
  "j": 5381,
  "quantile_step": 0.0001579778830963665,
  "q_hat": 0.08374375104904175,
  "metrics": {
    "coverage": 0.8601895734597157,
    "set_size_mean": 0.8695102685624012,
    "set_size_median": 1.0,
    "empty_rate": 0.13048973143759873,
    "singleton_rate": 0.8695102685624012,
    "top1_acc_non_empty": 0.989280523255814,
    "base_top1_acc": 0.957345971563981,
    "hir": 0.2695102685624013
  },
  "num_test_defined": 6330,
  "num_test_used": 6330,
  "class_labels": [
    "fam:Android",
    "fam:Linux",
    "fam:Windows",
    "fam:iOS",
    "fam:macOS"
  ]
}