{
  "level": "family",
  "alpha": 0.15,
  "m_k": 6329,
  "j": 5381,
  "quantile_step": 0.0001579778830963665,
  "q_hat": 0.08372282981872559,
  "metrics": {
    "coverage": 0.8533965244865719,
    "set_size_mean": 0.8638230647709321,
    "set_size_median": 1.0,
    "empty_rate": 0.13617693522906793,
    "singleton_rate": 0.8638230647709321,
    "top1_acc_non_empty": 0.9879297732260425,
    "base_top1_acc": 0.9535545023696682,
    "hir": 0.27614533965244864
  },
  "num_test_defined": 6330,
  "num_test_used": 6330,
  "class_labels": [
    "fam:Android",
    "fam:Linux",
    "fam:Windows",
    "fam:iOS",
    "fam:macOS"
  ]
}