{
  "level": "family",
  "alpha": 0.04,
  "m_k": 6329,
  "j": 6077,
  "quantile_step": 0.0001579778830963665,
  "q_hat": 0.5718530416488647,
  "metrics": {
    "coverage": 0.9541864139020537,
    "set_size_mean": 1.000947867298578,
    "set_size_median": 1.0,
    "empty_rate": 0.001263823064770932,
    "singleton_rate": 0.99652448657188,
    "top1_acc_non_empty": 0.9541284403669725,
    "base_top1_acc": 0.9535545023696682,
    "hir": 0.3334913112164297
  },
  "num_test_defined": 6330,
  "num_test_used": 6330,
  "class_labels": [
    "fam:Android",
    "fam:Linux",
    "fam:Windows",
    "fam:iOS",
    "fam:macOS"
  ]
}