{
  "level": "family",
  "alpha": 0.05,
  "m_k": 6329,
  "j": 6014,
  "quantile_step": 0.0001579778830963665,
  "q_hat": 0.3889200687408447,
  "metrics": {
    "coverage": 0.9497630331753555,
    "set_size_mean": 0.9873617693522907,
    "set_size_median": 1.0,
    "empty_rate": 0.01263823064770932,
    "singleton_rate": 0.9873617693522907,
    "top1_acc_non_empty": 0.96192,
    "base_top1_acc": 0.9549763033175356,
    "hir": 0.32432859399684044
  },
  "num_test_defined": 6330,
  "num_test_used": 6330,
  "class_labels": [
    "fam:Android",
    "fam:Linux",
    "fam:Windows",
    "fam:iOS",
    "fam:macOS"
  ]
}