{
  "level": "family",
  "alpha": 0.5,
  "m_k": 6329,
  "j": 3165,
  "quantile_step": 0.0001579778830963665,
  "q_hat": 0.00024884939193725586,
  "metrics": {
    "coverage": 0.4886255924170616,
    "set_size_mean": 0.48878357030015795,
    "set_size_median": 0.0,
    "empty_rate": 0.511216429699842,
    "singleton_rate": 0.48878357030015795,
    "top1_acc_non_empty": 0.9996767937944409,
    "base_top1_acc": 0.9533965244865719,
    "hir": 0.2783570300157978
  },
  "num_test_defined": 6330,
  "num_test_used": 6330,
  "class_labels": [
    "fam:Android",
    "fam:Linux",
    "fam:Windows",
    "fam:iOS",
    "fam:macOS"
  ]
}