{
  "level": "family",
  "alpha": 0.04,
  "m_k": 6329,
  "j": 6077,
  "quantile_step": 0.0001579778830963665,
  "q_hat": 0.626069188117981,
  "metrics": {
    "coverage": 0.9595576619273302,
    "set_size_mean": 1.009004739336493,
    "set_size_median": 1.0,
    "empty_rate": 0.0007898894154818325,
    "singleton_rate": 0.9894154818325435,
    "top1_acc_non_empty": 0.9552569169960474,
    "base_top1_acc": 0.9546603475513428,
    "hir": 0.3315955766192733
  },
  "num_test_defined": 6330,
  "num_test_used": 6330,
  "class_labels": [
    "fam:Android",
    "fam:Linux",
    "fam:Windows",
    "fam:iOS",
    "fam:macOS"
  ]
}