{
  "level": "family",
  "alpha": 0.3,
  "m_k": 6329,
  "j": 4431,
  "quantile_step": 0.0001579778830963665,
  "q_hat": 0.00405806303024292,
  "metrics": {
    "coverage": 0.7045813586097947,
    "set_size_mean": 0.7069510268562401,
    "set_size_median": 1.0,
    "empty_rate": 0.2930489731437599,
    "singleton_rate": 0.7069510268562401,
    "top1_acc_non_empty": 0.9966480446927374,
    "base_top1_acc": 0.9575039494470774,
    "hir": 0.3739336492890995
  },
  "num_test_defined": 6330,
  "num_test_used": 6330,
  "class_labels": [
    "fam:Android",
    "fam:Linux",
    "fam:Windows",
    "fam:iOS",
    "fam:macOS"
  ]
}