{
  "level": "family",
  "alpha_B": 0.3,
  "m_cal": 6329,
  "q_hat_leaf_B": 0.619415283203125,
  "metrics": {
    "coverage": 0.7900473933649289,
    "set_size_mean": 0.8398104265402844,
    "set_size_median": 1.0,
    "empty_rate": 0.1750394944707741,
    "singleton_rate": 0.8101105845181674,
    "base_top1_acc": 0.9415481832543444,
    "top1_acc_non_empty": 0.9513596323247798,
    "hir": 0.0
  },
  "num_test_defined": 6330,
  "num_test_used": 6330,
  "class_labels": [
    "fam:Android",
    "fam:Linux",
    "fam:Windows",
    "fam:iOS",
    "fam:macOS"
  ]
}