{
  "level": "family",
  "alpha": 0.01,
  "m_k": 6329,
  "j": 6267,
  "quantile_step": 0.0001579778830963665,
  "q_hat": 0.9512137174606323,
  "metrics": {
    "coverage": 0.9895734597156398,
    "set_size_mean": 1.2205371248025276,
    "set_size_median": 1.0,
    "empty_rate": 0.0,
    "singleton_rate": 0.8213270142180095,
    "top1_acc_non_empty": 0.9533965244865719,
    "base_top1_acc": 0.9533965244865719,
    "hir": 0.518957345971564
  },
  "num_test_defined": 6330,
  "num_test_used": 6330,
  "class_labels": [
    "fam:Android",
    "fam:Linux",
    "fam:Windows",
    "fam:iOS",
    "fam:macOS"
  ]
}