{
  "level": "family",
  "alpha_LoUPCP": 0.4,
  "m_cal": 6329,
  "q_hat_leaf_LoUPCP": 0.3191571831703186,
  "metrics": {
    "coverage": 0.6257503949447077,
    "set_size_mean": 0.636650868878357,
    "set_size_median": 1.0,
    "empty_rate": 0.36334913112164297,
    "singleton_rate": 0.636650868878357,
    "base_top1_acc": 0.9415481832543444,
    "top1_acc_non_empty": 0.9828784119106699,
    "hir": 0.0
  },
  "num_test_defined": 6330,
  "num_test_used": 6330,
  "class_labels": [
    "fam:Android",
    "fam:Linux",
    "fam:Windows",
    "fam:iOS",
    "fam:macOS"
  ]
}