{
  "level": "family",
  "alpha_B": 0.3,
  "m_cal": 6329,
  "q_hat_leaf_B": 0.6118168234825134,
  "metrics": {
    "coverage": 0.7879936808846761,
    "set_size_mean": 0.8344391785150079,
    "set_size_median": 1.0,
    "empty_rate": 0.1791469194312796,
    "singleton_rate": 0.8072669826224329,
    "base_top1_acc": 0.9436018957345972,
    "top1_acc_non_empty": 0.9547729022324866,
    "hir": 0.0
  },
  "num_test_defined": 6330,
  "num_test_used": 6330,
  "class_labels": [
    "fam:Android",
    "fam:Linux",
    "fam:Windows",
    "fam:iOS",
    "fam:macOS"
  ]
}