{
  "level": "family",
  "alpha": 0.2,
  "m_k": 6329,
  "j": 5064,
  "quantile_step": 0.0001579778830963665,
  "q_hat": 0.03106534481048584,
  "metrics": {
    "coverage": 0.7966824644549763,
    "set_size_mean": 0.8025276461295419,
    "set_size_median": 1.0,
    "empty_rate": 0.19747235387045814,
    "singleton_rate": 0.8025276461295419,
    "top1_acc_non_empty": 0.9927165354330708,
    "base_top1_acc": 0.9540284360189574,
    "hir": 0.3360189573459716
  },
  "num_test_defined": 6330,
  "num_test_used": 6330,
  "class_labels": [
    "fam:Android",
    "fam:Linux",
    "fam:Windows",
    "fam:iOS",
    "fam:macOS"
  ]
}