{
  "level": "family",
  "alpha_LoUPCP": 0.35,
  "m_cal": 6329,
  "q_hat_leaf_LoUPCP": 0.4899442195892334,
  "metrics": {
    "coverage": 0.7104265402843601,
    "set_size_mean": 0.7309636650868878,
    "set_size_median": 1.0,
    "empty_rate": 0.2690363349131122,
    "singleton_rate": 0.7309636650868878,
    "base_top1_acc": 0.9424960505529226,
    "top1_acc_non_empty": 0.9719040414955695,
    "hir": 0.0
  },
  "num_test_defined": 6330,
  "num_test_used": 6330,
  "class_labels": [
    "fam:Android",
    "fam:Linux",
    "fam:Windows",
    "fam:iOS",
    "fam:macOS"
  ]
}