{
  "level": "family",
  "alpha_LoUPCP": 0.25,
  "m_cal": 6329,
  "q_hat_leaf_LoUPCP": 0.7025814056396484,
  "metrics": {
    "coverage": 0.8830963665086888,
    "set_size_mean": 0.9516587677725118,
    "set_size_median": 1.0,
    "empty_rate": 0.07993680884676145,
    "singleton_rate": 0.8884676145339653,
    "base_top1_acc": 0.9440758293838862,
    "top1_acc_non_empty": 0.9491758241758241,
    "hir": 0.0
  },
  "num_test_defined": 6330,
  "num_test_used": 6330,
  "class_labels": [
    "fam:Android",
    "fam:Linux",
    "fam:Windows",
    "fam:iOS",
    "fam:macOS"
  ]
}