{
  "level": "family",
  "alpha": 0.25,
  "m_k": 6329,
  "j": 4748,
  "quantile_step": 0.0001579778830963665,
  "q_hat": 0.00884169340133667,
  "metrics": {
    "coverage": 0.7450236966824645,
    "set_size_mean": 0.7483412322274882,
    "set_size_median": 1.0,
    "empty_rate": 0.25165876777251184,
    "singleton_rate": 0.7483412322274882,
    "top1_acc_non_empty": 0.9955668144395187,
    "base_top1_acc": 0.9532385466034755,
    "hir": 0.3717219589257504
  },
  "num_test_defined": 6330,
  "num_test_used": 6330,
  "class_labels": [
    "fam:Android",
    "fam:Linux",
    "fam:Windows",
    "fam:iOS",
    "fam:macOS"
  ]
}