{
  "level": "family",
  "alpha_LoUPCP": 0.04,
  "m_cal": 6329,
  "q_hat_leaf_LoUPCP": 0.954447329044342,
  "metrics": {
    "coverage": 0.9876777251184834,
    "set_size_mean": 1.2753554502369668,
    "set_size_median": 1.0,
    "empty_rate": 0.0,
    "singleton_rate": 0.7783570300157978,
    "base_top1_acc": 0.9447077409162717,
    "top1_acc_non_empty": 0.9447077409162717,
    "hir": 0.0
  },
  "num_test_defined": 6330,
  "num_test_used": 6330,
  "class_labels": [
    "fam:Android",
    "fam:Linux",
    "fam:Windows",
    "fam:iOS",
    "fam:macOS"
  ]
}