{
  "level": "family",
  "alpha_LoUPCP": 0.45,
  "m_cal": 6329,
  "q_hat_leaf_LoUPCP": 0.1560230255126953,
  "metrics": {
    "coverage": 0.553870458135861,
    "set_size_mean": 0.5584518167456556,
    "set_size_median": 1.0,
    "empty_rate": 0.4415481832543444,
    "singleton_rate": 0.5584518167456556,
    "base_top1_acc": 0.9409162717219589,
    "top1_acc_non_empty": 0.9917963224893918,
    "hir": 0.0
  },
  "num_test_defined": 6330,
  "num_test_used": 6330,
  "class_labels": [
    "fam:Android",
    "fam:Linux",
    "fam:Windows",
    "fam:iOS",
    "fam:macOS"
  ]
}