{
  "level": "family",
  "alpha_B": 0.4,
  "m_cal": 6329,
  "q_hat_leaf_B": 0.31040358543395996,
  "metrics": {
    "coverage": 0.6233807266982623,
    "set_size_mean": 0.633175355450237,
    "set_size_median": 1.0,
    "empty_rate": 0.36682464454976305,
    "singleton_rate": 0.633175355450237,
    "base_top1_acc": 0.9462875197472354,
    "top1_acc_non_empty": 0.9845309381237525,
    "hir": 0.0
  },
  "num_test_defined": 6330,
  "num_test_used": 6330,
  "class_labels": [
    "fam:Android",
    "fam:Linux",
    "fam:Windows",
    "fam:iOS",
    "fam:macOS"
  ]
}