level,alpha,m_k,j,quantile_step,q_hat,num_test_defined,num_test_used
leaf,0.02,6329,6204,0.0001579778830963665,0.9837737083435059,6330,6330
