{
  "level": "family",
  "alpha": 0.02,
  "m_k": 6329,
  "j": 6204,
  "quantile_step": 0.0001579778830963665,
  "q_hat": 0.9146401882171631,
  "metrics": {
    "coverage": 0.9819905213270143,
    "set_size_mean": 1.1241706161137441,
    "set_size_median": 1.0,
    "empty_rate": 0.0,
    "singleton_rate": 0.8889415481832543,
    "top1_acc_non_empty": 0.9546603475513428,
    "base_top1_acc": 0.9546603475513428,
    "hir": 0.3936808846761453
  },
  "num_test_defined": 6330,
  "num_test_used": 6330,
  "class_labels": [
    "fam:Android",
    "fam:Linux",
    "fam:Windows",
    "fam:iOS",
    "fam:macOS"
  ]
}