{
  "level": "family",
  "alpha_LoUPCP": 0.5,
  "m_cal": 6329,
  "q_hat_leaf_LoUPCP": 0.06859976053237915,
  "metrics": {
    "coverage": 0.5048973143759874,
    "set_size_mean": 0.5074249605055292,
    "set_size_median": 1.0,
    "empty_rate": 0.4925750394944708,
    "singleton_rate": 0.5074249605055292,
    "base_top1_acc": 0.9407582938388626,
    "top1_acc_non_empty": 0.9950186799501868,
    "hir": 0.0
  },
  "num_test_defined": 6330,
  "num_test_used": 6330,
  "class_labels": [
    "fam:Android",
    "fam:Linux",
    "fam:Windows",
    "fam:iOS",
    "fam:macOS"
  ]
}