{
  "level": "family",
  "alpha_LoUPCP": 0.2,
  "m_cal": 6329,
  "q_hat_leaf_LoUPCP": 0.7638574242591858,
  "metrics": {
    "coverage": 0.9352290679304898,
    "set_size_mean": 1.0150078988941549,
    "set_size_median": 1.0,
    "empty_rate": 0.026066350710900472,
    "singleton_rate": 0.9328593996840442,
    "base_top1_acc": 0.9432859399684044,
    "top1_acc_non_empty": 0.945985401459854,
    "hir": 0.0
  },
  "num_test_defined": 6330,
  "num_test_used": 6330,
  "class_labels": [
    "fam:Android",
    "fam:Linux",
    "fam:Windows",
    "fam:iOS",
    "fam:macOS"
  ]
}