{
  "level": "family",
  "alpha": 0.3,
  "m_k": 6329,
  "j": 4431,
  "quantile_step": 0.0001579778830963665,
  "q_hat": 0.0036153793334960938,
  "metrics": {
    "coverage": 0.6927330173775671,
    "set_size_mean": 0.6944707740916272,
    "set_size_median": 1.0,
    "empty_rate": 0.30552922590837284,
    "singleton_rate": 0.6944707740916272,
    "top1_acc_non_empty": 0.9974977252047316,
    "base_top1_acc": 0.955608214849921,
    "hir": 0.3731437598736177
  },
  "num_test_defined": 6330,
  "num_test_used": 6330,
  "class_labels": [
    "fam:Android",
    "fam:Linux",
    "fam:Windows",
    "fam:iOS",
    "fam:macOS"
  ]
}