{
  "level": "family",
  "alpha": 0.02,
  "m_k": 6329,
  "j": 6204,
  "quantile_step": 0.0001579778830963665,
  "q_hat": 0.9163421392440796,
  "metrics": {
    "coverage": 0.9851500789889416,
    "set_size_mean": 1.1375987361769353,
    "set_size_median": 1.0,
    "empty_rate": 0.0,
    "singleton_rate": 0.8744075829383886,
    "top1_acc_non_empty": 0.9587677725118483,
    "base_top1_acc": 0.9587677725118483,
    "hir": 0.3636650868878357
  },
  "num_test_defined": 6330,
  "num_test_used": 6330,
  "class_labels": [
    "fam:Android",
    "fam:Linux",
    "fam:Windows",
    "fam:iOS",
    "fam:macOS"
  ]
}