{
  "level": "family",
  "alpha": 0.1,
  "m_k": 6329,
  "j": 5697,
  "quantile_step": 0.0001579778830963665,
  "q_hat": 0.12274068593978882,
  "metrics": {
    "coverage": 0.8943127962085308,
    "set_size_mean": 0.909478672985782,
    "set_size_median": 1.0,
    "empty_rate": 0.09052132701421801,
    "singleton_rate": 0.909478672985782,
    "top1_acc_non_empty": 0.9833246482542991,
    "base_top1_acc": 0.9554502369668246,
    "hir": 0.23917851500789888
  },
  "num_test_defined": 6330,
  "num_test_used": 6330,
  "class_labels": [
    "fam:Android",
    "fam:Linux",
    "fam:Windows",
    "fam:iOS",
    "fam:macOS"
  ]
}