{
  "level": "family",
  "alpha_B": 0.15,
  "m_cal": 6329,
  "q_hat_leaf_B": 0.779954731464386,
  "metrics": {
    "coverage": 0.9530805687203792,
    "set_size_mean": 1.0336492890995261,
    "set_size_median": 1.0,
    "empty_rate": 0.011690363349131122,
    "singleton_rate": 0.9429699842022117,
    "base_top1_acc": 0.9434439178515008,
    "top1_acc_non_empty": 0.9485294117647058,
    "hir": 0.0
  },
  "num_test_defined": 6330,
  "num_test_used": 6330,
  "class_labels": [
    "fam:Android",
    "fam:Linux",
    "fam:Windows",
    "fam:iOS",
    "fam:macOS"
  ]
}