{
  "level": "family",
  "alpha_LoUPCP": 0.01,
  "m_cal": 6329,
  "q_hat_leaf_LoUPCP": 0.9936727285385132,
  "metrics": {
    "coverage": 0.9946287519747236,
    "set_size_mean": 1.5502369668246445,
    "set_size_median": 1.0,
    "empty_rate": 0.0,
    "singleton_rate": 0.6208530805687204,
    "base_top1_acc": 0.9440758293838862,
    "top1_acc_non_empty": 0.9440758293838862,
    "hir": 0.0
  },
  "num_test_defined": 6330,
  "num_test_used": 6330,
  "class_labels": [
    "fam:Android",
    "fam:Linux",
    "fam:Windows",
    "fam:iOS",
    "fam:macOS"
  ]
}