{
  "level": "family",
  "alpha_B": 0.3,
  "m_cal": 6329,
  "q_hat_leaf_B": 0.6154910922050476,
  "metrics": {
    "coverage": 0.7889415481832543,
    "set_size_mean": 0.8347551342812006,
    "set_size_median": 1.0,
    "empty_rate": 0.17835703001579778,
    "singleton_rate": 0.8085308056872038,
    "base_top1_acc": 0.9406003159557662,
    "top1_acc_non_empty": 0.9536627571620843,
    "hir": 0.0
  },
  "num_test_defined": 6330,
  "num_test_used": 6330,
  "class_labels": [
    "fam:Android",
    "fam:Linux",
    "fam:Windows",
    "fam:iOS",
    "fam:macOS"
  ]
}