{
  "level": "family",
  "alpha_LoUPCP": 0.15,
  "m_cal": 6329,
  "q_hat_leaf_LoUPCP": 0.7777111530303955,
  "metrics": {
    "coverage": 0.9492890995260663,
    "set_size_mean": 1.0293838862559241,
    "set_size_median": 1.0,
    "empty_rate": 0.013744075829383886,
    "singleton_rate": 0.943127962085308,
    "base_top1_acc": 0.943127962085308,
    "top1_acc_non_empty": 0.9468204388915585,
    "hir": 0.0
  },
  "num_test_defined": 6330,
  "num_test_used": 6330,
  "class_labels": [
    "fam:Android",
    "fam:Linux",
    "fam:Windows",
    "fam:iOS",
    "fam:macOS"
  ]
}