{
  "level": "family",
  "alpha_B": 0.05,
  "m_cal": 6329,
  "q_hat_leaf_B": 0.9399220943450928,
  "metrics": {
    "coverage": 0.9789889415481833,
    "set_size_mean": 1.1911532385466035,
    "set_size_median": 1.0,
    "empty_rate": 0.0,
    "singleton_rate": 0.839652448657188,
    "base_top1_acc": 0.9412322274881516,
    "top1_acc_non_empty": 0.9412322274881516,
    "hir": 0.0
  },
  "num_test_defined": 6330,
  "num_test_used": 6330,
  "class_labels": [
    "fam:Android",
    "fam:Linux",
    "fam:Windows",
    "fam:iOS",
    "fam:macOS"
  ]
}