{
  "level": "family",
  "alpha_B": 0.15,
  "m_cal": 6329,
  "q_hat_leaf_B": 0.7833132743835449,
  "metrics": {
    "coverage": 0.955608214849921,
    "set_size_mean": 1.0363349131121642,
    "set_size_median": 1.0,
    "empty_rate": 0.008214849921011059,
    "singleton_rate": 0.9472353870458136,
    "base_top1_acc": 0.946129541864139,
    "top1_acc_non_empty": 0.9488690665817139,
    "hir": 0.0
  },
  "num_test_defined": 6330,
  "num_test_used": 6330,
  "class_labels": [
    "fam:Android",
    "fam:Linux",
    "fam:Windows",
    "fam:iOS",
    "fam:macOS"
  ]
}