{
  "level": "family",
  "alpha_LoUPCP": 0.1,
  "m_cal": 6329,
  "q_hat_leaf_LoUPCP": 0.8302905559539795,
  "metrics": {
    "coverage": 0.9617693522906793,
    "set_size_mean": 1.0619273301737757,
    "set_size_median": 1.0,
    "empty_rate": 0.001263823064770932,
    "singleton_rate": 0.9363349131121643,
    "base_top1_acc": 0.9409162717219589,
    "top1_acc_non_empty": 0.9419487503954445,
    "hir": 0.0
  },
  "num_test_defined": 6330,
  "num_test_used": 6330,
  "class_labels": [
    "fam:Android",
    "fam:Linux",
    "fam:Windows",
    "fam:iOS",
    "fam:macOS"
  ]
}