{
  "level": "family",
  "alpha_LoUPCP": 0.45,
  "m_cal": 6329,
  "q_hat_leaf_LoUPCP": 0.14709657430648804,
  "metrics": {
    "coverage": 0.5440758293838862,
    "set_size_mean": 0.5480252764612954,
    "set_size_median": 1.0,
    "empty_rate": 0.4519747235387046,
    "singleton_rate": 0.5480252764612954,
    "base_top1_acc": 0.9394944707740917,
    "top1_acc_non_empty": 0.9927933121937158,
    "hir": 0.0
  },
  "num_test_defined": 6330,
  "num_test_used": 6330,
  "class_labels": [
    "fam:Android",
    "fam:Linux",
    "fam:Windows",
    "fam:iOS",
    "fam:macOS"
  ]
}