{
  "level": "family",
  "alpha": 0.05,
  "m_k": 6329,
  "j": 6014,
  "quantile_step": 0.0001579778830963665,
  "q_hat": 0.38414323329925537,
  "metrics": {
    "coverage": 0.9492890995260663,
    "set_size_mean": 0.9862559241706161,
    "set_size_median": 1.0,
    "empty_rate": 0.013744075829383886,
    "singleton_rate": 0.9862559241706161,
    "top1_acc_non_empty": 0.9625180201826046,
    "base_top1_acc": 0.9554502369668246,
    "hir": 0.29652448657187996
  },
  "num_test_defined": 6330,
  "num_test_used": 6330,
  "class_labels": [
    "fam:Android",
    "fam:Linux",
    "fam:Windows",
    "fam:iOS",
    "fam:macOS"
  ]
}