{
  "level": "family",
  "alpha": 0.4,
  "m_k": 6329,
  "j": 3798,
  "quantile_step": 0.0001579778830963665,
  "q_hat": 0.0009757280349731445,
  "metrics": {
    "coverage": 0.6022116903633491,
    "set_size_mean": 0.6026856240126383,
    "set_size_median": 1.0,
    "empty_rate": 0.39731437598736175,
    "singleton_rate": 0.6026856240126383,
    "top1_acc_non_empty": 0.999213630406291,
    "base_top1_acc": 0.9570300157977883,
    "hir": 0.239652448657188
  },
  "num_test_defined": 6330,
  "num_test_used": 6330,
  "class_labels": [
    "fam:Android",
    "fam:Linux",
    "fam:Windows",
    "fam:iOS",
    "fam:macOS"
  ]
}