{
  "level": "family",
  "alpha": 0.0,
  "m_k": 6329,
  "j": 6329,
  "quantile_step": 0.0001579778830963665,
  "q_hat": 0.9999993443489075,
  "metrics": {
    "coverage": 1.0,
    "set_size_mean": 4.102211690363349,
    "set_size_median": 4.0,
    "empty_rate": 0.0,
    "singleton_rate": 0.03175355450236967,
    "top1_acc_non_empty": 0.9546603475513428,
    "base_top1_acc": 0.9546603475513428,
    "hir": 0.9843601895734597
  },
  "num_test_defined": 6330,
  "num_test_used": 6330,
  "class_labels": [
    "fam:Android",
    "fam:Linux",
    "fam:Windows",
    "fam:iOS",
    "fam:macOS"
  ]
}