{
  "level": "family",
  "alpha": 0.05,
  "m_k": 6329,
  "j": 6014,
  "quantile_step": 0.0001579778830963665,
  "q_hat": 0.3968626856803894,
  "metrics": {
    "coverage": 0.9507109004739337,
    "set_size_mean": 0.9848341232227488,
    "set_size_median": 1.0,
    "empty_rate": 0.015165876777251185,
    "singleton_rate": 0.9848341232227488,
    "top1_acc_non_empty": 0.9653512993262753,
    "base_top1_acc": 0.9567140600315955,
    "hir": 0.30252764612954186
  },
  "num_test_defined": 6330,
  "num_test_used": 6330,
  "class_labels": [
    "fam:Android",
    "fam:Linux",
    "fam:Windows",
    "fam:iOS",
    "fam:macOS"
  ]
}