{
  "level": "family",
  "alpha_LoUPCP": 0.35,
  "m_cal": 6329,
  "q_hat_leaf_LoUPCP": 0.4915398955345154,
  "metrics": {
    "coverage": 0.7132701421800948,
    "set_size_mean": 0.7331753554502369,
    "set_size_median": 1.0,
    "empty_rate": 0.266824644549763,
    "singleton_rate": 0.7331753554502369,
    "base_top1_acc": 0.9447077409162717,
    "top1_acc_non_empty": 0.9728506787330317,
    "hir": 0.0
  },
  "num_test_defined": 6330,
  "num_test_used": 6330,
  "class_labels": [
    "fam:Android",
    "fam:Linux",
    "fam:Windows",
    "fam:iOS",
    "fam:macOS"
  ]
}