{
  "level": "family",
  "alpha": 0.075,
  "m_k": 6329,
  "j": 5856,
  "quantile_step": 0.0001579778830963665,
  "q_hat": 0.17642855644226074,
  "metrics": {
    "coverage": 0.918957345971564,
    "set_size_mean": 0.9391785150078988,
    "set_size_median": 1.0,
    "empty_rate": 0.060821484992101105,
    "singleton_rate": 0.9391785150078988,
    "top1_acc_non_empty": 0.9784693019343986,
    "base_top1_acc": 0.9529225908372828,
    "hir": 0.2533965244865719
  },
  "num_test_defined": 6330,
  "num_test_used": 6330,
  "class_labels": [
    "fam:Android",
    "fam:Linux",
    "fam:Windows",
    "fam:iOS",
    "fam:macOS"
  ]
}