{
  "level": "family",
  "alpha": 0.35,
  "m_k": 6329,
  "j": 4115,
  "quantile_step": 0.0001579778830963665,
  "q_hat": 0.002098679542541504,
  "metrics": {
    "coverage": 0.65434439178515,
    "set_size_mean": 0.6551342812006319,
    "set_size_median": 1.0,
    "empty_rate": 0.3448657187993681,
    "singleton_rate": 0.6551342812006319,
    "top1_acc_non_empty": 0.9987943091391367,
    "base_top1_acc": 0.9571879936808847,
    "hir": 0.28846761453396524
  },
  "num_test_defined": 6330,
  "num_test_used": 6330,
  "class_labels": [
    "fam:Android",
    "fam:Linux",
    "fam:Windows",
    "fam:iOS",
    "fam:macOS"
  ]
}