{
  "level": "family",
  "alpha_LoUPCP": 0.3,
  "m_cal": 6329,
  "q_hat_leaf_LoUPCP": 0.5973998308181763,
  "metrics": {
    "coverage": 0.7707740916271721,
    "set_size_mean": 0.8134281200631912,
    "set_size_median": 1.0,
    "empty_rate": 0.19447077409162716,
    "singleton_rate": 0.7976303317535545,
    "base_top1_acc": 0.9391785150078988,
    "top1_acc_non_empty": 0.9535202980976663,
    "hir": 0.0
  },
  "num_test_defined": 6330,
  "num_test_used": 6330,
  "class_labels": [
    "fam:Android",
    "fam:Linux",
    "fam:Windows",
    "fam:iOS",
    "fam:macOS"
  ]
}