{
  "level": "family",
  "alpha": 0.02,
  "m_k": 6329,
  "j": 6204,
  "quantile_step": 0.0001579778830963665,
  "q_hat": 0.9121301770210266,
  "metrics": {
    "coverage": 0.9804107424960505,
    "set_size_mean": 1.1101105845181674,
    "set_size_median": 1.0,
    "empty_rate": 0.0,
    "singleton_rate": 0.9011058451816746,
    "top1_acc_non_empty": 0.955608214849921,
    "base_top1_acc": 0.955608214849921,
    "hir": 0.3985781990521327
  },
  "num_test_defined": 6330,
  "num_test_used": 6330,
  "class_labels": [
    "fam:Android",
    "fam:Linux",
    "fam:Windows",
    "fam:iOS",
    "fam:macOS"
  ]
}