{
  "level": "family",
  "alpha_B": 0.45,
  "m_cal": 6329,
  "q_hat_leaf_B": 0.1697678565979004,
  "metrics": {
    "coverage": 0.5605055292259083,
    "set_size_mean": 0.5644549763033175,
    "set_size_median": 1.0,
    "empty_rate": 0.43554502369668247,
    "singleton_rate": 0.5644549763033175,
    "base_top1_acc": 0.9464454976303317,
    "top1_acc_non_empty": 0.993003078645396,
    "hir": 0.0
  },
  "num_test_defined": 6330,
  "num_test_used": 6330,
  "class_labels": [
    "fam:Android",
    "fam:Linux",
    "fam:Windows",
    "fam:iOS",
    "fam:macOS"
  ]
}