{
  "level": "family",
  "alpha_LoUPCP": 0.35,
  "m_cal": 6329,
  "q_hat_leaf_LoUPCP": 0.5018948912620544,
  "metrics": {
    "coverage": 0.7187993680884676,
    "set_size_mean": 0.7415481832543444,
    "set_size_median": 1.0,
    "empty_rate": 0.2584518167456556,
    "singleton_rate": 0.7415481832543444,
    "base_top1_acc": 0.9436018957345972,
    "top1_acc_non_empty": 0.9693225394120153,
    "hir": 0.0
  },
  "num_test_defined": 6330,
  "num_test_used": 6330,
  "class_labels": [
    "fam:Android",
    "fam:Linux",
    "fam:Windows",
    "fam:iOS",
    "fam:macOS"
  ]
}