{
  "level": "family",
  "alpha_B": 0.15,
  "m_cal": 6329,
  "q_hat_leaf_B": 0.7839596271514893,
  "metrics": {
    "coverage": 0.9560821484992101,
    "set_size_mean": 1.0333333333333334,
    "set_size_median": 1.0,
    "empty_rate": 0.008530805687203791,
    "singleton_rate": 0.9496050552922591,
    "base_top1_acc": 0.9462875197472354,
    "top1_acc_non_empty": 0.9498087954110899,
    "hir": 0.0
  },
  "num_test_defined": 6330,
  "num_test_used": 6330,
  "class_labels": [
    "fam:Android",
    "fam:Linux",
    "fam:Windows",
    "fam:iOS",
    "fam:macOS"
  ]
}