{
  "level": "family",
  "alpha_LoUPCP": 0.25,
  "m_cal": 6329,
  "q_hat_leaf_LoUPCP": 0.6976195573806763,
  "metrics": {
    "coverage": 0.8761453396524487,
    "set_size_mean": 0.9413902053712481,
    "set_size_median": 1.0,
    "empty_rate": 0.08751974723538705,
    "singleton_rate": 0.8835703001579779,
    "base_top1_acc": 0.9447077409162717,
    "top1_acc_non_empty": 0.9503116343490304,
    "hir": 0.0
  },
  "num_test_defined": 6330,
  "num_test_used": 6330,
  "class_labels": [
    "fam:Android",
    "fam:Linux",
    "fam:Windows",
    "fam:iOS",
    "fam:macOS"
  ]
}