{
  "level": "family",
  "alpha_B": 0.15,
  "m_cal": 6329,
  "q_hat_leaf_B": 0.7831178903579712,
  "metrics": {
    "coverage": 0.9552922590837283,
    "set_size_mean": 1.0345971563981042,
    "set_size_median": 1.0,
    "empty_rate": 0.008688783570300158,
    "singleton_rate": 0.9480252764612954,
    "base_top1_acc": 0.9473933649289099,
    "top1_acc_non_empty": 0.9499601593625498,
    "hir": 0.0
  },
  "num_test_defined": 6330,
  "num_test_used": 6330,
  "class_labels": [
    "fam:Android",
    "fam:Linux",
    "fam:Windows",
    "fam:iOS",
    "fam:macOS"
  ]
}