{
  "level": "family",
  "alpha_B": 0.1,
  "m_cal": 6329,
  "q_hat_leaf_B": 0.8297032117843628,
  "metrics": {
    "coverage": 0.9619273301737756,
    "set_size_mean": 1.0657187993680886,
    "set_size_median": 1.0,
    "empty_rate": 0.00047393364928909954,
    "singleton_rate": 0.934913112164297,
    "base_top1_acc": 0.9432859399684044,
    "top1_acc_non_empty": 0.9435751541014699,
    "hir": 0.0
  },
  "num_test_defined": 6330,
  "num_test_used": 6330,
  "class_labels": [
    "fam:Android",
    "fam:Linux",
    "fam:Windows",
    "fam:iOS",
    "fam:macOS"
  ]
}