{
  "level": "family",
  "alpha": 0.05,
  "m_k": 6329,
  "j": 6014,
  "quantile_step": 0.0001579778830963665,
  "q_hat": 0.4225665330886841,
  "metrics": {
    "coverage": 0.9533965244865719,
    "set_size_mean": 0.9914691943127962,
    "set_size_median": 1.0,
    "empty_rate": 0.008530805687203791,
    "singleton_rate": 0.9914691943127962,
    "top1_acc_non_empty": 0.9615997450605481,
    "base_top1_acc": 0.9560821484992101,
    "hir": 0.2981042654028436
  },
  "num_test_defined": 6330,
  "num_test_used": 6330,
  "class_labels": [
    "fam:Android",
    "fam:Linux",
    "fam:Windows",
    "fam:iOS",
    "fam:macOS"
  ]
}