{
  "level": "family",
  "alpha": 0.3,
  "m_k": 6329,
  "j": 4431,
  "quantile_step": 0.0001579778830963665,
  "q_hat": 0.003912806510925293,
  "metrics": {
    "coverage": 0.701263823064771,
    "set_size_mean": 0.7041074249605055,
    "set_size_median": 1.0,
    "empty_rate": 0.29589257503949445,
    "singleton_rate": 0.7041074249605055,
    "top1_acc_non_empty": 0.9959614090195199,
    "base_top1_acc": 0.9541864139020537,
    "hir": 0.3688783570300158
  },
  "num_test_defined": 6330,
  "num_test_used": 6330,
  "class_labels": [
    "fam:Android",
    "fam:Linux",
    "fam:Windows",
    "fam:iOS",
    "fam:macOS"
  ]
}