{
  "level": "family",
  "alpha_B": 0.15,
  "m_cal": 6329,
  "q_hat_leaf_B": 0.7789803147315979,
  "metrics": {
    "coverage": 0.9494470774091627,
    "set_size_mean": 1.0306477093206952,
    "set_size_median": 1.0,
    "empty_rate": 0.013744075829383886,
    "singleton_rate": 0.9418641390205371,
    "base_top1_acc": 0.9440758293838862,
    "top1_acc_non_empty": 0.9481018740989908,
    "hir": 0.0
  },
  "num_test_defined": 6330,
  "num_test_used": 6330,
  "class_labels": [
    "fam:Android",
    "fam:Linux",
    "fam:Windows",
    "fam:iOS",
    "fam:macOS"
  ]
}