{
  "level": "family",
  "alpha": 0.15,
  "m_k": 6329,
  "j": 5381,
  "quantile_step": 0.0001579778830963665,
  "q_hat": 0.08285748958587646,
  "metrics": {
    "coverage": 0.85260663507109,
    "set_size_mean": 0.8598736176935229,
    "set_size_median": 1.0,
    "empty_rate": 0.1401263823064771,
    "singleton_rate": 0.8598736176935229,
    "top1_acc_non_empty": 0.9915487782472902,
    "base_top1_acc": 0.9567140600315955,
    "hir": 0.27361769352290677
  },
  "num_test_defined": 6330,
  "num_test_used": 6330,
  "class_labels": [
    "fam:Android",
    "fam:Linux",
    "fam:Windows",
    "fam:iOS",
    "fam:macOS"
  ]
}