{
  "level": "family",
  "alpha": 0.5,
  "m_k": 6329,
  "j": 3165,
  "quantile_step": 0.0001579778830963665,
  "q_hat": 0.00025349855422973633,
  "metrics": {
    "coverage": 0.49320695102685624,
    "set_size_mean": 0.4938388625592417,
    "set_size_median": 0.0,
    "empty_rate": 0.5061611374407583,
    "singleton_rate": 0.4938388625592417,
    "top1_acc_non_empty": 0.9987204094689699,
    "base_top1_acc": 0.9545023696682464,
    "hir": 0.27567140600315954
  },
  "num_test_defined": 6330,
  "num_test_used": 6330,
  "class_labels": [
    "fam:Android",
    "fam:Linux",
    "fam:Windows",
    "fam:iOS",
    "fam:macOS"
  ]
}