{
  "level": "family",
  "alpha_B": 0.03,
  "m_cal": 6329,
  "q_hat_leaf_B": 0.9654822945594788,
  "metrics": {
    "coverage": 0.9873617693522907,
    "set_size_mean": 1.3009478672985781,
    "set_size_median": 1.0,
    "empty_rate": 0.0,
    "singleton_rate": 0.7642969984202211,
    "base_top1_acc": 0.9398104265402843,
    "top1_acc_non_empty": 0.9398104265402843,
    "hir": 0.0
  },
  "num_test_defined": 6330,
  "num_test_used": 6330,
  "class_labels": [
    "fam:Android",
    "fam:Linux",
    "fam:Windows",
    "fam:iOS",
    "fam:macOS"
  ]
}