{
  "level": "family",
  "alpha_LoUPCP": 0.04,
  "m_cal": 6329,
  "q_hat_leaf_LoUPCP": 0.9504337310791016,
  "metrics": {
    "coverage": 0.9853080568720379,
    "set_size_mean": 1.2502369668246445,
    "set_size_median": 1.0,
    "empty_rate": 0.0,
    "singleton_rate": 0.7933649289099526,
    "base_top1_acc": 0.9445497630331754,
    "top1_acc_non_empty": 0.9445497630331754,
    "hir": 0.0
  },
  "num_test_defined": 6330,
  "num_test_used": 6330,
  "class_labels": [
    "fam:Android",
    "fam:Linux",
    "fam:Windows",
    "fam:iOS",
    "fam:macOS"
  ]
}