{
  "level": "family",
  "alpha": 0.35,
  "m_k": 6329,
  "j": 4115,
  "quantile_step": 0.0001579778830963665,
  "q_hat": 0.0021455883979797363,
  "metrics": {
    "coverage": 0.658609794628752,
    "set_size_mean": 0.6601895734597156,
    "set_size_median": 1.0,
    "empty_rate": 0.33981042654028437,
    "singleton_rate": 0.6601895734597156,
    "top1_acc_non_empty": 0.9976070830342187,
    "base_top1_acc": 0.9535545023696682,
    "hir": 0.28546603475513427
  },
  "num_test_defined": 6330,
  "num_test_used": 6330,
  "class_labels": [
    "fam:Android",
    "fam:Linux",
    "fam:Windows",
    "fam:iOS",
    "fam:macOS"
  ]
}