{
  "level": "family",
  "alpha_B": 0.5,
  "m_cal": 6329,
  "q_hat_leaf_B": 0.06709200143814087,
  "metrics": {
    "coverage": 0.5006319115323855,
    "set_size_mean": 0.503001579778831,
    "set_size_median": 1.0,
    "empty_rate": 0.496998420221169,
    "singleton_rate": 0.503001579778831,
    "base_top1_acc": 0.9462875197472354,
    "top1_acc_non_empty": 0.9952889447236181,
    "hir": 0.0
  },
  "num_test_defined": 6330,
  "num_test_used": 6330,
  "class_labels": [
    "fam:Android",
    "fam:Linux",
    "fam:Windows",
    "fam:iOS",
    "fam:macOS"
  ]
}