{
  "level": "family",
  "alpha_B": 0.01,
  "m_cal": 6329,
  "q_hat_leaf_B": 0.9933031797409058,
  "metrics": {
    "coverage": 0.9949447077409163,
    "set_size_mean": 1.5265402843601896,
    "set_size_median": 1.0,
    "empty_rate": 0.0,
    "singleton_rate": 0.6295418641390206,
    "base_top1_acc": 0.9434439178515008,
    "top1_acc_non_empty": 0.9434439178515008,
    "hir": 0.0
  },
  "num_test_defined": 6330,
  "num_test_used": 6330,
  "class_labels": [
    "fam:Android",
    "fam:Linux",
    "fam:Windows",
    "fam:iOS",
    "fam:macOS"
  ]
}