{
  "level": "family",
  "alpha": 0.03,
  "m_k": 6329,
  "j": 6141,
  "quantile_step": 0.0001579778830963665,
  "q_hat": 0.7612900137901306,
  "metrics": {
    "coverage": 0.9654028436018958,
    "set_size_mean": 1.0285939968404423,
    "set_size_median": 1.0,
    "empty_rate": 0.0,
    "singleton_rate": 0.9718799368088468,
    "top1_acc_non_empty": 0.9524486571879937,
    "base_top1_acc": 0.9524486571879937,
    "hir": 0.3570300157977883
  },
  "num_test_defined": 6330,
  "num_test_used": 6330,
  "class_labels": [
    "fam:Android",
    "fam:Linux",
    "fam:Windows",
    "fam:iOS",
    "fam:macOS"
  ]
}