level,alpha,m_k,j,quantile_step,q_hat,num_test_defined,num_test_used
leaf,0.05,6329,6014,0.0001579778830963665,0.9409809112548828,6330,6330
