{
  "level": "family",
  "alpha": 0.05,
  "m_k": 6329,
  "j": 6014,
  "quantile_step": 0.0001579778830963665,
  "q_hat": 0.3889200687408447,
  "metrics": {
    "coverage": 0.9497630331753555,
    "set_size_mean": 0.9865718799368088,
    "set_size_median": 1.0,
    "empty_rate": 0.013428120063191154,
    "singleton_rate": 0.9865718799368088,
    "top1_acc_non_empty": 0.9626901521216974,
    "base_top1_acc": 0.9543443917851501,
    "hir": 0.3014218009478673
  },
  "num_test_defined": 6330,
  "num_test_used": 6330,
  "class_labels": [
    "fam:Android",
    "fam:Linux",
    "fam:Windows",
    "fam:iOS",
    "fam:macOS"
  ]
}