{
  "level": "family",
  "alpha_B": 0.4,
  "m_cal": 6329,
  "q_hat_leaf_B": 0.35079503059387207,
  "metrics": {
    "coverage": 0.647867298578199,
    "set_size_mean": 0.6589257503949447,
    "set_size_median": 1.0,
    "empty_rate": 0.3410742496050553,
    "singleton_rate": 0.6589257503949447,
    "base_top1_acc": 0.9434439178515008,
    "top1_acc_non_empty": 0.9832174538479981,
    "hir": 0.0
  },
  "num_test_defined": 6330,
  "num_test_used": 6330,
  "class_labels": [
    "fam:Android",
    "fam:Linux",
    "fam:Windows",
    "fam:iOS",
    "fam:macOS"
  ]
}