{
  "level": "family",
  "alpha_LoUPCP": 0.25,
  "m_cal": 6329,
  "q_hat_leaf_LoUPCP": 0.7025814056396484,
  "metrics": {
    "coverage": 0.8815165876777251,
    "set_size_mean": 0.9500789889415482,
    "set_size_median": 1.0,
    "empty_rate": 0.08135860979462875,
    "singleton_rate": 0.8872037914691943,
    "base_top1_acc": 0.9447077409162717,
    "top1_acc_non_empty": 0.9489251934651762,
    "hir": 0.0
  },
  "num_test_defined": 6330,
  "num_test_used": 6330,
  "class_labels": [
    "fam:Android",
    "fam:Linux",
    "fam:Windows",
    "fam:iOS",
    "fam:macOS"
  ]
}