{
  "level": "family",
  "alpha": 0.075,
  "m_k": 6329,
  "j": 5856,
  "quantile_step": 0.0001579778830963665,
  "q_hat": 0.18443667888641357,
  "metrics": {
    "coverage": 0.9225908372827805,
    "set_size_mean": 0.94565560821485,
    "set_size_median": 1.0,
    "empty_rate": 0.054344391785150076,
    "singleton_rate": 0.94565560821485,
    "top1_acc_non_empty": 0.975609756097561,
    "base_top1_acc": 0.9535545023696682,
    "hir": 0.23759873617693522
  },
  "num_test_defined": 6330,
  "num_test_used": 6330,
  "class_labels": [
    "fam:Android",
    "fam:Linux",
    "fam:Windows",
    "fam:iOS",
    "fam:macOS"
  ]
}