{
  "level": "family",
  "alpha_B": 0.03,
  "m_cal": 6329,
  "q_hat_leaf_B": 0.9692980647087097,
  "metrics": {
    "coverage": 0.9892575039494471,
    "set_size_mean": 1.3131121642969985,
    "set_size_median": 1.0,
    "empty_rate": 0.0,
    "singleton_rate": 0.7530805687203791,
    "base_top1_acc": 0.9417061611374408,
    "top1_acc_non_empty": 0.9417061611374408,
    "hir": 0.0
  },
  "num_test_defined": 6330,
  "num_test_used": 6330,
  "class_labels": [
    "fam:Android",
    "fam:Linux",
    "fam:Windows",
    "fam:iOS",
    "fam:macOS"
  ]
}