{
  "level": "family",
  "alpha_B": 0.01,
  "m_cal": 6329,
  "q_hat_leaf_B": 0.9935315847396851,
  "metrics": {
    "coverage": 0.9949447077409163,
    "set_size_mean": 1.5454976303317536,
    "set_size_median": 1.0,
    "empty_rate": 0.0,
    "singleton_rate": 0.6208530805687204,
    "base_top1_acc": 0.9453396524486571,
    "top1_acc_non_empty": 0.9453396524486571,
    "hir": 0.0
  },
  "num_test_defined": 6330,
  "num_test_used": 6330,
  "class_labels": [
    "fam:Android",
    "fam:Linux",
    "fam:Windows",
    "fam:iOS",
    "fam:macOS"
  ]
}