{
  "level": "family",
  "alpha_B": 0.4,
  "m_cal": 6329,
  "q_hat_leaf_B": 0.291378915309906,
  "metrics": {
    "coverage": 0.6091627172195893,
    "set_size_mean": 0.6175355450236967,
    "set_size_median": 1.0,
    "empty_rate": 0.3824644549763033,
    "singleton_rate": 0.6175355450236967,
    "base_top1_acc": 0.9423380726698263,
    "top1_acc_non_empty": 0.9864415451522128,
    "hir": 0.0
  },
  "num_test_defined": 6330,
  "num_test_used": 6330,
  "class_labels": [
    "fam:Android",
    "fam:Linux",
    "fam:Windows",
    "fam:iOS",
    "fam:macOS"
  ]
}