{
  "level": "family",
  "alpha_LoUPCP": 0.15,
  "m_cal": 6329,
  "q_hat_leaf_LoUPCP": 0.7785494327545166,
  "metrics": {
    "coverage": 0.9496050552922591,
    "set_size_mean": 1.0315955766192733,
    "set_size_median": 1.0,
    "empty_rate": 0.012322274881516588,
    "singleton_rate": 0.9437598736176935,
    "base_top1_acc": 0.9417061611374408,
    "top1_acc_non_empty": 0.9454574536148432,
    "hir": 0.0
  },
  "num_test_defined": 6330,
  "num_test_used": 6330,
  "class_labels": [
    "fam:Android",
    "fam:Linux",
    "fam:Windows",
    "fam:iOS",
    "fam:macOS"
  ]
}