{
  "level": "family",
  "alpha_B": 0.04,
  "m_cal": 6329,
  "q_hat_leaf_B": 0.9563300013542175,
  "metrics": {
    "coverage": 0.9868878357030015,
    "set_size_mean": 1.2780410742496051,
    "set_size_median": 1.0,
    "empty_rate": 0.0,
    "singleton_rate": 0.7758293838862559,
    "base_top1_acc": 0.942654028436019,
    "top1_acc_non_empty": 0.942654028436019,
    "hir": 0.0
  },
  "num_test_defined": 6330,
  "num_test_used": 6330,
  "class_labels": [
    "fam:Android",
    "fam:Linux",
    "fam:Windows",
    "fam:iOS",
    "fam:macOS"
  ]
}