{
  "level": "family",
  "alpha_B": 0.5,
  "m_cal": 6329,
  "q_hat_leaf_B": 0.0643303394317627,
  "metrics": {
    "coverage": 0.49747235387045813,
    "set_size_mean": 0.5001579778830963,
    "set_size_median": 1.0,
    "empty_rate": 0.49984202211690365,
    "singleton_rate": 0.5001579778830963,
    "base_top1_acc": 0.9418641390205371,
    "top1_acc_non_empty": 0.994630448515477,
    "hir": 0.0
  },
  "num_test_defined": 6330,
  "num_test_used": 6330,
  "class_labels": [
    "fam:Android",
    "fam:Linux",
    "fam:Windows",
    "fam:iOS",
    "fam:macOS"
  ]
}