{
  "level": "family",
  "alpha_B": 0.2,
  "m_cal": 6329,
  "q_hat_leaf_B": 0.7590616345405579,
  "metrics": {
    "coverage": 0.9334913112164297,
    "set_size_mean": 1.0105845181674566,
    "set_size_median": 1.0,
    "empty_rate": 0.029225908372827805,
    "singleton_rate": 0.9309636650868879,
    "base_top1_acc": 0.9436018957345972,
    "top1_acc_non_empty": 0.94759967453214,
    "hir": 0.0
  },
  "num_test_defined": 6330,
  "num_test_used": 6330,
  "class_labels": [
    "fam:Android",
    "fam:Linux",
    "fam:Windows",
    "fam:iOS",
    "fam:macOS"
  ]
}