{
  "level": "family",
  "alpha_LoUPCP": 0.4,
  "m_cal": 6329,
  "q_hat_leaf_LoUPCP": 0.3144111633300781,
  "metrics": {
    "coverage": 0.624170616113744,
    "set_size_mean": 0.6339652448657188,
    "set_size_median": 1.0,
    "empty_rate": 0.3660347551342812,
    "singleton_rate": 0.6339652448657188,
    "base_top1_acc": 0.946129541864139,
    "top1_acc_non_empty": 0.9845502118116123,
    "hir": 0.0
  },
  "num_test_defined": 6330,
  "num_test_used": 6330,
  "class_labels": [
    "fam:Android",
    "fam:Linux",
    "fam:Windows",
    "fam:iOS",
    "fam:macOS"
  ]
}