{
  "level": "family",
  "alpha_LoUPCP": 0.3,
  "m_cal": 6329,
  "q_hat_leaf_LoUPCP": 0.6176118850708008,
  "metrics": {
    "coverage": 0.7924170616113744,
    "set_size_mean": 0.8375987361769353,
    "set_size_median": 1.0,
    "empty_rate": 0.176303317535545,
    "singleton_rate": 0.8097946287519747,
    "base_top1_acc": 0.9440758293838862,
    "top1_acc_non_empty": 0.9558879938626774,
    "hir": 0.0
  },
  "num_test_defined": 6330,
  "num_test_used": 6330,
  "class_labels": [
    "fam:Android",
    "fam:Linux",
    "fam:Windows",
    "fam:iOS",
    "fam:macOS"
  ]
}