{
  "level": "family",
  "alpha": 0.075,
  "m_k": 6329,
  "j": 5856,
  "quantile_step": 0.0001579778830963665,
  "q_hat": 0.19316446781158447,
  "metrics": {
    "coverage": 0.9265402843601895,
    "set_size_mean": 0.9473933649289099,
    "set_size_median": 1.0,
    "empty_rate": 0.05260663507109005,
    "singleton_rate": 0.9473933649289099,
    "top1_acc_non_empty": 0.9779889944972486,
    "base_top1_acc": 0.9546603475513428,
    "hir": 0.2537124802527646
  },
  "num_test_defined": 6330,
  "num_test_used": 6330,
  "class_labels": [
    "fam:Android",
    "fam:Linux",
    "fam:Windows",
    "fam:iOS",
    "fam:macOS"
  ]
}