{
  "level": "family",
  "alpha": 0.03,
  "m_k": 6329,
  "j": 6141,
  "quantile_step": 0.0001579778830963665,
  "q_hat": 0.762432336807251,
  "metrics": {
    "coverage": 0.9658767772511848,
    "set_size_mean": 1.031121642969984,
    "set_size_median": 1.0,
    "empty_rate": 0.0,
    "singleton_rate": 0.9691943127962085,
    "top1_acc_non_empty": 0.9524486571879937,
    "base_top1_acc": 0.9524486571879937,
    "hir": 0.35165876777251187
  },
  "num_test_defined": 6330,
  "num_test_used": 6330,
  "class_labels": [
    "fam:Android",
    "fam:Linux",
    "fam:Windows",
    "fam:iOS",
    "fam:macOS"
  ]
}