{
  "level": "family",
  "alpha": 0.3,
  "m_k": 6329,
  "j": 4431,
  "quantile_step": 0.0001579778830963665,
  "q_hat": 0.004185616970062256,
  "metrics": {
    "coverage": 0.7083728278041074,
    "set_size_mean": 0.7096366508688784,
    "set_size_median": 1.0,
    "empty_rate": 0.29036334913112166,
    "singleton_rate": 0.7096366508688784,
    "top1_acc_non_empty": 0.9982190560997328,
    "base_top1_acc": 0.9546603475513428,
    "hir": 0.36461295418641393
  },
  "num_test_defined": 6330,
  "num_test_used": 6330,
  "class_labels": [
    "fam:Android",
    "fam:Linux",
    "fam:Windows",
    "fam:iOS",
    "fam:macOS"
  ]
}