{
  "level": "family",
  "alpha": 0.04,
  "m_k": 6329,
  "j": 6077,
  "quantile_step": 0.0001579778830963665,
  "q_hat": 0.6260308027267456,
  "metrics": {
    "coverage": 0.9593996840442338,
    "set_size_mean": 1.0093206951026856,
    "set_size_median": 1.0,
    "empty_rate": 0.000315955766192733,
    "singleton_rate": 0.9900473933649289,
    "top1_acc_non_empty": 0.9551201011378002,
    "base_top1_acc": 0.9548183254344392,
    "hir": 0.33791469194312795
  },
  "num_test_defined": 6330,
  "num_test_used": 6330,
  "class_labels": [
    "fam:Android",
    "fam:Linux",
    "fam:Windows",
    "fam:iOS",
    "fam:macOS"
  ]
}