{
  "level": "family",
  "alpha": 0.075,
  "m_k": 6329,
  "j": 5856,
  "quantile_step": 0.0001579778830963665,
  "q_hat": 0.18443679809570312,
  "metrics": {
    "coverage": 0.9230647709320695,
    "set_size_mean": 0.9424960505529226,
    "set_size_median": 1.0,
    "empty_rate": 0.05750394944707741,
    "singleton_rate": 0.9424960505529226,
    "top1_acc_non_empty": 0.9793831713040563,
    "base_top1_acc": 0.955608214849921,
    "hir": 0.2484992101105845
  },
  "num_test_defined": 6330,
  "num_test_used": 6330,
  "class_labels": [
    "fam:Android",
    "fam:Linux",
    "fam:Windows",
    "fam:iOS",
    "fam:macOS"
  ]
}