{
  "level": "family",
  "alpha": 0.25,
  "m_k": 6329,
  "j": 4748,
  "quantile_step": 0.0001579778830963665,
  "q_hat": 0.009283661842346191,
  "metrics": {
    "coverage": 0.7488151658767772,
    "set_size_mean": 0.7515007898894155,
    "set_size_median": 1.0,
    "empty_rate": 0.2484992101105845,
    "singleton_rate": 0.7515007898894155,
    "top1_acc_non_empty": 0.996426319108682,
    "base_top1_acc": 0.9535545023696682,
    "hir": 0.37345971563981045
  },
  "num_test_defined": 6330,
  "num_test_used": 6330,
  "class_labels": [
    "fam:Android",
    "fam:Linux",
    "fam:Windows",
    "fam:iOS",
    "fam:macOS"
  ]
}