{
  "level": "family",
  "alpha": 0.15,
  "m_k": 6329,
  "j": 5381,
  "quantile_step": 0.0001579778830963665,
  "q_hat": 0.08285748958587646,
  "metrics": {
    "coverage": 0.8524486571879937,
    "set_size_mean": 0.8630331753554502,
    "set_size_median": 1.0,
    "empty_rate": 0.13696682464454976,
    "singleton_rate": 0.8630331753554502,
    "top1_acc_non_empty": 0.9877356763682958,
    "base_top1_acc": 0.9546603475513428,
    "hir": 0.27898894154818327
  },
  "num_test_defined": 6330,
  "num_test_used": 6330,
  "class_labels": [
    "fam:Android",
    "fam:Linux",
    "fam:Windows",
    "fam:iOS",
    "fam:macOS"
  ]
}