{
  "level": "family",
  "alpha": 0.05,
  "m_k": 6329,
  "j": 6014,
  "quantile_step": 0.0001579778830963665,
  "q_hat": 0.37704575061798096,
  "metrics": {
    "coverage": 0.9473933649289099,
    "set_size_mean": 0.9819905213270143,
    "set_size_median": 1.0,
    "empty_rate": 0.01800947867298578,
    "singleton_rate": 0.9819905213270143,
    "top1_acc_non_empty": 0.9647683397683398,
    "base_top1_acc": 0.9551342812006319,
    "hir": 0.2883096366508689
  },
  "num_test_defined": 6330,
  "num_test_used": 6330,
  "class_labels": [
    "fam:Android",
    "fam:Linux",
    "fam:Windows",
    "fam:iOS",
    "fam:macOS"
  ]
}