{
  "level": "family",
  "alpha": 0.02,
  "m_k": 6329,
  "j": 6204,
  "quantile_step": 0.0001579778830963665,
  "q_hat": 0.9149146676063538,
  "metrics": {
    "coverage": 0.9821484992101106,
    "set_size_mean": 1.1165876777251185,
    "set_size_median": 1.0,
    "empty_rate": 0.0,
    "singleton_rate": 0.8958925750394945,
    "top1_acc_non_empty": 0.9559241706161138,
    "base_top1_acc": 0.9559241706161138,
    "hir": 0.38957345971563984
  },
  "num_test_defined": 6330,
  "num_test_used": 6330,
  "class_labels": [
    "fam:Android",
    "fam:Linux",
    "fam:Windows",
    "fam:iOS",
    "fam:macOS"
  ]
}