{
  "level": "family",
  "alpha_B": 0.3,
  "m_cal": 6329,
  "q_hat_leaf_B": 0.6350821256637573,
  "metrics": {
    "coverage": 0.8011058451816746,
    "set_size_mean": 0.8486571879936808,
    "set_size_median": 1.0,
    "empty_rate": 0.16666666666666666,
    "singleton_rate": 0.8180094786729858,
    "base_top1_acc": 0.9434439178515008,
    "top1_acc_non_empty": 0.9541232227488151,
    "hir": 0.0
  },
  "num_test_defined": 6330,
  "num_test_used": 6330,
  "class_labels": [
    "fam:Android",
    "fam:Linux",
    "fam:Windows",
    "fam:iOS",
    "fam:macOS"
  ]
}