{
  "level": "family",
  "alpha_B": 0.1,
  "m_cal": 6329,
  "q_hat_leaf_B": 0.8314955234527588,
  "metrics": {
    "coverage": 0.963349131121643,
    "set_size_mean": 1.0619273301737757,
    "set_size_median": 1.0,
    "empty_rate": 0.00047393364928909954,
    "singleton_rate": 0.9391785150078988,
    "base_top1_acc": 0.9424960505529226,
    "top1_acc_non_empty": 0.9429429429429429,
    "hir": 0.0
  },
  "num_test_defined": 6330,
  "num_test_used": 6330,
  "class_labels": [
    "fam:Android",
    "fam:Linux",
    "fam:Windows",
    "fam:iOS",
    "fam:macOS"
  ]
}