{
  "level": "family",
  "alpha": 0.2,
  "m_k": 6329,
  "j": 5064,
  "quantile_step": 0.0001579778830963665,
  "q_hat": 0.035236477851867676,
  "metrics": {
    "coverage": 0.8044233807266983,
    "set_size_mean": 0.8085308056872038,
    "set_size_median": 1.0,
    "empty_rate": 0.19146919431279621,
    "singleton_rate": 0.8085308056872038,
    "top1_acc_non_empty": 0.9949198905822587,
    "base_top1_acc": 0.9541864139020537,
    "hir": 0.3325434439178515
  },
  "num_test_defined": 6330,
  "num_test_used": 6330,
  "class_labels": [
    "fam:Android",
    "fam:Linux",
    "fam:Windows",
    "fam:iOS",
    "fam:macOS"
  ]
}