{
  "level": "family",
  "alpha_LoUPCP": 0.075,
  "m_cal": 6329,
  "q_hat_leaf_LoUPCP": 0.8932449817657471,
  "metrics": {
    "coverage": 0.9680884676145339,
    "set_size_mean": 1.0984202211690364,
    "set_size_median": 1.0,
    "empty_rate": 0.0,
    "singleton_rate": 0.9104265402843602,
    "base_top1_acc": 0.9383886255924171,
    "top1_acc_non_empty": 0.9383886255924171,
    "hir": 0.0
  },
  "num_test_defined": 6330,
  "num_test_used": 6330,
  "class_labels": [
    "fam:Android",
    "fam:Linux",
    "fam:Windows",
    "fam:iOS",
    "fam:macOS"
  ]
}