{
  "level": "family",
  "alpha_LoUPCP": 0.2,
  "m_cal": 6329,
  "q_hat_leaf_LoUPCP": 0.7700327038764954,
  "metrics": {
    "coverage": 0.939652448657188,
    "set_size_mean": 1.0213270142180095,
    "set_size_median": 1.0,
    "empty_rate": 0.021169036334913113,
    "singleton_rate": 0.9363349131121643,
    "base_top1_acc": 0.9394944707740917,
    "top1_acc_non_empty": 0.9438347320852163,
    "hir": 0.0
  },
  "num_test_defined": 6330,
  "num_test_used": 6330,
  "class_labels": [
    "fam:Android",
    "fam:Linux",
    "fam:Windows",
    "fam:iOS",
    "fam:macOS"
  ]
}