{
  "level": "family",
  "alpha_LoUPCP": 0.45,
  "m_cal": 6329,
  "q_hat_leaf_LoUPCP": 0.15363961458206177,
  "metrics": {
    "coverage": 0.5511848341232227,
    "set_size_mean": 0.5559241706161138,
    "set_size_median": 1.0,
    "empty_rate": 0.44407582938388623,
    "singleton_rate": 0.5559241706161138,
    "base_top1_acc": 0.9448657187993681,
    "top1_acc_non_empty": 0.9914748508098892,
    "hir": 0.0
  },
  "num_test_defined": 6330,
  "num_test_used": 6330,
  "class_labels": [
    "fam:Android",
    "fam:Linux",
    "fam:Windows",
    "fam:iOS",
    "fam:macOS"
  ]
}