{
  "level": "family",
  "alpha_LoUPCP": 0.5,
  "m_cal": 6329,
  "q_hat_leaf_LoUPCP": 0.06859976053237915,
  "metrics": {
    "coverage": 0.5045813586097946,
    "set_size_mean": 0.5072669826224329,
    "set_size_median": 1.0,
    "empty_rate": 0.49273301737756714,
    "singleton_rate": 0.5072669826224329,
    "base_top1_acc": 0.9415481832543444,
    "top1_acc_non_empty": 0.9947056991591404,
    "hir": 0.0
  },
  "num_test_defined": 6330,
  "num_test_used": 6330,
  "class_labels": [
    "fam:Android",
    "fam:Linux",
    "fam:Windows",
    "fam:iOS",
    "fam:macOS"
  ]
}