{
  "level": "family",
  "alpha_LoUPCP": 0.4,
  "m_cal": 6329,
  "q_hat_leaf_LoUPCP": 0.3226073980331421,
  "metrics": {
    "coverage": 0.6293838862559241,
    "set_size_mean": 0.6391785150078989,
    "set_size_median": 1.0,
    "empty_rate": 0.3608214849921011,
    "singleton_rate": 0.6391785150078989,
    "base_top1_acc": 0.9407582938388626,
    "top1_acc_non_empty": 0.9846762234305487,
    "hir": 0.0
  },
  "num_test_defined": 6330,
  "num_test_used": 6330,
  "class_labels": [
    "fam:Android",
    "fam:Linux",
    "fam:Windows",
    "fam:iOS",
    "fam:macOS"
  ]
}