{
  "level": "family",
  "alpha_LoUPCP": 0.25,
  "m_cal": 6329,
  "q_hat_leaf_LoUPCP": 0.7068239450454712,
  "metrics": {
    "coverage": 0.8843601895734597,
    "set_size_mean": 0.9537124802527646,
    "set_size_median": 1.0,
    "empty_rate": 0.07835703001579779,
    "singleton_rate": 0.8895734597156398,
    "base_top1_acc": 0.9458135860979463,
    "top1_acc_non_empty": 0.9501199862872814,
    "hir": 0.0
  },
  "num_test_defined": 6330,
  "num_test_used": 6330,
  "class_labels": [
    "fam:Android",
    "fam:Linux",
    "fam:Windows",
    "fam:iOS",
    "fam:macOS"
  ]
}