{
  "level": "family",
  "alpha_LoUPCP": 0.4,
  "m_cal": 6329,
  "q_hat_leaf_LoUPCP": 0.31118929386138916,
  "metrics": {
    "coverage": 0.6230647709320695,
    "set_size_mean": 0.6325434439178516,
    "set_size_median": 1.0,
    "empty_rate": 0.3674565560821485,
    "singleton_rate": 0.6325434439178516,
    "base_top1_acc": 0.9421800947867298,
    "top1_acc_non_empty": 0.985014985014985,
    "hir": 0.0
  },
  "num_test_defined": 6330,
  "num_test_used": 6330,
  "class_labels": [
    "fam:Android",
    "fam:Linux",
    "fam:Windows",
    "fam:iOS",
    "fam:macOS"
  ]
}