{
  "level": "family",
  "alpha_LoUPCP": 0.25,
  "m_cal": 6329,
  "q_hat_leaf_LoUPCP": 0.693006694316864,
  "metrics": {
    "coverage": 0.8627172195892575,
    "set_size_mean": 0.9315955766192733,
    "set_size_median": 1.0,
    "empty_rate": 0.09778830963665087,
    "singleton_rate": 0.872827804107425,
    "base_top1_acc": 0.940126382306477,
    "top1_acc_non_empty": 0.9455436876203818,
    "hir": 0.0
  },
  "num_test_defined": 6330,
  "num_test_used": 6330,
  "class_labels": [
    "fam:Android",
    "fam:Linux",
    "fam:Windows",
    "fam:iOS",
    "fam:macOS"
  ]
}