{
  "level": "family",
  "alpha_LoUPCP": 0.1,
  "m_cal": 6329,
  "q_hat_leaf_LoUPCP": 0.8311080932617188,
  "metrics": {
    "coverage": 0.9625592417061611,
    "set_size_mean": 1.0614533965244866,
    "set_size_median": 1.0,
    "empty_rate": 0.0011058451816745656,
    "singleton_rate": 0.9375987361769352,
    "base_top1_acc": 0.9440758293838862,
    "top1_acc_non_empty": 0.9449628340977384,
    "hir": 0.0
  },
  "num_test_defined": 6330,
  "num_test_used": 6330,
  "class_labels": [
    "fam:Android",
    "fam:Linux",
    "fam:Windows",
    "fam:iOS",
    "fam:macOS"
  ]
}