{
  "level": "family",
  "alpha_B": 0.25,
  "m_cal": 6329,
  "q_hat_leaf_B": 0.7046181559562683,
  "metrics": {
    "coverage": 0.8846761453396524,
    "set_size_mean": 0.9535545023696682,
    "set_size_median": 1.0,
    "empty_rate": 0.07851500789889415,
    "singleton_rate": 0.8894154818325435,
    "base_top1_acc": 0.946129541864139,
    "top1_acc_non_empty": 0.9501114349391394,
    "hir": 0.0
  },
  "num_test_defined": 6330,
  "num_test_used": 6330,
  "class_labels": [
    "fam:Android",
    "fam:Linux",
    "fam:Windows",
    "fam:iOS",
    "fam:macOS"
  ]
}