{
  "level": "family",
  "alpha": 0.05,
  "m_k": 6329,
  "j": 6014,
  "quantile_step": 0.0001579778830963665,
  "q_hat": 0.4209274649620056,
  "metrics": {
    "coverage": 0.9530805687203792,
    "set_size_mean": 0.9908372827804107,
    "set_size_median": 1.0,
    "empty_rate": 0.009162717219589257,
    "singleton_rate": 0.9908372827804107,
    "top1_acc_non_empty": 0.9618941326530612,
    "base_top1_acc": 0.9549763033175356,
    "hir": 0.295260663507109
  },
  "num_test_defined": 6330,
  "num_test_used": 6330,
  "class_labels": [
    "fam:Android",
    "fam:Linux",
    "fam:Windows",
    "fam:iOS",
    "fam:macOS"
  ]
}