{
  "level": "family",
  "alpha": 0.05,
  "m_k": 6329,
  "j": 6014,
  "quantile_step": 0.0001579778830963665,
  "q_hat": 0.46614038944244385,
  "metrics": {
    "coverage": 0.9560821484992101,
    "set_size_mean": 0.993522906793049,
    "set_size_median": 1.0,
    "empty_rate": 0.006477093206951027,
    "singleton_rate": 0.993522906793049,
    "top1_acc_non_empty": 0.9623151534425187,
    "base_top1_acc": 0.9576619273301737,
    "hir": 0.3211690363349131
  },
  "num_test_defined": 6330,
  "num_test_used": 6330,
  "class_labels": [
    "fam:Android",
    "fam:Linux",
    "fam:Windows",
    "fam:iOS",
    "fam:macOS"
  ]
}