{
  "level": "family",
  "alpha_B": 0.3,
  "m_cal": 6329,
  "q_hat_leaf_B": 0.6229615211486816,
  "metrics": {
    "coverage": 0.7930489731437599,
    "set_size_mean": 0.8388625592417062,
    "set_size_median": 1.0,
    "empty_rate": 0.17567140600315956,
    "singleton_rate": 0.8097946287519747,
    "base_top1_acc": 0.9434439178515008,
    "top1_acc_non_empty": 0.9563050977385972,
    "hir": 0.0
  },
  "num_test_defined": 6330,
  "num_test_used": 6330,
  "class_labels": [
    "fam:Android",
    "fam:Linux",
    "fam:Windows",
    "fam:iOS",
    "fam:macOS"
  ]
}