{
  "level": "family",
  "alpha": 0.04,
  "m_k": 6329,
  "j": 6077,
  "quantile_step": 0.0001579778830963665,
  "q_hat": 0.6299471259117126,
  "metrics": {
    "coverage": 0.9598736176935229,
    "set_size_mean": 1.0066350710900474,
    "set_size_median": 1.0,
    "empty_rate": 0.00047393364928909954,
    "singleton_rate": 0.9924170616113744,
    "top1_acc_non_empty": 0.9554291133238502,
    "base_top1_acc": 0.9549763033175356,
    "hir": 0.33096366508688785
  },
  "num_test_defined": 6330,
  "num_test_used": 6330,
  "class_labels": [
    "fam:Android",
    "fam:Linux",
    "fam:Windows",
    "fam:iOS",
    "fam:macOS"
  ]
}