{
  "level": "family",
  "alpha_B": 0.5,
  "m_cal": 6329,
  "q_hat_leaf_B": 0.06784743070602417,
  "metrics": {
    "coverage": 0.5026856240126383,
    "set_size_mean": 0.5063191153238547,
    "set_size_median": 1.0,
    "empty_rate": 0.49368088467614535,
    "singleton_rate": 0.5063191153238547,
    "base_top1_acc": 0.9406003159557662,
    "top1_acc_non_empty": 0.9928237129485179,
    "hir": 0.0
  },
  "num_test_defined": 6330,
  "num_test_used": 6330,
  "class_labels": [
    "fam:Android",
    "fam:Linux",
    "fam:Windows",
    "fam:iOS",
    "fam:macOS"
  ]
}