{
  "level": "family",
  "alpha": 0.01,
  "m_k": 6329,
  "j": 6267,
  "quantile_step": 0.0001579778830963665,
  "q_hat": 0.9541138410568237,
  "metrics": {
    "coverage": 0.9911532385466034,
    "set_size_mean": 1.233649289099526,
    "set_size_median": 1.0,
    "empty_rate": 0.0,
    "singleton_rate": 0.8175355450236966,
    "top1_acc_non_empty": 0.9571879936808847,
    "base_top1_acc": 0.9571879936808847,
    "hir": 0.5162717219589258
  },
  "num_test_defined": 6330,
  "num_test_used": 6330,
  "class_labels": [
    "fam:Android",
    "fam:Linux",
    "fam:Windows",
    "fam:iOS",
    "fam:macOS"
  ]
}