coverage_mean,coverage_std,set_size_mean_mean,set_size_mean_std,set_size_median_mean,set_size_median_std,empty_rate_mean,empty_rate_std,singleton_rate_mean,singleton_rate_std,top1_acc_non_empty_mean,top1_acc_non_empty_std,base_top1_acc_mean,base_top1_acc_std,hir_mean,hir_std
0.7116240126382302,0.005796583342811503,0.7335197472353867,0.006001181538739234,1.0,0.0,0.26648025276461246,0.006001181538739181,0.7335197472353867,0.006001181538739234,0.9701515439530952,0.0017200224607121554,0.9429921011058449,0.0024060378658800194,0.0,0.0
