{
  "level": "family",
  "alpha": 0.1,
  "m_k": 6329,
  "j": 5697,
  "quantile_step": 0.0001579778830963665,
  "q_hat": 0.12493830919265747,
  "metrics": {
    "coverage": 0.8965244865718799,
    "set_size_mean": 0.909952606635071,
    "set_size_median": 1.0,
    "empty_rate": 0.09004739336492891,
    "singleton_rate": 0.909952606635071,
    "top1_acc_non_empty": 0.9852430555555556,
    "base_top1_acc": 0.9546603475513428,
    "hir": 0.23791469194312795
  },
  "num_test_defined": 6330,
  "num_test_used": 6330,
  "class_labels": [
    "fam:Android",
    "fam:Linux",
    "fam:Windows",
    "fam:iOS",
    "fam:macOS"
  ]
}