{
  "level": "family",
  "alpha": 0.3,
  "m_k": 6329,
  "j": 4431,
  "quantile_step": 0.0001579778830963665,
  "q_hat": 0.004236459732055664,
  "metrics": {
    "coverage": 0.7091627172195892,
    "set_size_mean": 0.7109004739336493,
    "set_size_median": 1.0,
    "empty_rate": 0.2890995260663507,
    "singleton_rate": 0.7109004739336493,
    "top1_acc_non_empty": 0.9975555555555555,
    "base_top1_acc": 0.9559241706161138,
    "hir": 0.36334913112164297
  },
  "num_test_defined": 6330,
  "num_test_used": 6330,
  "class_labels": [
    "fam:Android",
    "fam:Linux",
    "fam:Windows",
    "fam:iOS",
    "fam:macOS"
  ]
}