{
  "level": "family",
  "alpha_B": 0.45,
  "m_cal": 6329,
  "q_hat_leaf_B": 0.1688109040260315,
  "metrics": {
    "coverage": 0.5611374407582939,
    "set_size_mean": 0.5660347551342813,
    "set_size_median": 1.0,
    "empty_rate": 0.4339652448657188,
    "singleton_rate": 0.5660347551342813,
    "base_top1_acc": 0.9436018957345972,
    "top1_acc_non_empty": 0.9913480323751047,
    "hir": 0.0
  },
  "num_test_defined": 6330,
  "num_test_used": 6330,
  "class_labels": [
    "fam:Android",
    "fam:Linux",
    "fam:Windows",
    "fam:iOS",
    "fam:macOS"
  ]
}