{
  "level": "family",
  "alpha": 0.2,
  "m_k": 6329,
  "j": 5064,
  "quantile_step": 0.0001579778830963665,
  "q_hat": 0.034829556941986084,
  "metrics": {
    "coverage": 0.8033175355450237,
    "set_size_mean": 0.8088467614533965,
    "set_size_median": 1.0,
    "empty_rate": 0.1911532385466035,
    "singleton_rate": 0.8088467614533965,
    "top1_acc_non_empty": 0.9931640625,
    "base_top1_acc": 0.9529225908372828,
    "hir": 0.32748815165876777
  },
  "num_test_defined": 6330,
  "num_test_used": 6330,
  "class_labels": [
    "fam:Android",
    "fam:Linux",
    "fam:Windows",
    "fam:iOS",
    "fam:macOS"
  ]
}