{
  "level": "family",
  "alpha": 0.45,
  "m_k": 6329,
  "j": 3482,
  "quantile_step": 0.0001579778830963665,
  "q_hat": 0.0004824399948120117,
  "metrics": {
    "coverage": 0.5515007898894155,
    "set_size_mean": 0.5522906793048973,
    "set_size_median": 1.0,
    "empty_rate": 0.44770932069510266,
    "singleton_rate": 0.5522906793048973,
    "top1_acc_non_empty": 0.9985697940503433,
    "base_top1_acc": 0.9537124802527646,
    "hir": 0.23143759873617695
  },
  "num_test_defined": 6330,
  "num_test_used": 6330,
  "class_labels": [
    "fam:Android",
    "fam:Linux",
    "fam:Windows",
    "fam:iOS",
    "fam:macOS"
  ]
}