{
  "level": "family",
  "alpha_B": 0.5,
  "m_cal": 6329,
  "q_hat_leaf_B": 0.062015414237976074,
  "metrics": {
    "coverage": 0.49320695102685624,
    "set_size_mean": 0.4955766192733017,
    "set_size_median": 0.0,
    "empty_rate": 0.5044233807266982,
    "singleton_rate": 0.4955766192733017,
    "base_top1_acc": 0.942654028436019,
    "top1_acc_non_empty": 0.9952183614918713,
    "hir": 0.0
  },
  "num_test_defined": 6330,
  "num_test_used": 6330,
  "class_labels": [
    "fam:Android",
    "fam:Linux",
    "fam:Windows",
    "fam:iOS",
    "fam:macOS"
  ]
}