{
  "level": "family",
  "alpha_LoUPCP": 0.03,
  "m_cal": 6329,
  "q_hat_leaf_LoUPCP": 0.9687417149543762,
  "metrics": {
    "coverage": 0.9889415481832543,
    "set_size_mean": 1.3083728278041074,
    "set_size_median": 1.0,
    "empty_rate": 0.0,
    "singleton_rate": 0.7581358609794628,
    "base_top1_acc": 0.9440758293838862,
    "top1_acc_non_empty": 0.9440758293838862,
    "hir": 0.0
  },
  "num_test_defined": 6330,
  "num_test_used": 6330,
  "class_labels": [
    "fam:Android",
    "fam:Linux",
    "fam:Windows",
    "fam:iOS",
    "fam:macOS"
  ]
}