{
  "level": "family",
  "alpha": 0.04,
  "m_k": 6329,
  "j": 6077,
  "quantile_step": 0.0001579778830963665,
  "q_hat": 0.5886812210083008,
  "metrics": {
    "coverage": 0.9552922590837283,
    "set_size_mean": 1.0022116903633491,
    "set_size_median": 1.0,
    "empty_rate": 0.001263823064770932,
    "singleton_rate": 0.995260663507109,
    "top1_acc_non_empty": 0.9541284403669725,
    "base_top1_acc": 0.9532385466034755,
    "hir": 0.3387045813586098
  },
  "num_test_defined": 6330,
  "num_test_used": 6330,
  "class_labels": [
    "fam:Android",
    "fam:Linux",
    "fam:Windows",
    "fam:iOS",
    "fam:macOS"
  ]
}