{
  "level": "family",
  "alpha": 0.35,
  "m_k": 6329,
  "j": 4115,
  "quantile_step": 0.0001579778830963665,
  "q_hat": 0.001903831958770752,
  "metrics": {
    "coverage": 0.6417061611374407,
    "set_size_mean": 0.6429699842022117,
    "set_size_median": 1.0,
    "empty_rate": 0.3570300157977883,
    "singleton_rate": 0.6429699842022117,
    "top1_acc_non_empty": 0.9980343980343981,
    "base_top1_acc": 0.9513428120063191,
    "hir": 0.2755134281200632
  },
  "num_test_defined": 6330,
  "num_test_used": 6330,
  "class_labels": [
    "fam:Android",
    "fam:Linux",
    "fam:Windows",
    "fam:iOS",
    "fam:macOS"
  ]
}