{
  "level": "family",
  "alpha": 0.35,
  "m_k": 6329,
  "j": 4115,
  "quantile_step": 0.0001579778830963665,
  "q_hat": 0.002003014087677002,
  "metrics": {
    "coverage": 0.6486571879936809,
    "set_size_mean": 0.6494470774091627,
    "set_size_median": 1.0,
    "empty_rate": 0.35055292259083726,
    "singleton_rate": 0.6494470774091627,
    "top1_acc_non_empty": 0.9987837509121869,
    "base_top1_acc": 0.957345971563981,
    "hir": 0.28199052132701424
  },
  "num_test_defined": 6330,
  "num_test_used": 6330,
  "class_labels": [
    "fam:Android",
    "fam:Linux",
    "fam:Windows",
    "fam:iOS",
    "fam:macOS"
  ]
}