{
  "level": "family",
  "alpha_B": 0.3,
  "m_cal": 6329,
  "q_hat_leaf_B": 0.6300901174545288,
  "metrics": {
    "coverage": 0.7985781990521327,
    "set_size_mean": 0.8418641390205371,
    "set_size_median": 1.0,
    "empty_rate": 0.17266982622432858,
    "singleton_rate": 0.8127962085308057,
    "base_top1_acc": 0.9466034755134282,
    "top1_acc_non_empty": 0.958755012411686,
    "hir": 0.0
  },
  "num_test_defined": 6330,
  "num_test_used": 6330,
  "class_labels": [
    "fam:Android",
    "fam:Linux",
    "fam:Windows",
    "fam:iOS",
    "fam:macOS"
  ]
}