{
  "level": "family",
  "alpha": 0.075,
  "m_k": 6329,
  "j": 5856,
  "quantile_step": 0.0001579778830963665,
  "q_hat": 0.18443667888641357,
  "metrics": {
    "coverage": 0.922432859399684,
    "set_size_mean": 0.9437598736176935,
    "set_size_median": 1.0,
    "empty_rate": 0.05624012638230648,
    "singleton_rate": 0.9437598736176935,
    "top1_acc_non_empty": 0.9774020756611985,
    "base_top1_acc": 0.9546603475513428,
    "hir": 0.24170616113744076
  },
  "num_test_defined": 6330,
  "num_test_used": 6330,
  "class_labels": [
    "fam:Android",
    "fam:Linux",
    "fam:Windows",
    "fam:iOS",
    "fam:macOS"
  ]
}