{
  "level": "family",
  "alpha_B": 0.2,
  "m_cal": 6329,
  "q_hat_leaf_B": 0.7645601034164429,
  "metrics": {
    "coverage": 0.9404423380726699,
    "set_size_mean": 1.0187993680884677,
    "set_size_median": 1.0,
    "empty_rate": 0.022906793048973143,
    "singleton_rate": 0.9353870458135861,
    "base_top1_acc": 0.946129541864139,
    "top1_acc_non_empty": 0.9487469684721099,
    "hir": 0.0
  },
  "num_test_defined": 6330,
  "num_test_used": 6330,
  "class_labels": [
    "fam:Android",
    "fam:Linux",
    "fam:Windows",
    "fam:iOS",
    "fam:macOS"
  ]
}