{
  "level": "family",
  "alpha": 0.45,
  "m_k": 6329,
  "j": 3482,
  "quantile_step": 0.0001579778830963665,
  "q_hat": 0.0004572868347167969,
  "metrics": {
    "coverage": 0.5456556082148499,
    "set_size_mean": 0.5459715639810426,
    "set_size_median": 1.0,
    "empty_rate": 0.45402843601895737,
    "singleton_rate": 0.5459715639810426,
    "top1_acc_non_empty": 0.9994212962962963,
    "base_top1_acc": 0.9546603475513428,
    "hir": 0.23507109004739338
  },
  "num_test_defined": 6330,
  "num_test_used": 6330,
  "class_labels": [
    "fam:Android",
    "fam:Linux",
    "fam:Windows",
    "fam:iOS",
    "fam:macOS"
  ]
}