{
  "level": "family",
  "alpha": 0.2,
  "m_k": 6329,
  "j": 5064,
  "quantile_step": 0.0001579778830963665,
  "q_hat": 0.035236477851867676,
  "metrics": {
    "coverage": 0.8060031595576619,
    "set_size_mean": 0.8118483412322275,
    "set_size_median": 1.0,
    "empty_rate": 0.1881516587677725,
    "singleton_rate": 0.8118483412322275,
    "top1_acc_non_empty": 0.9928001556723098,
    "base_top1_acc": 0.9575039494470774,
    "hir": 0.3293838862559242
  },
  "num_test_defined": 6330,
  "num_test_used": 6330,
  "class_labels": [
    "fam:Android",
    "fam:Linux",
    "fam:Windows",
    "fam:iOS",
    "fam:macOS"
  ]
}