{
  "level": "family",
  "alpha": 0.45,
  "m_k": 6329,
  "j": 3482,
  "quantile_step": 0.0001579778830963665,
  "q_hat": 0.000507354736328125,
  "metrics": {
    "coverage": 0.5587677725118484,
    "set_size_mean": 0.5592417061611374,
    "set_size_median": 1.0,
    "empty_rate": 0.44075829383886256,
    "singleton_rate": 0.5592417061611374,
    "top1_acc_non_empty": 0.9991525423728813,
    "base_top1_acc": 0.9571879936808847,
    "hir": 0.23143759873617695
  },
  "num_test_defined": 6330,
  "num_test_used": 6330,
  "class_labels": [
    "fam:Android",
    "fam:Linux",
    "fam:Windows",
    "fam:iOS",
    "fam:macOS"
  ]
}