{
  "level": "family",
  "alpha_LoUPCP": 0.25,
  "m_cal": 6329,
  "q_hat_leaf_LoUPCP": 0.693006694316864,
  "metrics": {
    "coverage": 0.865086887835703,
    "set_size_mean": 0.9300157977883097,
    "set_size_median": 1.0,
    "empty_rate": 0.0981042654028436,
    "singleton_rate": 0.8737756714060032,
    "base_top1_acc": 0.943127962085308,
    "top1_acc_non_empty": 0.9492030127868278,
    "hir": 0.0
  },
  "num_test_defined": 6330,
  "num_test_used": 6330,
  "class_labels": [
    "fam:Android",
    "fam:Linux",
    "fam:Windows",
    "fam:iOS",
    "fam:macOS"
  ]
}