{
  "level": "family",
  "alpha": 0.1,
  "m_k": 6329,
  "j": 5697,
  "quantile_step": 0.0001579778830963665,
  "q_hat": 0.13185787200927734,
  "metrics": {
    "coverage": 0.9045813586097946,
    "set_size_mean": 0.9210110584518167,
    "set_size_median": 1.0,
    "empty_rate": 0.07898894154818326,
    "singleton_rate": 0.9210110584518167,
    "top1_acc_non_empty": 0.9821612349914237,
    "base_top1_acc": 0.9549763033175356,
    "hir": 0.23791469194312795
  },
  "num_test_defined": 6330,
  "num_test_used": 6330,
  "class_labels": [
    "fam:Android",
    "fam:Linux",
    "fam:Windows",
    "fam:iOS",
    "fam:macOS"
  ]
}