{
  "level": "family",
  "alpha_LoUPCP": 0.2,
  "m_cal": 6329,
  "q_hat_leaf_LoUPCP": 0.7654081583023071,
  "metrics": {
    "coverage": 0.9377567140600316,
    "set_size_mean": 1.0154818325434438,
    "set_size_median": 1.0,
    "empty_rate": 0.024644549763033177,
    "singleton_rate": 0.9352290679304898,
    "base_top1_acc": 0.9440758293838862,
    "top1_acc_non_empty": 0.9481697440881114,
    "hir": 0.0
  },
  "num_test_defined": 6330,
  "num_test_used": 6330,
  "class_labels": [
    "fam:Android",
    "fam:Linux",
    "fam:Windows",
    "fam:iOS",
    "fam:macOS"
  ]
}