{
  "level": "family",
  "alpha": 0.02,
  "m_k": 6329,
  "j": 6204,
  "quantile_step": 0.0001579778830963665,
  "q_hat": 0.9052125215530396,
  "metrics": {
    "coverage": 0.9770932069510269,
    "set_size_mean": 1.0864139020537125,
    "set_size_median": 1.0,
    "empty_rate": 0.0,
    "singleton_rate": 0.9218009478672986,
    "top1_acc_non_empty": 0.9546603475513428,
    "base_top1_acc": 0.9546603475513428,
    "hir": 0.40616113744075827
  },
  "num_test_defined": 6330,
  "num_test_used": 6330,
  "class_labels": [
    "fam:Android",
    "fam:Linux",
    "fam:Windows",
    "fam:iOS",
    "fam:macOS"
  ]
}