{
  "level": "family",
  "alpha": 0.25,
  "m_k": 6329,
  "j": 4748,
  "quantile_step": 0.0001579778830963665,
  "q_hat": 0.009207963943481445,
  "metrics": {
    "coverage": 0.7481832543443918,
    "set_size_mean": 0.752132701421801,
    "set_size_median": 1.0,
    "empty_rate": 0.24786729857819906,
    "singleton_rate": 0.752132701421801,
    "top1_acc_non_empty": 0.994749002310439,
    "base_top1_acc": 0.9545023696682464,
    "hir": 0.37187993680884673
  },
  "num_test_defined": 6330,
  "num_test_used": 6330,
  "class_labels": [
    "fam:Android",
    "fam:Linux",
    "fam:Windows",
    "fam:iOS",
    "fam:macOS"
  ]
}