{
  "level": "family",
  "alpha_B": 0.35,
  "m_cal": 6329,
  "q_hat_leaf_B": 0.4978199601173401,
  "metrics": {
    "coverage": 0.714218009478673,
    "set_size_mean": 0.7371248025276461,
    "set_size_median": 1.0,
    "empty_rate": 0.2628751974723539,
    "singleton_rate": 0.7371248025276461,
    "base_top1_acc": 0.9393364928909953,
    "top1_acc_non_empty": 0.9689241320188599,
    "hir": 0.0
  },
  "num_test_defined": 6330,
  "num_test_used": 6330,
  "class_labels": [
    "fam:Android",
    "fam:Linux",
    "fam:Windows",
    "fam:iOS",
    "fam:macOS"
  ]
}