{
  "level": "family",
  "alpha_B": 0.25,
  "m_cal": 6329,
  "q_hat_leaf_B": 0.709941029548645,
  "metrics": {
    "coverage": 0.8870458135860979,
    "set_size_mean": 0.955608214849921,
    "set_size_median": 1.0,
    "empty_rate": 0.07709320695102685,
    "singleton_rate": 0.8902053712480252,
    "base_top1_acc": 0.9451816745655608,
    "top1_acc_non_empty": 0.9496747689147552,
    "hir": 0.0
  },
  "num_test_defined": 6330,
  "num_test_used": 6330,
  "class_labels": [
    "fam:Android",
    "fam:Linux",
    "fam:Windows",
    "fam:iOS",
    "fam:macOS"
  ]
}