{
  "level": "family",
  "alpha_B": 0.01,
  "m_cal": 6329,
  "q_hat_leaf_B": 0.995257556438446,
  "metrics": {
    "coverage": 0.9968404423380727,
    "set_size_mean": 1.6293838862559242,
    "set_size_median": 1.0,
    "empty_rate": 0.0,
    "singleton_rate": 0.5631911532385466,
    "base_top1_acc": 0.944391785150079,
    "top1_acc_non_empty": 0.944391785150079,
    "hir": 0.0
  },
  "num_test_defined": 6330,
  "num_test_used": 6330,
  "class_labels": [
    "fam:Android",
    "fam:Linux",
    "fam:Windows",
    "fam:iOS",
    "fam:macOS"
  ]
}