{
  "level": "family",
  "alpha_LoUPCP": 0.4,
  "m_cal": 6329,
  "q_hat_leaf_LoUPCP": 0.3035215735435486,
  "metrics": {
    "coverage": 0.6192733017377567,
    "set_size_mean": 0.6278041074249605,
    "set_size_median": 1.0,
    "empty_rate": 0.3721958925750395,
    "singleton_rate": 0.6278041074249605,
    "base_top1_acc": 0.9417061611374408,
    "top1_acc_non_empty": 0.9864116758933065,
    "hir": 0.0
  },
  "num_test_defined": 6330,
  "num_test_used": 6330,
  "class_labels": [
    "fam:Android",
    "fam:Linux",
    "fam:Windows",
    "fam:iOS",
    "fam:macOS"
  ]
}