{
  "level": "family",
  "alpha_B": 0.2,
  "m_cal": 6329,
  "q_hat_leaf_B": 0.7639286518096924,
  "metrics": {
    "coverage": 0.9402843601895735,
    "set_size_mean": 1.0176935229067932,
    "set_size_median": 1.0,
    "empty_rate": 0.023222748815165877,
    "singleton_rate": 0.9358609794628752,
    "base_top1_acc": 0.9448657187993681,
    "top1_acc_non_empty": 0.9475982532751092,
    "hir": 0.0
  },
  "num_test_defined": 6330,
  "num_test_used": 6330,
  "class_labels": [
    "fam:Android",
    "fam:Linux",
    "fam:Windows",
    "fam:iOS",
    "fam:macOS"
  ]
}