{
  "level": "family",
  "alpha": 0.4,
  "m_k": 6329,
  "j": 3798,
  "quantile_step": 0.0001579778830963665,
  "q_hat": 0.0009437203407287598,
  "metrics": {
    "coverage": 0.5996840442338073,
    "set_size_mean": 0.6004739336492891,
    "set_size_median": 1.0,
    "empty_rate": 0.3995260663507109,
    "singleton_rate": 0.6004739336492891,
    "top1_acc_non_empty": 0.9986845566956064,
    "base_top1_acc": 0.9546603475513428,
    "hir": 0.24091627172195892
  },
  "num_test_defined": 6330,
  "num_test_used": 6330,
  "class_labels": [
    "fam:Android",
    "fam:Linux",
    "fam:Windows",
    "fam:iOS",
    "fam:macOS"
  ]
}