{
  "level": "family",
  "alpha_LoUPCP": 0.45,
  "m_cal": 6329,
  "q_hat_leaf_LoUPCP": 0.15363210439682007,
  "metrics": {
    "coverage": 0.55086887835703,
    "set_size_mean": 0.5548183254344392,
    "set_size_median": 1.0,
    "empty_rate": 0.44518167456556085,
    "singleton_rate": 0.5548183254344392,
    "base_top1_acc": 0.9417061611374408,
    "top1_acc_non_empty": 0.9928815489749431,
    "hir": 0.0
  },
  "num_test_defined": 6330,
  "num_test_used": 6330,
  "class_labels": [
    "fam:Android",
    "fam:Linux",
    "fam:Windows",
    "fam:iOS",
    "fam:macOS"
  ]
}