{
  "level": "family",
  "alpha_B": 0.1,
  "m_cal": 6329,
  "q_hat_leaf_B": 0.8357875347137451,
  "metrics": {
    "coverage": 0.9647709320695103,
    "set_size_mean": 1.0674565560821485,
    "set_size_median": 1.0,
    "empty_rate": 0.0007898894154818325,
    "singleton_rate": 0.9325434439178515,
    "base_top1_acc": 0.9439178515007899,
    "top1_acc_non_empty": 0.9443478260869566,
    "hir": 0.0
  },
  "num_test_defined": 6330,
  "num_test_used": 6330,
  "class_labels": [
    "fam:Android",
    "fam:Linux",
    "fam:Windows",
    "fam:iOS",
    "fam:macOS"
  ]
}