{
  "level": "family",
  "alpha": 0.25,
  "m_k": 6329,
  "j": 4748,
  "quantile_step": 0.0001579778830963665,
  "q_hat": 0.011207282543182373,
  "metrics": {
    "coverage": 0.7633491311216429,
    "set_size_mean": 0.7665086887835703,
    "set_size_median": 1.0,
    "empty_rate": 0.2334913112164297,
    "singleton_rate": 0.7665086887835703,
    "top1_acc_non_empty": 0.9958779884583677,
    "base_top1_acc": 0.9587677725118483,
    "hir": 0.3644549763033175
  },
  "num_test_defined": 6330,
  "num_test_used": 6330,
  "class_labels": [
    "fam:Android",
    "fam:Linux",
    "fam:Windows",
    "fam:iOS",
    "fam:macOS"
  ]
}