{
  "level": "family",
  "alpha_LoUPCP": 0.05,
  "m_cal": 6329,
  "q_hat_leaf_LoUPCP": 0.9405285716056824,
  "metrics": {
    "coverage": 0.9837282780410742,
    "set_size_mean": 1.1971563981042654,
    "set_size_median": 1.0,
    "empty_rate": 0.0,
    "singleton_rate": 0.836650868878357,
    "base_top1_acc": 0.9470774091627172,
    "top1_acc_non_empty": 0.9470774091627172,
    "hir": 0.0
  },
  "num_test_defined": 6330,
  "num_test_used": 6330,
  "class_labels": [
    "fam:Android",
    "fam:Linux",
    "fam:Windows",
    "fam:iOS",
    "fam:macOS"
  ]
}