{
  "level": "family",
  "alpha": 0.15,
  "m_k": 6329,
  "j": 5381,
  "quantile_step": 0.0001579778830963665,
  "q_hat": 0.08076465129852295,
  "metrics": {
    "coverage": 0.8447077409162718,
    "set_size_mean": 0.85260663507109,
    "set_size_median": 1.0,
    "empty_rate": 0.14739336492890995,
    "singleton_rate": 0.85260663507109,
    "top1_acc_non_empty": 0.9907355938484343,
    "base_top1_acc": 0.953870458135861,
    "hir": 0.2862559241706161
  },
  "num_test_defined": 6330,
  "num_test_used": 6330,
  "class_labels": [
    "fam:Android",
    "fam:Linux",
    "fam:Windows",
    "fam:iOS",
    "fam:macOS"
  ]
}