{
  "level": "family",
  "alpha": 0.35,
  "m_k": 6329,
  "j": 4115,
  "quantile_step": 0.0001579778830963665,
  "q_hat": 0.0019506216049194336,
  "metrics": {
    "coverage": 0.6447077409162717,
    "set_size_mean": 0.6459715639810426,
    "set_size_median": 1.0,
    "empty_rate": 0.35402843601895734,
    "singleton_rate": 0.6459715639810426,
    "top1_acc_non_empty": 0.9980435314257765,
    "base_top1_acc": 0.9549763033175356,
    "hir": 0.2981042654028436
  },
  "num_test_defined": 6330,
  "num_test_used": 6330,
  "class_labels": [
    "fam:Android",
    "fam:Linux",
    "fam:Windows",
    "fam:iOS",
    "fam:macOS"
  ]
}