{
  "level": "family",
  "alpha": 0.075,
  "m_k": 6329,
  "j": 5856,
  "quantile_step": 0.0001579778830963665,
  "q_hat": 0.20514321327209473,
  "metrics": {
    "coverage": 0.9298578199052133,
    "set_size_mean": 0.9516587677725118,
    "set_size_median": 1.0,
    "empty_rate": 0.04834123222748815,
    "singleton_rate": 0.9516587677725118,
    "top1_acc_non_empty": 0.9770916334661355,
    "base_top1_acc": 0.9546603475513428,
    "hir": 0.2453396524486572
  },
  "num_test_defined": 6330,
  "num_test_used": 6330,
  "class_labels": [
    "fam:Android",
    "fam:Linux",
    "fam:Windows",
    "fam:iOS",
    "fam:macOS"
  ]
}