{
  "level": "family",
  "alpha_B": 0.2,
  "m_cal": 6329,
  "q_hat_leaf_B": 0.7692649364471436,
  "metrics": {
    "coverage": 0.9399684044233807,
    "set_size_mean": 1.0194312796208531,
    "set_size_median": 1.0,
    "empty_rate": 0.022116903633491312,
    "singleton_rate": 0.9363349131121643,
    "base_top1_acc": 0.9440758293838862,
    "top1_acc_non_empty": 0.9476575121163167,
    "hir": 0.0
  },
  "num_test_defined": 6330,
  "num_test_used": 6330,
  "class_labels": [
    "fam:Android",
    "fam:Linux",
    "fam:Windows",
    "fam:iOS",
    "fam:macOS"
  ]
}