{
  "level": "family",
  "alpha": 0.04,
  "m_k": 6329,
  "j": 6077,
  "quantile_step": 0.0001579778830963665,
  "q_hat": 0.5955846905708313,
  "metrics": {
    "coverage": 0.9562401263823065,
    "set_size_mean": 1.0031595576619274,
    "set_size_median": 1.0,
    "empty_rate": 0.0018957345971563982,
    "singleton_rate": 0.9930489731437598,
    "top1_acc_non_empty": 0.9553656220322887,
    "base_top1_acc": 0.9540284360189574,
    "hir": 0.33617693522906794
  },
  "num_test_defined": 6330,
  "num_test_used": 6330,
  "class_labels": [
    "fam:Android",
    "fam:Linux",
    "fam:Windows",
    "fam:iOS",
    "fam:macOS"
  ]
}