{
  "level": "family",
  "alpha": 0.2,
  "m_k": 6329,
  "j": 5064,
  "quantile_step": 0.0001579778830963665,
  "q_hat": 0.02981281280517578,
  "metrics": {
    "coverage": 0.7938388625592417,
    "set_size_mean": 0.7984202211690363,
    "set_size_median": 1.0,
    "empty_rate": 0.20157977883096367,
    "singleton_rate": 0.7984202211690363,
    "top1_acc_non_empty": 0.9942619707162643,
    "base_top1_acc": 0.9565560821484992,
    "hir": 0.34502369668246446
  },
  "num_test_defined": 6330,
  "num_test_used": 6330,
  "class_labels": [
    "fam:Android",
    "fam:Linux",
    "fam:Windows",
    "fam:iOS",
    "fam:macOS"
  ]
}