{
  "level": "family",
  "alpha": 0.04,
  "m_k": 6329,
  "j": 6077,
  "quantile_step": 0.0001579778830963665,
  "q_hat": 0.6611135601997375,
  "metrics": {
    "coverage": 0.9620853080568721,
    "set_size_mean": 1.0102685624012637,
    "set_size_median": 1.0,
    "empty_rate": 0.0001579778830963665,
    "singleton_rate": 0.9894154818325435,
    "top1_acc_non_empty": 0.9574972349502291,
    "base_top1_acc": 0.957345971563981,
    "hir": 0.34091627172195893
  },
  "num_test_defined": 6330,
  "num_test_used": 6330,
  "class_labels": [
    "fam:Android",
    "fam:Linux",
    "fam:Windows",
    "fam:iOS",
    "fam:macOS"
  ]
}