{
  "level": "family",
  "alpha_LoUPCP": 0.05,
  "m_cal": 6329,
  "q_hat_leaf_LoUPCP": 0.9377985596656799,
  "metrics": {
    "coverage": 0.9778830963665087,
    "set_size_mean": 1.1726698262243287,
    "set_size_median": 1.0,
    "empty_rate": 0.0,
    "singleton_rate": 0.8578199052132701,
    "base_top1_acc": 0.943127962085308,
    "top1_acc_non_empty": 0.943127962085308,
    "hir": 0.0
  },
  "num_test_defined": 6330,
  "num_test_used": 6330,
  "class_labels": [
    "fam:Android",
    "fam:Linux",
    "fam:Windows",
    "fam:iOS",
    "fam:macOS"
  ]
}