{
  "level": "family",
  "alpha": 0.45,
  "m_k": 6329,
  "j": 3482,
  "quantile_step": 0.0001579778830963665,
  "q_hat": 0.0004907846450805664,
  "metrics": {
    "coverage": 0.5533965244865718,
    "set_size_mean": 0.553870458135861,
    "set_size_median": 1.0,
    "empty_rate": 0.446129541864139,
    "singleton_rate": 0.553870458135861,
    "top1_acc_non_empty": 0.9991443240159726,
    "base_top1_acc": 0.9549763033175356,
    "hir": 0.23191153238546602
  },
  "num_test_defined": 6330,
  "num_test_used": 6330,
  "class_labels": [
    "fam:Android",
    "fam:Linux",
    "fam:Windows",
    "fam:iOS",
    "fam:macOS"
  ]
}