{
  "level": "family",
  "alpha_B": 0.15,
  "m_cal": 6329,
  "q_hat_leaf_B": 0.781152069568634,
  "metrics": {
    "coverage": 0.9519747235387046,
    "set_size_mean": 1.0325434439178516,
    "set_size_median": 1.0,
    "empty_rate": 0.010584518167456557,
    "singleton_rate": 0.9462875197472354,
    "base_top1_acc": 0.9429699842022117,
    "top1_acc_non_empty": 0.9463515886955133,
    "hir": 0.0
  },
  "num_test_defined": 6330,
  "num_test_used": 6330,
  "class_labels": [
    "fam:Android",
    "fam:Linux",
    "fam:Windows",
    "fam:iOS",
    "fam:macOS"
  ]
}