{
  "level": "family",
  "alpha_LoUPCP": 0.075,
  "m_cal": 6329,
  "q_hat_leaf_LoUPCP": 0.8849751949310303,
  "metrics": {
    "coverage": 0.9671406003159557,
    "set_size_mean": 1.0881516587677724,
    "set_size_median": 1.0,
    "empty_rate": 0.0,
    "singleton_rate": 0.9180094786729858,
    "base_top1_acc": 0.9415481832543444,
    "top1_acc_non_empty": 0.9415481832543444,
    "hir": 0.0
  },
  "num_test_defined": 6330,
  "num_test_used": 6330,
  "class_labels": [
    "fam:Android",
    "fam:Linux",
    "fam:Windows",
    "fam:iOS",
    "fam:macOS"
  ]
}