{
  "level": "family",
  "alpha_LoUPCP": 0.25,
  "m_cal": 6329,
  "q_hat_leaf_LoUPCP": 0.7022843360900879,
  "metrics": {
    "coverage": 0.8764612954186414,
    "set_size_mean": 0.9497630331753555,
    "set_size_median": 1.0,
    "empty_rate": 0.08230647709320695,
    "singleton_rate": 0.8856240126382307,
    "base_top1_acc": 0.9409162717219589,
    "top1_acc_non_empty": 0.945773799276984,
    "hir": 0.0
  },
  "num_test_defined": 6330,
  "num_test_used": 6330,
  "class_labels": [
    "fam:Android",
    "fam:Linux",
    "fam:Windows",
    "fam:iOS",
    "fam:macOS"
  ]
}