{
  "level": "family",
  "alpha_LoUPCP": 0.01,
  "m_cal": 6329,
  "q_hat_leaf_LoUPCP": 0.9949922561645508,
  "metrics": {
    "coverage": 0.9963665086887836,
    "set_size_mean": 1.6222748815165877,
    "set_size_median": 1.0,
    "empty_rate": 0.0,
    "singleton_rate": 0.5695102685624013,
    "base_top1_acc": 0.9442338072669826,
    "top1_acc_non_empty": 0.9442338072669826,
    "hir": 0.0
  },
  "num_test_defined": 6330,
  "num_test_used": 6330,
  "class_labels": [
    "fam:Android",
    "fam:Linux",
    "fam:Windows",
    "fam:iOS",
    "fam:macOS"
  ]
}