{
  "level": "family",
  "alpha": 0.25,
  "m_k": 6329,
  "j": 4748,
  "quantile_step": 0.0001579778830963665,
  "q_hat": 0.009923279285430908,
  "metrics": {
    "coverage": 0.7532385466034756,
    "set_size_mean": 0.7568720379146919,
    "set_size_median": 1.0,
    "empty_rate": 0.24312796208530807,
    "singleton_rate": 0.7568720379146919,
    "top1_acc_non_empty": 0.9951993320809852,
    "base_top1_acc": 0.9559241706161138,
    "hir": 0.3753554502369668
  },
  "num_test_defined": 6330,
  "num_test_used": 6330,
  "class_labels": [
    "fam:Android",
    "fam:Linux",
    "fam:Windows",
    "fam:iOS",
    "fam:macOS"
  ]
}