{
  "level": "family",
  "alpha_LoUPCP": 0.15,
  "m_cal": 6329,
  "q_hat_leaf_LoUPCP": 0.7830459475517273,
  "metrics": {
    "coverage": 0.9524486571879937,
    "set_size_mean": 1.0364928909952607,
    "set_size_median": 1.0,
    "empty_rate": 0.008530805687203791,
    "singleton_rate": 0.9464454976303317,
    "base_top1_acc": 0.943127962085308,
    "top1_acc_non_empty": 0.9466220522625877,
    "hir": 0.0
  },
  "num_test_defined": 6330,
  "num_test_used": 6330,
  "class_labels": [
    "fam:Android",
    "fam:Linux",
    "fam:Windows",
    "fam:iOS",
    "fam:macOS"
  ]
}