{
  "level": "family",
  "alpha_LoUPCP": 0.02,
  "m_cal": 6329,
  "q_hat_leaf_LoUPCP": 0.9839942455291748,
  "metrics": {
    "coverage": 0.9925750394944708,
    "set_size_mean": 1.384044233807267,
    "set_size_median": 1.0,
    "empty_rate": 0.0,
    "singleton_rate": 0.7109004739336493,
    "base_top1_acc": 0.9394944707740917,
    "top1_acc_non_empty": 0.9394944707740917,
    "hir": 0.0
  },
  "num_test_defined": 6330,
  "num_test_used": 6330,
  "class_labels": [
    "fam:Android",
    "fam:Linux",
    "fam:Windows",
    "fam:iOS",
    "fam:macOS"
  ]
}