{
  "level": "family",
  "alpha_B": 0.45,
  "m_cal": 6329,
  "q_hat_leaf_B": 0.18031632900238037,
  "metrics": {
    "coverage": 0.5699842022116903,
    "set_size_mean": 0.5747235387045814,
    "set_size_median": 1.0,
    "empty_rate": 0.42527646129541863,
    "singleton_rate": 0.5747235387045814,
    "base_top1_acc": 0.9462875197472354,
    "top1_acc_non_empty": 0.9917537108301264,
    "hir": 0.0
  },
  "num_test_defined": 6330,
  "num_test_used": 6330,
  "class_labels": [
    "fam:Android",
    "fam:Linux",
    "fam:Windows",
    "fam:iOS",
    "fam:macOS"
  ]
}