{
  "level": "family",
  "alpha": 0.15,
  "m_k": 6329,
  "j": 5381,
  "quantile_step": 0.0001579778830963665,
  "q_hat": 0.08374375104904175,
  "metrics": {
    "coverage": 0.8606635071090047,
    "set_size_mean": 0.8710900473933649,
    "set_size_median": 1.0,
    "empty_rate": 0.12890995260663507,
    "singleton_rate": 0.8710900473933649,
    "top1_acc_non_empty": 0.9880304678998912,
    "base_top1_acc": 0.9546603475513428,
    "hir": 0.26714060031595577
  },
  "num_test_defined": 6330,
  "num_test_used": 6330,
  "class_labels": [
    "fam:Android",
    "fam:Linux",
    "fam:Windows",
    "fam:iOS",
    "fam:macOS"
  ]
}