{
  "level": "family",
  "alpha": 0.075,
  "m_k": 6329,
  "j": 5856,
  "quantile_step": 0.0001579778830963665,
  "q_hat": 0.19317442178726196,
  "metrics": {
    "coverage": 0.9276461295418641,
    "set_size_mean": 0.9470774091627172,
    "set_size_median": 1.0,
    "empty_rate": 0.05292259083728278,
    "singleton_rate": 0.9470774091627172,
    "top1_acc_non_empty": 0.9794829024186822,
    "base_top1_acc": 0.957345971563981,
    "hir": 0.2458135860979463
  },
  "num_test_defined": 6330,
  "num_test_used": 6330,
  "class_labels": [
    "fam:Android",
    "fam:Linux",
    "fam:Windows",
    "fam:iOS",
    "fam:macOS"
  ]
}