{
  "level": "family",
  "alpha": 0.05,
  "m_k": 6329,
  "j": 6014,
  "quantile_step": 0.0001579778830963665,
  "q_hat": 0.3565882444381714,
  "metrics": {
    "coverage": 0.9450236966824644,
    "set_size_mean": 0.9802527646129542,
    "set_size_median": 1.0,
    "empty_rate": 0.019747235387045814,
    "singleton_rate": 0.9802527646129542,
    "top1_acc_non_empty": 0.96406124093473,
    "base_top1_acc": 0.9524486571879937,
    "hir": 0.3097946287519747
  },
  "num_test_defined": 6330,
  "num_test_used": 6330,
  "class_labels": [
    "fam:Android",
    "fam:Linux",
    "fam:Windows",
    "fam:iOS",
    "fam:macOS"
  ]
}