{
  "level": "family",
  "alpha_B": 0.5,
  "m_cal": 6329,
  "q_hat_leaf_B": 0.06715601682662964,
  "metrics": {
    "coverage": 0.5006319115323855,
    "set_size_mean": 0.5022116903633491,
    "set_size_median": 1.0,
    "empty_rate": 0.4977883096366509,
    "singleton_rate": 0.5022116903633491,
    "base_top1_acc": 0.9393364928909953,
    "top1_acc_non_empty": 0.9968543567159485,
    "hir": 0.0
  },
  "num_test_defined": 6330,
  "num_test_used": 6330,
  "class_labels": [
    "fam:Android",
    "fam:Linux",
    "fam:Windows",
    "fam:iOS",
    "fam:macOS"
  ]
}