{
  "level": "family",
  "alpha_B": 0.3,
  "m_cal": 6329,
  "q_hat_leaf_B": 0.6118677854537964,
  "metrics": {
    "coverage": 0.785781990521327,
    "set_size_mean": 0.828436018957346,
    "set_size_median": 1.0,
    "empty_rate": 0.18293838862559242,
    "singleton_rate": 0.8056872037914692,
    "base_top1_acc": 0.943127962085308,
    "top1_acc_non_empty": 0.95707656612529,
    "hir": 0.0
  },
  "num_test_defined": 6330,
  "num_test_used": 6330,
  "class_labels": [
    "fam:Android",
    "fam:Linux",
    "fam:Windows",
    "fam:iOS",
    "fam:macOS"
  ]
}