{
  "level": "family",
  "alpha_B": 0.2,
  "m_cal": 6329,
  "q_hat_leaf_B": 0.759949266910553,
  "metrics": {
    "coverage": 0.933649289099526,
    "set_size_mean": 1.012480252764613,
    "set_size_median": 1.0,
    "empty_rate": 0.02812006319115324,
    "singleton_rate": 0.9312796208530806,
    "base_top1_acc": 0.9417061611374408,
    "top1_acc_non_empty": 0.9447334200260078,
    "hir": 0.0
  },
  "num_test_defined": 6330,
  "num_test_used": 6330,
  "class_labels": [
    "fam:Android",
    "fam:Linux",
    "fam:Windows",
    "fam:iOS",
    "fam:macOS"
  ]
}