{
  "level": "family",
  "alpha": 0.2,
  "m_k": 6329,
  "j": 5064,
  "quantile_step": 0.0001579778830963665,
  "q_hat": 0.030473291873931885,
  "metrics": {
    "coverage": 0.795260663507109,
    "set_size_mean": 0.8,
    "set_size_median": 1.0,
    "empty_rate": 0.2,
    "singleton_rate": 0.8,
    "top1_acc_non_empty": 0.9940758293838863,
    "base_top1_acc": 0.9551342812006319,
    "hir": 0.33838862559241706
  },
  "num_test_defined": 6330,
  "num_test_used": 6330,
  "class_labels": [
    "fam:Android",
    "fam:Linux",
    "fam:Windows",
    "fam:iOS",
    "fam:macOS"
  ]
}