{
  "level": "family",
  "alpha": 0.3,
  "m_k": 6329,
  "j": 4431,
  "quantile_step": 0.0001579778830963665,
  "q_hat": 0.003915667533874512,
  "metrics": {
    "coverage": 0.70173775671406,
    "set_size_mean": 0.7039494470774091,
    "set_size_median": 1.0,
    "empty_rate": 0.29605055292259086,
    "singleton_rate": 0.7039494470774091,
    "top1_acc_non_empty": 0.9968581687612208,
    "base_top1_acc": 0.9552922590837283,
    "hir": 0.3739336492890995
  },
  "num_test_defined": 6330,
  "num_test_used": 6330,
  "class_labels": [
    "fam:Android",
    "fam:Linux",
    "fam:Windows",
    "fam:iOS",
    "fam:macOS"
  ]
}