{
  "level": "family",
  "alpha": 0.03,
  "m_k": 6329,
  "j": 6141,
  "quantile_step": 0.0001579778830963665,
  "q_hat": 0.7901497483253479,
  "metrics": {
    "coverage": 0.9720379146919431,
    "set_size_mean": 1.0377567140600317,
    "set_size_median": 1.0,
    "empty_rate": 0.0,
    "singleton_rate": 0.9635071090047393,
    "top1_acc_non_empty": 0.9560821484992101,
    "base_top1_acc": 0.9560821484992101,
    "hir": 0.35497630331753555
  },
  "num_test_defined": 6330,
  "num_test_used": 6330,
  "class_labels": [
    "fam:Android",
    "fam:Linux",
    "fam:Windows",
    "fam:iOS",
    "fam:macOS"
  ]
}