{
  "level": "family",
  "alpha_LoUPCP": 0.4,
  "m_cal": 6329,
  "q_hat_leaf_LoUPCP": 0.3211521506309509,
  "metrics": {
    "coverage": 0.6312796208530805,
    "set_size_mean": 0.6410742496050553,
    "set_size_median": 1.0,
    "empty_rate": 0.35892575039494473,
    "singleton_rate": 0.6410742496050553,
    "base_top1_acc": 0.9382306477093207,
    "top1_acc_non_empty": 0.9847215377033022,
    "hir": 0.0
  },
  "num_test_defined": 6330,
  "num_test_used": 6330,
  "class_labels": [
    "fam:Android",
    "fam:Linux",
    "fam:Windows",
    "fam:iOS",
    "fam:macOS"
  ]
}