{
  "level": "family",
  "alpha_B": 0.1,
  "m_cal": 6329,
  "q_hat_leaf_B": 0.8373767733573914,
  "metrics": {
    "coverage": 0.9654028436018958,
    "set_size_mean": 1.0687203791469195,
    "set_size_median": 1.0,
    "empty_rate": 0.000315955766192733,
    "singleton_rate": 0.9330173775671406,
    "base_top1_acc": 0.944391785150079,
    "top1_acc_non_empty": 0.9445322376738305,
    "hir": 0.0
  },
  "num_test_defined": 6330,
  "num_test_used": 6330,
  "class_labels": [
    "fam:Android",
    "fam:Linux",
    "fam:Windows",
    "fam:iOS",
    "fam:macOS"
  ]
}