{
  "level": "family",
  "alpha_LoUPCP": 0.04,
  "m_cal": 6329,
  "q_hat_leaf_LoUPCP": 0.9504337310791016,
  "metrics": {
    "coverage": 0.984044233807267,
    "set_size_mean": 1.2530805687203792,
    "set_size_median": 1.0,
    "empty_rate": 0.0,
    "singleton_rate": 0.7906793048973144,
    "base_top1_acc": 0.9409162717219589,
    "top1_acc_non_empty": 0.9409162717219589,
    "hir": 0.0
  },
  "num_test_defined": 6330,
  "num_test_used": 6330,
  "class_labels": [
    "fam:Android",
    "fam:Linux",
    "fam:Windows",
    "fam:iOS",
    "fam:macOS"
  ]
}