{
  "level": "family",
  "alpha": 0.4,
  "m_k": 6329,
  "j": 3798,
  "quantile_step": 0.0001579778830963665,
  "q_hat": 0.0009239912033081055,
  "metrics": {
    "coverage": 0.5958925750394944,
    "set_size_mean": 0.5963665086887836,
    "set_size_median": 1.0,
    "empty_rate": 0.40363349131121645,
    "singleton_rate": 0.5963665086887836,
    "top1_acc_non_empty": 0.999205298013245,
    "base_top1_acc": 0.955608214849921,
    "hir": 0.23665086887835704
  },
  "num_test_defined": 6330,
  "num_test_used": 6330,
  "class_labels": [
    "fam:Android",
    "fam:Linux",
    "fam:Windows",
    "fam:iOS",
    "fam:macOS"
  ]
}