{
  "level": "family",
  "alpha": 0.35,
  "m_k": 6329,
  "j": 4115,
  "quantile_step": 0.0001579778830963665,
  "q_hat": 0.002018451690673828,
  "metrics": {
    "coverage": 0.6492890995260664,
    "set_size_mean": 0.65086887835703,
    "set_size_median": 1.0,
    "empty_rate": 0.34913112164297,
    "singleton_rate": 0.65086887835703,
    "top1_acc_non_empty": 0.9975728155339806,
    "base_top1_acc": 0.9571879936808847,
    "hir": 0.2772511848341232
  },
  "num_test_defined": 6330,
  "num_test_used": 6330,
  "class_labels": [
    "fam:Android",
    "fam:Linux",
    "fam:Windows",
    "fam:iOS",
    "fam:macOS"
  ]
}