{
  "level": "family",
  "alpha": 0.04,
  "m_k": 6329,
  "j": 6077,
  "quantile_step": 0.0001579778830963665,
  "q_hat": 0.6545946002006531,
  "metrics": {
    "coverage": 0.9619273301737756,
    "set_size_mean": 1.0110584518167456,
    "set_size_median": 1.0,
    "empty_rate": 0.0001579778830963665,
    "singleton_rate": 0.9886255924170616,
    "top1_acc_non_empty": 0.9574972349502291,
    "base_top1_acc": 0.957345971563981,
    "hir": 0.34407582938388626
  },
  "num_test_defined": 6330,
  "num_test_used": 6330,
  "class_labels": [
    "fam:Android",
    "fam:Linux",
    "fam:Windows",
    "fam:iOS",
    "fam:macOS"
  ]
}