{
  "level": "family",
  "alpha": 0.1,
  "m_k": 6329,
  "j": 5697,
  "quantile_step": 0.0001579778830963665,
  "q_hat": 0.1260848045349121,
  "metrics": {
    "coverage": 0.8977883096366509,
    "set_size_mean": 0.9135860979462875,
    "set_size_median": 1.0,
    "empty_rate": 0.08641390205371248,
    "singleton_rate": 0.9135860979462875,
    "top1_acc_non_empty": 0.9827079370568909,
    "base_top1_acc": 0.9535545023696682,
    "hir": 0.239652448657188
  },
  "num_test_defined": 6330,
  "num_test_used": 6330,
  "class_labels": [
    "fam:Android",
    "fam:Linux",
    "fam:Windows",
    "fam:iOS",
    "fam:macOS"
  ]
}