{
  "level": "family",
  "alpha": 0.35,
  "m_k": 6329,
  "j": 4115,
  "quantile_step": 0.0001579778830963665,
  "q_hat": 0.002127528190612793,
  "metrics": {
    "coverage": 0.6557661927330174,
    "set_size_mean": 0.657345971563981,
    "set_size_median": 1.0,
    "empty_rate": 0.34265402843601894,
    "singleton_rate": 0.657345971563981,
    "top1_acc_non_empty": 0.9975967315549147,
    "base_top1_acc": 0.9562401263823065,
    "hir": 0.27677725118483415
  },
  "num_test_defined": 6330,
  "num_test_used": 6330,
  "class_labels": [
    "fam:Android",
    "fam:Linux",
    "fam:Windows",
    "fam:iOS",
    "fam:macOS"
  ]
}