{
  "level": "family",
  "alpha_B": 0.2,
  "m_cal": 6329,
  "q_hat_leaf_B": 0.7696987390518188,
  "metrics": {
    "coverage": 0.9448657187993681,
    "set_size_mean": 1.0205371248025277,
    "set_size_median": 1.0,
    "empty_rate": 0.020695102685624012,
    "singleton_rate": 0.9380726698262243,
    "base_top1_acc": 0.9466034755134282,
    "top1_acc_non_empty": 0.9506371995483143,
    "hir": 0.0
  },
  "num_test_defined": 6330,
  "num_test_used": 6330,
  "class_labels": [
    "fam:Android",
    "fam:Linux",
    "fam:Windows",
    "fam:iOS",
    "fam:macOS"
  ]
}