{
  "level": "family",
  "alpha": 0.2,
  "m_k": 6329,
  "j": 5064,
  "quantile_step": 0.0001579778830963665,
  "q_hat": 0.027133464813232422,
  "metrics": {
    "coverage": 0.7875197472353871,
    "set_size_mean": 0.7913112164296998,
    "set_size_median": 1.0,
    "empty_rate": 0.20868878357030016,
    "singleton_rate": 0.7913112164296998,
    "top1_acc_non_empty": 0.9952086244759433,
    "base_top1_acc": 0.9537124802527646,
    "hir": 0.3412322274881517
  },
  "num_test_defined": 6330,
  "num_test_used": 6330,
  "class_labels": [
    "fam:Android",
    "fam:Linux",
    "fam:Windows",
    "fam:iOS",
    "fam:macOS"
  ]
}