{
  "level": "family",
  "alpha": 0.15,
  "m_k": 6329,
  "j": 5381,
  "quantile_step": 0.0001579778830963665,
  "q_hat": 0.08197987079620361,
  "metrics": {
    "coverage": 0.8481832543443918,
    "set_size_mean": 0.8562401263823065,
    "set_size_median": 1.0,
    "empty_rate": 0.14375987361769352,
    "singleton_rate": 0.8562401263823065,
    "top1_acc_non_empty": 0.990590405904059,
    "base_top1_acc": 0.9548183254344392,
    "hir": 0.2774091627172196
  },
  "num_test_defined": 6330,
  "num_test_used": 6330,
  "class_labels": [
    "fam:Android",
    "fam:Linux",
    "fam:Windows",
    "fam:iOS",
    "fam:macOS"
  ]
}