{
  "level": "family",
  "alpha_B": 0.1,
  "m_cal": 6329,
  "q_hat_leaf_B": 0.8380316495895386,
  "metrics": {
    "coverage": 0.9657187993680885,
    "set_size_mean": 1.0665086887835702,
    "set_size_median": 1.0,
    "empty_rate": 0.0011058451816745656,
    "singleton_rate": 0.9328593996840442,
    "base_top1_acc": 0.9464454976303317,
    "top1_acc_non_empty": 0.9473351257314566,
    "hir": 0.0
  },
  "num_test_defined": 6330,
  "num_test_used": 6330,
  "class_labels": [
    "fam:Android",
    "fam:Linux",
    "fam:Windows",
    "fam:iOS",
    "fam:macOS"
  ]
}