{
  "level": "family",
  "alpha": 0.05,
  "m_k": 6329,
  "j": 6014,
  "quantile_step": 0.0001579778830963665,
  "q_hat": 0.42158252000808716,
  "metrics": {
    "coverage": 0.9532385466034755,
    "set_size_mean": 0.9903633491311217,
    "set_size_median": 1.0,
    "empty_rate": 0.009636650868878356,
    "singleton_rate": 0.9903633491311217,
    "top1_acc_non_empty": 0.9625139575689903,
    "base_top1_acc": 0.9575039494470774,
    "hir": 0.33175355450236965
  },
  "num_test_defined": 6330,
  "num_test_used": 6330,
  "class_labels": [
    "fam:Android",
    "fam:Linux",
    "fam:Windows",
    "fam:iOS",
    "fam:macOS"
  ]
}