{
  "level": "family",
  "alpha": 0.45,
  "m_k": 6329,
  "j": 3482,
  "quantile_step": 0.0001579778830963665,
  "q_hat": 0.00046515464782714844,
  "metrics": {
    "coverage": 0.5469194312796208,
    "set_size_mean": 0.5470774091627172,
    "set_size_median": 1.0,
    "empty_rate": 0.45292259083728276,
    "singleton_rate": 0.5470774091627172,
    "top1_acc_non_empty": 0.9997112330349408,
    "base_top1_acc": 0.953870458135861,
    "hir": 0.2325434439178515
  },
  "num_test_defined": 6330,
  "num_test_used": 6330,
  "class_labels": [
    "fam:Android",
    "fam:Linux",
    "fam:Windows",
    "fam:iOS",
    "fam:macOS"
  ]
}