{
  "level": "family",
  "alpha": 0.35,
  "m_k": 6329,
  "j": 4115,
  "quantile_step": 0.0001579778830963665,
  "q_hat": 0.002066969871520996,
  "metrics": {
    "coverage": 0.6522906793048974,
    "set_size_mean": 0.653870458135861,
    "set_size_median": 1.0,
    "empty_rate": 0.346129541864139,
    "singleton_rate": 0.653870458135861,
    "top1_acc_non_empty": 0.9975839574776516,
    "base_top1_acc": 0.9554502369668246,
    "hir": 0.27898894154818327
  },
  "num_test_defined": 6330,
  "num_test_used": 6330,
  "class_labels": [
    "fam:Android",
    "fam:Linux",
    "fam:Windows",
    "fam:iOS",
    "fam:macOS"
  ]
}