{
  "level": "family",
  "alpha": 0.2,
  "m_k": 6329,
  "j": 5064,
  "quantile_step": 0.0001579778830963665,
  "q_hat": 0.03250706195831299,
  "metrics": {
    "coverage": 0.7993680884676145,
    "set_size_mean": 0.8044233807266983,
    "set_size_median": 1.0,
    "empty_rate": 0.19557661927330175,
    "singleton_rate": 0.8044233807266983,
    "top1_acc_non_empty": 0.9937156323644933,
    "base_top1_acc": 0.9535545023696682,
    "hir": 0.33665086887835705
  },
  "num_test_defined": 6330,
  "num_test_used": 6330,
  "class_labels": [
    "fam:Android",
    "fam:Linux",
    "fam:Windows",
    "fam:iOS",
    "fam:macOS"
  ]
}