{
  "level": "family",
  "alpha": 0.1,
  "m_k": 6329,
  "j": 5697,
  "quantile_step": 0.0001579778830963665,
  "q_hat": 0.12937462329864502,
  "metrics": {
    "coverage": 0.9004739336492891,
    "set_size_mean": 0.9157977883096367,
    "set_size_median": 1.0,
    "empty_rate": 0.08420221169036335,
    "singleton_rate": 0.9157977883096367,
    "top1_acc_non_empty": 0.9832672071761256,
    "base_top1_acc": 0.9535545023696682,
    "hir": 0.23633491311216429
  },
  "num_test_defined": 6330,
  "num_test_used": 6330,
  "class_labels": [
    "fam:Android",
    "fam:Linux",
    "fam:Windows",
    "fam:iOS",
    "fam:macOS"
  ]
}