{
  "level": "family",
  "alpha_LoUPCP": 0.35,
  "m_cal": 6329,
  "q_hat_leaf_LoUPCP": 0.4899442195892334,
  "metrics": {
    "coverage": 0.7146919431279621,
    "set_size_mean": 0.7341232227488151,
    "set_size_median": 1.0,
    "empty_rate": 0.26587677725118486,
    "singleton_rate": 0.7341232227488151,
    "base_top1_acc": 0.9470774091627172,
    "top1_acc_non_empty": 0.973531310522918,
    "hir": 0.0
  },
  "num_test_defined": 6330,
  "num_test_used": 6330,
  "class_labels": [
    "fam:Android",
    "fam:Linux",
    "fam:Windows",
    "fam:iOS",
    "fam:macOS"
  ]
}