{
  "level": "family",
  "alpha_B": 0.075,
  "m_cal": 6329,
  "q_hat_leaf_B": 0.8858585953712463,
  "metrics": {
    "coverage": 0.9671406003159557,
    "set_size_mean": 1.0919431279620853,
    "set_size_median": 1.0,
    "empty_rate": 0.0,
    "singleton_rate": 0.9150078988941548,
    "base_top1_acc": 0.9412322274881516,
    "top1_acc_non_empty": 0.9412322274881516,
    "hir": 0.0
  },
  "num_test_defined": 6330,
  "num_test_used": 6330,
  "class_labels": [
    "fam:Android",
    "fam:Linux",
    "fam:Windows",
    "fam:iOS",
    "fam:macOS"
  ]
}