{
  "level": "family",
  "alpha_B": 0.2,
  "m_cal": 6329,
  "q_hat_leaf_B": 0.7605555653572083,
  "metrics": {
    "coverage": 0.9323854660347551,
    "set_size_mean": 1.0115323854660347,
    "set_size_median": 1.0,
    "empty_rate": 0.027962085308056873,
    "singleton_rate": 0.9325434439178515,
    "base_top1_acc": 0.9429699842022117,
    "top1_acc_non_empty": 0.9453924914675768,
    "hir": 0.0
  },
  "num_test_defined": 6330,
  "num_test_used": 6330,
  "class_labels": [
    "fam:Android",
    "fam:Linux",
    "fam:Windows",
    "fam:iOS",
    "fam:macOS"
  ]
}