{
  "level": "family",
  "alpha": 0.3,
  "m_k": 6329,
  "j": 4431,
  "quantile_step": 0.0001579778830963665,
  "q_hat": 0.0037842392921447754,
  "metrics": {
    "coverage": 0.6984202211690363,
    "set_size_mean": 0.7004739336492891,
    "set_size_median": 1.0,
    "empty_rate": 0.2995260663507109,
    "singleton_rate": 0.7004739336492891,
    "top1_acc_non_empty": 0.9970681100586378,
    "base_top1_acc": 0.955608214849921,
    "hir": 0.36856240126382306
  },
  "num_test_defined": 6330,
  "num_test_used": 6330,
  "class_labels": [
    "fam:Android",
    "fam:Linux",
    "fam:Windows",
    "fam:iOS",
    "fam:macOS"
  ]
}