{
  "level": "family",
  "alpha_LoUPCP": 0.2,
  "m_cal": 6329,
  "q_hat_leaf_LoUPCP": 0.7590625286102295,
  "metrics": {
    "coverage": 0.9289099526066351,
    "set_size_mean": 1.0109004739336493,
    "set_size_median": 1.0,
    "empty_rate": 0.02985781990521327,
    "singleton_rate": 0.9293838862559242,
    "base_top1_acc": 0.9383886255924171,
    "top1_acc_non_empty": 0.9417033056505455,
    "hir": 0.0
  },
  "num_test_defined": 6330,
  "num_test_used": 6330,
  "class_labels": [
    "fam:Android",
    "fam:Linux",
    "fam:Windows",
    "fam:iOS",
    "fam:macOS"
  ]
}