{
  "level": "family",
  "alpha": 0.4,
  "m_k": 6329,
  "j": 3798,
  "quantile_step": 0.0001579778830963665,
  "q_hat": 0.0009883642196655273,
  "metrics": {
    "coverage": 0.6036334913112165,
    "set_size_mean": 0.6042654028436019,
    "set_size_median": 1.0,
    "empty_rate": 0.3957345971563981,
    "singleton_rate": 0.6042654028436019,
    "top1_acc_non_empty": 0.9989542483660131,
    "base_top1_acc": 0.957345971563981,
    "hir": 0.24502369668246446
  },
  "num_test_defined": 6330,
  "num_test_used": 6330,
  "class_labels": [
    "fam:Android",
    "fam:Linux",
    "fam:Windows",
    "fam:iOS",
    "fam:macOS"
  ]
}