{
  "level": "family",
  "alpha": 0.35,
  "m_k": 6329,
  "j": 4115,
  "quantile_step": 0.0001579778830963665,
  "q_hat": 0.002078235149383545,
  "metrics": {
    "coverage": 0.6529225908372828,
    "set_size_mean": 0.6546603475513428,
    "set_size_median": 1.0,
    "empty_rate": 0.34533965244865716,
    "singleton_rate": 0.6546603475513428,
    "top1_acc_non_empty": 0.9973455598455598,
    "base_top1_acc": 0.9560821484992101,
    "hir": 0.29462875197472355
  },
  "num_test_defined": 6330,
  "num_test_used": 6330,
  "class_labels": [
    "fam:Android",
    "fam:Linux",
    "fam:Windows",
    "fam:iOS",
    "fam:macOS"
  ]
}