{
  "level": "family",
  "alpha": 0.04,
  "m_k": 6329,
  "j": 6077,
  "quantile_step": 0.0001579778830963665,
  "q_hat": 0.6035635471343994,
  "metrics": {
    "coverage": 0.9570300157977883,
    "set_size_mean": 1.0041074249605055,
    "set_size_median": 1.0,
    "empty_rate": 0.0014218009478672985,
    "singleton_rate": 0.9930489731437598,
    "top1_acc_non_empty": 0.9545957918050941,
    "base_top1_acc": 0.9535545023696682,
    "hir": 0.3330173775671406
  },
  "num_test_defined": 6330,
  "num_test_used": 6330,
  "class_labels": [
    "fam:Android",
    "fam:Linux",
    "fam:Windows",
    "fam:iOS",
    "fam:macOS"
  ]
}