{
  "level": "family",
  "alpha": 0.25,
  "m_k": 6329,
  "j": 4748,
  "quantile_step": 0.0001579778830963665,
  "q_hat": 0.008247673511505127,
  "metrics": {
    "coverage": 0.7390205371248025,
    "set_size_mean": 0.7417061611374408,
    "set_size_median": 1.0,
    "empty_rate": 0.25829383886255924,
    "singleton_rate": 0.7417061611374408,
    "top1_acc_non_empty": 0.9963791267305644,
    "base_top1_acc": 0.9529225908372828,
    "hir": 0.3807266982622433
  },
  "num_test_defined": 6330,
  "num_test_used": 6330,
  "class_labels": [
    "fam:Android",
    "fam:Linux",
    "fam:Windows",
    "fam:iOS",
    "fam:macOS"
  ]
}