{
  "level": "family",
  "alpha_B": 0.2,
  "m_cal": 6329,
  "q_hat_leaf_B": 0.7660531401634216,
  "metrics": {
    "coverage": 0.9398104265402843,
    "set_size_mean": 1.0199052132701423,
    "set_size_median": 1.0,
    "empty_rate": 0.022906793048973143,
    "singleton_rate": 0.9342812006319116,
    "base_top1_acc": 0.9428120063191153,
    "top1_acc_non_empty": 0.9459983831851253,
    "hir": 0.0
  },
  "num_test_defined": 6330,
  "num_test_used": 6330,
  "class_labels": [
    "fam:Android",
    "fam:Linux",
    "fam:Windows",
    "fam:iOS",
    "fam:macOS"
  ]
}