{
  "level": "family",
  "alpha_B": 0.1,
  "m_cal": 6329,
  "q_hat_leaf_B": 0.836630642414093,
  "metrics": {
    "coverage": 0.9636650868878357,
    "set_size_mean": 1.0638230647709321,
    "set_size_median": 1.0,
    "empty_rate": 0.0007898894154818325,
    "singleton_rate": 0.9364928909952607,
    "base_top1_acc": 0.944391785150079,
    "top1_acc_non_empty": 0.9449802371541502,
    "hir": 0.0
  },
  "num_test_defined": 6330,
  "num_test_used": 6330,
  "class_labels": [
    "fam:Android",
    "fam:Linux",
    "fam:Windows",
    "fam:iOS",
    "fam:macOS"
  ]
}