{
  "level": "family",
  "alpha": 0.2,
  "m_k": 6329,
  "j": 5064,
  "quantile_step": 0.0001579778830963665,
  "q_hat": 0.03710460662841797,
  "metrics": {
    "coverage": 0.8101105845181674,
    "set_size_mean": 0.8161137440758294,
    "set_size_median": 1.0,
    "empty_rate": 0.18388625592417063,
    "singleton_rate": 0.8161137440758294,
    "top1_acc_non_empty": 0.9926442121564073,
    "base_top1_acc": 0.9540284360189574,
    "hir": 0.328436018957346
  },
  "num_test_defined": 6330,
  "num_test_used": 6330,
  "class_labels": [
    "fam:Android",
    "fam:Linux",
    "fam:Windows",
    "fam:iOS",
    "fam:macOS"
  ]
}