{
  "level": "family",
  "alpha": 0.4,
  "m_k": 6329,
  "j": 3798,
  "quantile_step": 0.0001579778830963665,
  "q_hat": 0.0010033249855041504,
  "metrics": {
    "coverage": 0.6063191153238546,
    "set_size_mean": 0.606477093206951,
    "set_size_median": 1.0,
    "empty_rate": 0.39352290679304897,
    "singleton_rate": 0.606477093206951,
    "top1_acc_non_empty": 0.9997395154988278,
    "base_top1_acc": 0.9565560821484992,
    "hir": 0.2401263823064771
  },
  "num_test_defined": 6330,
  "num_test_used": 6330,
  "class_labels": [
    "fam:Android",
    "fam:Linux",
    "fam:Windows",
    "fam:iOS",
    "fam:macOS"
  ]
}