{
  "level": "family",
  "alpha_LoUPCP": 0.1,
  "m_cal": 6329,
  "q_hat_leaf_LoUPCP": 0.8354637026786804,
  "metrics": {
    "coverage": 0.963823064770932,
    "set_size_mean": 1.0658767772511848,
    "set_size_median": 1.0,
    "empty_rate": 0.000631911532385466,
    "singleton_rate": 0.934913112164297,
    "base_top1_acc": 0.9458135860979463,
    "top1_acc_non_empty": 0.946253556749921,
    "hir": 0.0
  },
  "num_test_defined": 6330,
  "num_test_used": 6330,
  "class_labels": [
    "fam:Android",
    "fam:Linux",
    "fam:Windows",
    "fam:iOS",
    "fam:macOS"
  ]
}