{
  "level": "family",
  "alpha_B": 0.3,
  "m_cal": 6329,
  "q_hat_leaf_B": 0.6151853203773499,
  "metrics": {
    "coverage": 0.7930489731437599,
    "set_size_mean": 0.8371248025276461,
    "set_size_median": 1.0,
    "empty_rate": 0.17582938388625594,
    "singleton_rate": 0.811216429699842,
    "base_top1_acc": 0.9429699842022117,
    "top1_acc_non_empty": 0.9559133601686793,
    "hir": 0.0
  },
  "num_test_defined": 6330,
  "num_test_used": 6330,
  "class_labels": [
    "fam:Android",
    "fam:Linux",
    "fam:Windows",
    "fam:iOS",
    "fam:macOS"
  ]
}