{
  "level": "family",
  "alpha_B": 0.45,
  "m_cal": 6329,
  "q_hat_leaf_B": 0.14823323488235474,
  "metrics": {
    "coverage": 0.5448657187993681,
    "set_size_mean": 0.5488151658767773,
    "set_size_median": 1.0,
    "empty_rate": 0.45118483412322274,
    "singleton_rate": 0.5488151658767773,
    "base_top1_acc": 0.9390205371248025,
    "top1_acc_non_empty": 0.9928036845135291,
    "hir": 0.0
  },
  "num_test_defined": 6330,
  "num_test_used": 6330,
  "class_labels": [
    "fam:Android",
    "fam:Linux",
    "fam:Windows",
    "fam:iOS",
    "fam:macOS"
  ]
}