{
  "level": "family",
  "alpha": 0.25,
  "m_k": 6329,
  "j": 4748,
  "quantile_step": 0.0001579778830963665,
  "q_hat": 0.010845959186553955,
  "metrics": {
    "coverage": 0.7598736176935229,
    "set_size_mean": 0.762085308056872,
    "set_size_median": 1.0,
    "empty_rate": 0.23791469194312795,
    "singleton_rate": 0.762085308056872,
    "top1_acc_non_empty": 0.9970978441127695,
    "base_top1_acc": 0.9581358609794629,
    "hir": 0.3636650868878357
  },
  "num_test_defined": 6330,
  "num_test_used": 6330,
  "class_labels": [
    "fam:Android",
    "fam:Linux",
    "fam:Windows",
    "fam:iOS",
    "fam:macOS"
  ]
}