{
  "level": "family",
  "alpha_B": 0.15,
  "m_cal": 6329,
  "q_hat_leaf_B": 0.7828998565673828,
  "metrics": {
    "coverage": 0.9552922590837283,
    "set_size_mean": 1.0369668246445498,
    "set_size_median": 1.0,
    "empty_rate": 0.007898894154818325,
    "singleton_rate": 0.9472353870458136,
    "base_top1_acc": 0.9442338072669826,
    "top1_acc_non_empty": 0.9463375796178344,
    "hir": 0.0
  },
  "num_test_defined": 6330,
  "num_test_used": 6330,
  "class_labels": [
    "fam:Android",
    "fam:Linux",
    "fam:Windows",
    "fam:iOS",
    "fam:macOS"
  ]
}