{
  "level": "family",
  "alpha_B": 0.25,
  "m_cal": 6329,
  "q_hat_leaf_B": 0.7062726020812988,
  "metrics": {
    "coverage": 0.882306477093207,
    "set_size_mean": 0.9507109004739337,
    "set_size_median": 1.0,
    "empty_rate": 0.07993680884676145,
    "singleton_rate": 0.8894154818325435,
    "base_top1_acc": 0.9423380726698263,
    "top1_acc_non_empty": 0.9476304945054945,
    "hir": 0.0
  },
  "num_test_defined": 6330,
  "num_test_used": 6330,
  "class_labels": [
    "fam:Android",
    "fam:Linux",
    "fam:Windows",
    "fam:iOS",
    "fam:macOS"
  ]
}