{
  "level": "family",
  "alpha_LoUPCP": 0.04,
  "m_cal": 6329,
  "q_hat_leaf_LoUPCP": 0.956506073474884,
  "metrics": {
    "coverage": 0.9881516587677726,
    "set_size_mean": 1.271563981042654,
    "set_size_median": 1.0,
    "empty_rate": 0.0,
    "singleton_rate": 0.7750394944707741,
    "base_top1_acc": 0.9475513428120064,
    "top1_acc_non_empty": 0.9475513428120064,
    "hir": 0.0
  },
  "num_test_defined": 6330,
  "num_test_used": 6330,
  "class_labels": [
    "fam:Android",
    "fam:Linux",
    "fam:Windows",
    "fam:iOS",
    "fam:macOS"
  ]
}