{
  "level": "family",
  "alpha": 0.15,
  "m_k": 6329,
  "j": 5381,
  "quantile_step": 0.0001579778830963665,
  "q_hat": 0.08076465129852295,
  "metrics": {
    "coverage": 0.8464454976303317,
    "set_size_mean": 0.8545023696682464,
    "set_size_median": 1.0,
    "empty_rate": 0.14549763033175356,
    "singleton_rate": 0.8545023696682464,
    "top1_acc_non_empty": 0.9905712701053799,
    "base_top1_acc": 0.9546603475513428,
    "hir": 0.28515007898894157
  },
  "num_test_defined": 6330,
  "num_test_used": 6330,
  "class_labels": [
    "fam:Android",
    "fam:Linux",
    "fam:Windows",
    "fam:iOS",
    "fam:macOS"
  ]
}