{
  "level": "family",
  "alpha": 0.02,
  "m_k": 6329,
  "j": 6204,
  "quantile_step": 0.0001579778830963665,
  "q_hat": 0.9111160039901733,
  "metrics": {
    "coverage": 0.9797788309636651,
    "set_size_mean": 1.1074249605055293,
    "set_size_median": 1.0,
    "empty_rate": 0.0,
    "singleton_rate": 0.9031595576619273,
    "top1_acc_non_empty": 0.9551342812006319,
    "base_top1_acc": 0.9551342812006319,
    "hir": 0.40015797788309637
  },
  "num_test_defined": 6330,
  "num_test_used": 6330,
  "class_labels": [
    "fam:Android",
    "fam:Linux",
    "fam:Windows",
    "fam:iOS",
    "fam:macOS"
  ]
}