{
  "level": "family",
  "alpha": 0.04,
  "m_k": 6329,
  "j": 6077,
  "quantile_step": 0.0001579778830963665,
  "q_hat": 0.6108195781707764,
  "metrics": {
    "coverage": 0.9576619273301737,
    "set_size_mean": 1.0064770932069511,
    "set_size_median": 1.0,
    "empty_rate": 0.0007898894154818325,
    "singleton_rate": 0.9919431279620853,
    "top1_acc_non_empty": 0.9543083003952569,
    "base_top1_acc": 0.9537124802527646,
    "hir": 0.33222748815165876
  },
  "num_test_defined": 6330,
  "num_test_used": 6330,
  "class_labels": [
    "fam:Android",
    "fam:Linux",
    "fam:Windows",
    "fam:iOS",
    "fam:macOS"
  ]
}