{
  "level": "family",
  "alpha_LoUPCP": 0.3,
  "m_cal": 6329,
  "q_hat_leaf_LoUPCP": 0.6155815720558167,
  "metrics": {
    "coverage": 0.789257503949447,
    "set_size_mean": 0.8355450236966825,
    "set_size_median": 1.0,
    "empty_rate": 0.179304897314376,
    "singleton_rate": 0.8058451816745655,
    "base_top1_acc": 0.9418641390205371,
    "top1_acc_non_empty": 0.9543792107795958,
    "hir": 0.0
  },
  "num_test_defined": 6330,
  "num_test_used": 6330,
  "class_labels": [
    "fam:Android",
    "fam:Linux",
    "fam:Windows",
    "fam:iOS",
    "fam:macOS"
  ]
}