{
  "level": "family",
  "alpha": 0.5,
  "m_k": 6329,
  "j": 3165,
  "quantile_step": 0.0001579778830963665,
  "q_hat": 0.0003031492233276367,
  "metrics": {
    "coverage": 0.518957345971564,
    "set_size_mean": 0.5195892575039495,
    "set_size_median": 1.0,
    "empty_rate": 0.48041074249605054,
    "singleton_rate": 0.5195892575039495,
    "top1_acc_non_empty": 0.9987838248707814,
    "base_top1_acc": 0.9578199052132701,
    "hir": 0.2737756714060032
  },
  "num_test_defined": 6330,
  "num_test_used": 6330,
  "class_labels": [
    "fam:Android",
    "fam:Linux",
    "fam:Windows",
    "fam:iOS",
    "fam:macOS"
  ]
}