{
  "level": "family",
  "alpha_B": 0.5,
  "m_cal": 6329,
  "q_hat_leaf_B": 0.0692601203918457,
  "metrics": {
    "coverage": 0.5055292259083728,
    "set_size_mean": 0.5078988941548184,
    "set_size_median": 1.0,
    "empty_rate": 0.4921011058451817,
    "singleton_rate": 0.5078988941548184,
    "base_top1_acc": 0.9428120063191153,
    "top1_acc_non_empty": 0.995334370139969,
    "hir": 0.0
  },
  "num_test_defined": 6330,
  "num_test_used": 6330,
  "class_labels": [
    "fam:Android",
    "fam:Linux",
    "fam:Windows",
    "fam:iOS",
    "fam:macOS"
  ]
}