{
  "level": "family",
  "alpha_LoUPCP": 0.25,
  "m_cal": 6329,
  "q_hat_leaf_LoUPCP": 0.6979683637619019,
  "metrics": {
    "coverage": 0.8772511848341232,
    "set_size_mean": 0.944391785150079,
    "set_size_median": 1.0,
    "empty_rate": 0.08499210110584518,
    "singleton_rate": 0.8856240126382307,
    "base_top1_acc": 0.9434439178515008,
    "top1_acc_non_empty": 0.9497582872928176,
    "hir": 0.0
  },
  "num_test_defined": 6330,
  "num_test_used": 6330,
  "class_labels": [
    "fam:Android",
    "fam:Linux",
    "fam:Windows",
    "fam:iOS",
    "fam:macOS"
  ]
}