{
  "level": "family",
  "alpha": 0.3,
  "m_k": 6329,
  "j": 4431,
  "quantile_step": 0.0001579778830963665,
  "q_hat": 0.003913283348083496,
  "metrics": {
    "coverage": 0.7014218009478673,
    "set_size_mean": 0.7036334913112164,
    "set_size_median": 1.0,
    "empty_rate": 0.29636650868878356,
    "singleton_rate": 0.7036334913112164,
    "top1_acc_non_empty": 0.9968567579703638,
    "base_top1_acc": 0.9546603475513428,
    "hir": 0.3750394944707741
  },
  "num_test_defined": 6330,
  "num_test_used": 6330,
  "class_labels": [
    "fam:Android",
    "fam:Linux",
    "fam:Windows",
    "fam:iOS",
    "fam:macOS"
  ]
}