{
  "level": "family",
  "alpha_B": 0.15,
  "m_cal": 6329,
  "q_hat_leaf_B": 0.7825782299041748,
  "metrics": {
    "coverage": 0.955608214849921,
    "set_size_mean": 1.0357030015797788,
    "set_size_median": 1.0,
    "empty_rate": 0.007740916271721959,
    "singleton_rate": 0.9488151658767773,
    "base_top1_acc": 0.9434439178515008,
    "top1_acc_non_empty": 0.9463461232287852,
    "hir": 0.0
  },
  "num_test_defined": 6330,
  "num_test_used": 6330,
  "class_labels": [
    "fam:Android",
    "fam:Linux",
    "fam:Windows",
    "fam:iOS",
    "fam:macOS"
  ]
}