{
  "level": "family",
  "alpha": 0.35,
  "m_k": 6329,
  "j": 4115,
  "quantile_step": 0.0001579778830963665,
  "q_hat": 0.0020779967308044434,
  "metrics": {
    "coverage": 0.6527646129541864,
    "set_size_mean": 0.6546603475513428,
    "set_size_median": 1.0,
    "empty_rate": 0.34533965244865716,
    "singleton_rate": 0.6546603475513428,
    "top1_acc_non_empty": 0.997104247104247,
    "base_top1_acc": 0.9524486571879937,
    "hir": 0.28846761453396524
  },
  "num_test_defined": 6330,
  "num_test_used": 6330,
  "class_labels": [
    "fam:Android",
    "fam:Linux",
    "fam:Windows",
    "fam:iOS",
    "fam:macOS"
  ]
}