coverage_mean,coverage_std,set_size_mean_mean,set_size_mean_std,set_size_median_mean,set_size_median_std,empty_rate_mean,empty_rate_std,singleton_rate_mean,singleton_rate_std,top1_acc_non_empty_mean,top1_acc_non_empty_std,base_top1_acc_mean,base_top1_acc_std,hir_mean,hir_std
0.6054502369668243,0.005951800673577696,0.6347109004739333,0.008171398971511616,1.0,0.0,0.3652890995260659,0.008171398971511541,0.6347109004739333,0.008171398971511616,0.9539370041402816,0.0032674588049415587,0.8208120063191149,0.0029861512821388395,,
