{
  "level": "family",
  "alpha_LoUPCP": 0.25,
  "m_cal": 6329,
  "q_hat_leaf_LoUPCP": 0.693006694316864,
  "metrics": {
    "coverage": 0.8592417061611375,
    "set_size_mean": 0.9263823064770932,
    "set_size_median": 1.0,
    "empty_rate": 0.1018957345971564,
    "singleton_rate": 0.869826224328594,
    "base_top1_acc": 0.9391785150078988,
    "top1_acc_non_empty": 0.9465259454705365,
    "hir": 0.0
  },
  "num_test_defined": 6330,
  "num_test_used": 6330,
  "class_labels": [
    "fam:Android",
    "fam:Linux",
    "fam:Windows",
    "fam:iOS",
    "fam:macOS"
  ]
}