{
  "level": "family",
  "alpha_B": 0.4,
  "m_cal": 6329,
  "q_hat_leaf_B": 0.3161002993583679,
  "metrics": {
    "coverage": 0.6260663507109004,
    "set_size_mean": 0.6347551342812007,
    "set_size_median": 1.0,
    "empty_rate": 0.3652448657187994,
    "singleton_rate": 0.6347551342812007,
    "base_top1_acc": 0.9447077409162717,
    "top1_acc_non_empty": 0.9863115978098557,
    "hir": 0.0
  },
  "num_test_defined": 6330,
  "num_test_used": 6330,
  "class_labels": [
    "fam:Android",
    "fam:Linux",
    "fam:Windows",
    "fam:iOS",
    "fam:macOS"
  ]
}