{
  "level": "family",
  "alpha_B": 0.5,
  "m_cal": 6329,
  "q_hat_leaf_B": 0.06547290086746216,
  "metrics": {
    "coverage": 0.4990521327014218,
    "set_size_mean": 0.5012638230647709,
    "set_size_median": 1.0,
    "empty_rate": 0.4987361769352291,
    "singleton_rate": 0.5012638230647709,
    "base_top1_acc": 0.9417061611374408,
    "top1_acc_non_empty": 0.9955877718247715,
    "hir": 0.0
  },
  "num_test_defined": 6330,
  "num_test_used": 6330,
  "class_labels": [
    "fam:Android",
    "fam:Linux",
    "fam:Windows",
    "fam:iOS",
    "fam:macOS"
  ]
}