{
  "level": "family",
  "alpha": 0.1,
  "m_k": 6329,
  "j": 5697,
  "quantile_step": 0.0001579778830963665,
  "q_hat": 0.12493860721588135,
  "metrics": {
    "coverage": 0.8971563981042654,
    "set_size_mean": 0.9105845181674566,
    "set_size_median": 1.0,
    "empty_rate": 0.08941548183254344,
    "singleton_rate": 0.9105845181674566,
    "top1_acc_non_empty": 0.9852532963219987,
    "base_top1_acc": 0.9554502369668246,
    "hir": 0.2344391785150079
  },
  "num_test_defined": 6330,
  "num_test_used": 6330,
  "class_labels": [
    "fam:Android",
    "fam:Linux",
    "fam:Windows",
    "fam:iOS",
    "fam:macOS"
  ]
}