{
  "level": "family",
  "alpha": 0.5,
  "m_k": 6329,
  "j": 3165,
  "quantile_step": 0.0001579778830963665,
  "q_hat": 0.0002714991569519043,
  "metrics": {
    "coverage": 0.5028436018957346,
    "set_size_mean": 0.5031595576619273,
    "set_size_median": 1.0,
    "empty_rate": 0.4968404423380727,
    "singleton_rate": 0.5031595576619273,
    "top1_acc_non_empty": 0.9993720565149137,
    "base_top1_acc": 0.9554502369668246,
    "hir": 0.27187993680884676
  },
  "num_test_defined": 6330,
  "num_test_used": 6330,
  "class_labels": [
    "fam:Android",
    "fam:Linux",
    "fam:Windows",
    "fam:iOS",
    "fam:macOS"
  ]
}