{
  "level": "family",
  "alpha_B": 0.1,
  "m_cal": 6329,
  "q_hat_leaf_B": 0.8336082696914673,
  "metrics": {
    "coverage": 0.9627172195892575,
    "set_size_mean": 1.0611374407582939,
    "set_size_median": 1.0,
    "empty_rate": 0.0011058451816745656,
    "singleton_rate": 0.9383886255924171,
    "base_top1_acc": 0.9423380726698263,
    "top1_acc_non_empty": 0.9433813063419263,
    "hir": 0.0
  },
  "num_test_defined": 6330,
  "num_test_used": 6330,
  "class_labels": [
    "fam:Android",
    "fam:Linux",
    "fam:Windows",
    "fam:iOS",
    "fam:macOS"
  ]
}