{
  "level": "family",
  "alpha_LoUPCP": 0.45,
  "m_cal": 6329,
  "q_hat_leaf_LoUPCP": 0.16061556339263916,
  "metrics": {
    "coverage": 0.5565560821484992,
    "set_size_mean": 0.5601895734597157,
    "set_size_median": 1.0,
    "empty_rate": 0.43981042654028435,
    "singleton_rate": 0.5601895734597157,
    "base_top1_acc": 0.9402843601895735,
    "top1_acc_non_empty": 0.9935138183869149,
    "hir": 0.0
  },
  "num_test_defined": 6330,
  "num_test_used": 6330,
  "class_labels": [
    "fam:Android",
    "fam:Linux",
    "fam:Windows",
    "fam:iOS",
    "fam:macOS"
  ]
}