{
  "level": "family",
  "alpha_B": 0.02,
  "m_cal": 6329,
  "q_hat_leaf_B": 0.9830762147903442,
  "metrics": {
    "coverage": 0.9930489731437598,
    "set_size_mean": 1.3707740916271722,
    "set_size_median": 1.0,
    "empty_rate": 0.0,
    "singleton_rate": 0.7202211690363349,
    "base_top1_acc": 0.9429699842022117,
    "top1_acc_non_empty": 0.9429699842022117,
    "hir": 0.0
  },
  "num_test_defined": 6330,
  "num_test_used": 6330,
  "class_labels": [
    "fam:Android",
    "fam:Linux",
    "fam:Windows",
    "fam:iOS",
    "fam:macOS"
  ]
}