{
  "level": "family",
  "alpha": 0.04,
  "m_k": 6329,
  "j": 6077,
  "quantile_step": 0.0001579778830963665,
  "q_hat": 0.676929771900177,
  "metrics": {
    "coverage": 0.9661927330173775,
    "set_size_mean": 1.0157977883096367,
    "set_size_median": 1.0,
    "empty_rate": 0.0001579778830963665,
    "singleton_rate": 0.9838862559241706,
    "top1_acc_non_empty": 0.9579712434823827,
    "base_top1_acc": 0.9578199052132701,
    "hir": 0.32654028436018956
  },
  "num_test_defined": 6330,
  "num_test_used": 6330,
  "class_labels": [
    "fam:Android",
    "fam:Linux",
    "fam:Windows",
    "fam:iOS",
    "fam:macOS"
  ]
}