{
  "level": "family",
  "alpha": 0.45,
  "m_k": 6329,
  "j": 3482,
  "quantile_step": 0.0001579778830963665,
  "q_hat": 0.0004907846450805664,
  "metrics": {
    "coverage": 0.5535545023696683,
    "set_size_mean": 0.5537124802527646,
    "set_size_median": 1.0,
    "empty_rate": 0.4462875197472354,
    "singleton_rate": 0.5537124802527646,
    "top1_acc_non_empty": 0.9997146932952924,
    "base_top1_acc": 0.9554502369668246,
    "hir": 0.23175355450236967
  },
  "num_test_defined": 6330,
  "num_test_used": 6330,
  "class_labels": [
    "fam:Android",
    "fam:Linux",
    "fam:Windows",
    "fam:iOS",
    "fam:macOS"
  ]
}