{
  "level": "family",
  "alpha": 0.15,
  "m_k": 6329,
  "j": 5381,
  "quantile_step": 0.0001579778830963665,
  "q_hat": 0.08374375104904175,
  "metrics": {
    "coverage": 0.8601895734597157,
    "set_size_mean": 0.8703001579778831,
    "set_size_median": 1.0,
    "empty_rate": 0.1296998420221169,
    "singleton_rate": 0.8703001579778831,
    "top1_acc_non_empty": 0.9883826465783264,
    "base_top1_acc": 0.9559241706161138,
    "hir": 0.269826224328594
  },
  "num_test_defined": 6330,
  "num_test_used": 6330,
  "class_labels": [
    "fam:Android",
    "fam:Linux",
    "fam:Windows",
    "fam:iOS",
    "fam:macOS"
  ]
}