{
  "level": "family",
  "alpha_B": 0.3,
  "m_cal": 6329,
  "q_hat_leaf_B": 0.6134242415428162,
  "metrics": {
    "coverage": 0.7843601895734598,
    "set_size_mean": 0.830173775671406,
    "set_size_median": 1.0,
    "empty_rate": 0.18183254344391786,
    "singleton_rate": 0.8061611374407583,
    "base_top1_acc": 0.9390205371248025,
    "top1_acc_non_empty": 0.9540451824676579,
    "hir": 0.0
  },
  "num_test_defined": 6330,
  "num_test_used": 6330,
  "class_labels": [
    "fam:Android",
    "fam:Linux",
    "fam:Windows",
    "fam:iOS",
    "fam:macOS"
  ]
}