{
  "level": "family",
  "alpha": 0.2,
  "m_k": 6329,
  "j": 5064,
  "quantile_step": 0.0001579778830963665,
  "q_hat": 0.03313565254211426,
  "metrics": {
    "coverage": 0.8003159557661927,
    "set_size_mean": 0.8055292259083728,
    "set_size_median": 1.0,
    "empty_rate": 0.19447077409162716,
    "singleton_rate": 0.8055292259083728,
    "top1_acc_non_empty": 0.9935281427730928,
    "base_top1_acc": 0.9562401263823065,
    "hir": 0.3360189573459716
  },
  "num_test_defined": 6330,
  "num_test_used": 6330,
  "class_labels": [
    "fam:Android",
    "fam:Linux",
    "fam:Windows",
    "fam:iOS",
    "fam:macOS"
  ]
}