{
  "level": "family",
  "alpha": 0.45,
  "m_k": 6329,
  "j": 3482,
  "quantile_step": 0.0001579778830963665,
  "q_hat": 0.00044924020767211914,
  "metrics": {
    "coverage": 0.5447077409162717,
    "set_size_mean": 0.5447077409162717,
    "set_size_median": 1.0,
    "empty_rate": 0.4552922590837283,
    "singleton_rate": 0.5447077409162717,
    "top1_acc_non_empty": 1.0,
    "base_top1_acc": 0.9537124802527646,
    "hir": 0.23285939968404423
  },
  "num_test_defined": 6330,
  "num_test_used": 6330,
  "class_labels": [
    "fam:Android",
    "fam:Linux",
    "fam:Windows",
    "fam:iOS",
    "fam:macOS"
  ]
}