{
  "level": "family",
  "alpha_B": 0.45,
  "m_cal": 6329,
  "q_hat_leaf_B": 0.18031632900238037,
  "metrics": {
    "coverage": 0.5696682464454976,
    "set_size_mean": 0.5736176935229068,
    "set_size_median": 1.0,
    "empty_rate": 0.4263823064770932,
    "singleton_rate": 0.5736176935229068,
    "base_top1_acc": 0.946129541864139,
    "top1_acc_non_empty": 0.9931148443954834,
    "hir": 0.0
  },
  "num_test_defined": 6330,
  "num_test_used": 6330,
  "class_labels": [
    "fam:Android",
    "fam:Linux",
    "fam:Windows",
    "fam:iOS",
    "fam:macOS"
  ]
}