{
  "level": "family",
  "alpha_B": 0.02,
  "m_cal": 6329,
  "q_hat_leaf_B": 0.9810161590576172,
  "metrics": {
    "coverage": 0.9908372827804107,
    "set_size_mean": 1.359083728278041,
    "set_size_median": 1.0,
    "empty_rate": 0.0,
    "singleton_rate": 0.7266982622432859,
    "base_top1_acc": 0.9393364928909953,
    "top1_acc_non_empty": 0.9393364928909953,
    "hir": 0.0
  },
  "num_test_defined": 6330,
  "num_test_used": 6330,
  "class_labels": [
    "fam:Android",
    "fam:Linux",
    "fam:Windows",
    "fam:iOS",
    "fam:macOS"
  ]
}