{
  "level": "family",
  "alpha_LoUPCP": 0.2,
  "m_cal": 6329,
  "q_hat_leaf_LoUPCP": 0.7647392153739929,
  "metrics": {
    "coverage": 0.9407582938388626,
    "set_size_mean": 1.0199052132701423,
    "set_size_median": 1.0,
    "empty_rate": 0.021169036334913113,
    "singleton_rate": 0.9377567140600316,
    "base_top1_acc": 0.9445497630331754,
    "top1_acc_non_empty": 0.94770819883796,
    "hir": 0.0
  },
  "num_test_defined": 6330,
  "num_test_used": 6330,
  "class_labels": [
    "fam:Android",
    "fam:Linux",
    "fam:Windows",
    "fam:iOS",
    "fam:macOS"
  ]
}