{
  "level": "family",
  "alpha_LoUPCP": 0.075,
  "m_cal": 6329,
  "q_hat_leaf_LoUPCP": 0.9011467099189758,
  "metrics": {
    "coverage": 0.9712480252764613,
    "set_size_mean": 1.1126382306477094,
    "set_size_median": 1.0,
    "empty_rate": 0.0,
    "singleton_rate": 0.8966824644549763,
    "base_top1_acc": 0.9434439178515008,
    "top1_acc_non_empty": 0.9434439178515008,
    "hir": 0.0
  },
  "num_test_defined": 6330,
  "num_test_used": 6330,
  "class_labels": [
    "fam:Android",
    "fam:Linux",
    "fam:Windows",
    "fam:iOS",
    "fam:macOS"
  ]
}