{
  "level": "family",
  "alpha_B": 0.25,
  "m_cal": 6329,
  "q_hat_leaf_B": 0.7025814056396484,
  "metrics": {
    "coverage": 0.8780410742496051,
    "set_size_mean": 0.9499210110584518,
    "set_size_median": 1.0,
    "empty_rate": 0.08262243285939969,
    "singleton_rate": 0.8848341232227488,
    "base_top1_acc": 0.9398104265402843,
    "top1_acc_non_empty": 0.9459273290855864,
    "hir": 0.0
  },
  "num_test_defined": 6330,
  "num_test_used": 6330,
  "class_labels": [
    "fam:Android",
    "fam:Linux",
    "fam:Windows",
    "fam:iOS",
    "fam:macOS"
  ]
}