{
  "level": "family",
  "alpha_LoUPCP": 0.45,
  "m_cal": 6329,
  "q_hat_leaf_LoUPCP": 0.1550215482711792,
  "metrics": {
    "coverage": 0.5535545023696683,
    "set_size_mean": 0.5576619273301737,
    "set_size_median": 1.0,
    "empty_rate": 0.4423380726698262,
    "singleton_rate": 0.5576619273301737,
    "base_top1_acc": 0.943127962085308,
    "top1_acc_non_empty": 0.9926345609065156,
    "hir": 0.0
  },
  "num_test_defined": 6330,
  "num_test_used": 6330,
  "class_labels": [
    "fam:Android",
    "fam:Linux",
    "fam:Windows",
    "fam:iOS",
    "fam:macOS"
  ]
}