{
  "level": "family",
  "alpha": 0.03,
  "m_k": 6329,
  "j": 6141,
  "quantile_step": 0.0001579778830963665,
  "q_hat": 0.7887333035469055,
  "metrics": {
    "coverage": 0.969826224328594,
    "set_size_mean": 1.0357030015797788,
    "set_size_median": 1.0,
    "empty_rate": 0.0,
    "singleton_rate": 0.9652448657187994,
    "top1_acc_non_empty": 0.9543443917851501,
    "base_top1_acc": 0.9543443917851501,
    "hir": 0.3565560821484992
  },
  "num_test_defined": 6330,
  "num_test_used": 6330,
  "class_labels": [
    "fam:Android",
    "fam:Linux",
    "fam:Windows",
    "fam:iOS",
    "fam:macOS"
  ]
}