{
  "level": "family",
  "alpha": 0.0,
  "m_k": 6329,
  "j": 6329,
  "quantile_step": 0.0001579778830963665,
  "q_hat": 0.9999977946281433,
  "metrics": {
    "coverage": 0.9998420221169037,
    "set_size_mean": 3.6093206951026855,
    "set_size_median": 4.0,
    "empty_rate": 0.0,
    "singleton_rate": 0.07345971563981042,
    "top1_acc_non_empty": 0.9562401263823065,
    "base_top1_acc": 0.9562401263823065,
    "hir": 0.8808846761453396
  },
  "num_test_defined": 6330,
  "num_test_used": 6330,
  "class_labels": [
    "fam:Android",
    "fam:Linux",
    "fam:Windows",
    "fam:iOS",
    "fam:macOS"
  ]
}