{
  "level": "family",
  "alpha_B": 0.45,
  "m_cal": 6329,
  "q_hat_leaf_B": 0.1733759045600891,
  "metrics": {
    "coverage": 0.5628751974723538,
    "set_size_mean": 0.5672985781990522,
    "set_size_median": 1.0,
    "empty_rate": 0.4327014218009479,
    "singleton_rate": 0.5672985781990522,
    "base_top1_acc": 0.944391785150079,
    "top1_acc_non_empty": 0.9922027290448343,
    "hir": 0.0
  },
  "num_test_defined": 6330,
  "num_test_used": 6330,
  "class_labels": [
    "fam:Android",
    "fam:Linux",
    "fam:Windows",
    "fam:iOS",
    "fam:macOS"
  ]
}