{
  "level": "family",
  "alpha_B": 0.1,
  "m_cal": 6329,
  "q_hat_leaf_B": 0.8286548852920532,
  "metrics": {
    "coverage": 0.9622432859399684,
    "set_size_mean": 1.06129541864139,
    "set_size_median": 1.0,
    "empty_rate": 0.0011058451816745656,
    "singleton_rate": 0.9374407582938389,
    "base_top1_acc": 0.9453396524486571,
    "top1_acc_non_empty": 0.9460699035268069,
    "hir": 0.0
  },
  "num_test_defined": 6330,
  "num_test_used": 6330,
  "class_labels": [
    "fam:Android",
    "fam:Linux",
    "fam:Windows",
    "fam:iOS",
    "fam:macOS"
  ]
}