{
  "level": "family",
  "alpha": 0.2,
  "m_k": 6329,
  "j": 5064,
  "quantile_step": 0.0001579778830963665,
  "q_hat": 0.03298509120941162,
  "metrics": {
    "coverage": 0.7998420221169036,
    "set_size_mean": 0.8036334913112164,
    "set_size_median": 1.0,
    "empty_rate": 0.19636650868878358,
    "singleton_rate": 0.8036334913112164,
    "top1_acc_non_empty": 0.9952820916060546,
    "base_top1_acc": 0.9575039494470774,
    "hir": 0.33712480252764615
  },
  "num_test_defined": 6330,
  "num_test_used": 6330,
  "class_labels": [
    "fam:Android",
    "fam:Linux",
    "fam:Windows",
    "fam:iOS",
    "fam:macOS"
  ]
}