{
  "level": "family",
  "alpha": 0.075,
  "m_k": 6329,
  "j": 5856,
  "quantile_step": 0.0001579778830963665,
  "q_hat": 0.20859777927398682,
  "metrics": {
    "coverage": 0.9328593996840442,
    "set_size_mean": 0.9540284360189574,
    "set_size_median": 1.0,
    "empty_rate": 0.04597156398104266,
    "singleton_rate": 0.9540284360189574,
    "top1_acc_non_empty": 0.9778108958436827,
    "base_top1_acc": 0.9559241706161138,
    "hir": 0.23759873617693522
  },
  "num_test_defined": 6330,
  "num_test_used": 6330,
  "class_labels": [
    "fam:Android",
    "fam:Linux",
    "fam:Windows",
    "fam:iOS",
    "fam:macOS"
  ]
}