{
  "level": "family",
  "alpha_LoUPCP": 0.03,
  "m_cal": 6329,
  "q_hat_leaf_LoUPCP": 0.9711496233940125,
  "metrics": {
    "coverage": 0.9894154818325435,
    "set_size_mean": 1.315007898894155,
    "set_size_median": 1.0,
    "empty_rate": 0.0,
    "singleton_rate": 0.7537124802527646,
    "base_top1_acc": 0.940126382306477,
    "top1_acc_non_empty": 0.940126382306477,
    "hir": 0.0
  },
  "num_test_defined": 6330,
  "num_test_used": 6330,
  "class_labels": [
    "fam:Android",
    "fam:Linux",
    "fam:Windows",
    "fam:iOS",
    "fam:macOS"
  ]
}