{
  "level": "family",
  "alpha_B": 0.15,
  "m_cal": 6329,
  "q_hat_leaf_B": 0.7795133590698242,
  "metrics": {
    "coverage": 0.9477093206951027,
    "set_size_mean": 1.0323854660347551,
    "set_size_median": 1.0,
    "empty_rate": 0.011058451816745656,
    "singleton_rate": 0.9454976303317536,
    "base_top1_acc": 0.9393364928909953,
    "top1_acc_non_empty": 0.9424920127795527,
    "hir": 0.0
  },
  "num_test_defined": 6330,
  "num_test_used": 6330,
  "class_labels": [
    "fam:Android",
    "fam:Linux",
    "fam:Windows",
    "fam:iOS",
    "fam:macOS"
  ]
}