{
  "level": "family",
  "alpha": 0.45,
  "m_k": 6329,
  "j": 3482,
  "quantile_step": 0.0001579778830963665,
  "q_hat": 0.00046706199645996094,
  "metrics": {
    "coverage": 0.5475513428120063,
    "set_size_mean": 0.5477093206951027,
    "set_size_median": 1.0,
    "empty_rate": 0.4522906793048973,
    "singleton_rate": 0.5477093206951027,
    "top1_acc_non_empty": 0.9997115661955581,
    "base_top1_acc": 0.9540284360189574,
    "hir": 0.22796208530805687
  },
  "num_test_defined": 6330,
  "num_test_used": 6330,
  "class_labels": [
    "fam:Android",
    "fam:Linux",
    "fam:Windows",
    "fam:iOS",
    "fam:macOS"
  ]
}