level,alpha,m_k,j,quantile_step,q_hat,num_test_defined,num_test_used
leaf,0.45,6329,3482,0.0001579778830963665,0.1547762155532837,6330,6330
