{
  "level": "family",
  "alpha": 0.05,
  "m_k": 6329,
  "j": 6014,
  "quantile_step": 0.0001579778830963665,
  "q_hat": 0.36490875482559204,
  "metrics": {
    "coverage": 0.946129541864139,
    "set_size_mean": 0.9786729857819905,
    "set_size_median": 1.0,
    "empty_rate": 0.02132701421800948,
    "singleton_rate": 0.9786729857819905,
    "top1_acc_non_empty": 0.9667473769168684,
    "base_top1_acc": 0.9535545023696682,
    "hir": 0.28799368088467614
  },
  "num_test_defined": 6330,
  "num_test_used": 6330,
  "class_labels": [
    "fam:Android",
    "fam:Linux",
    "fam:Windows",
    "fam:iOS",
    "fam:macOS"
  ]
}