{
  "level": "family",
  "alpha": 0.05,
  "m_k": 6329,
  "j": 6014,
  "quantile_step": 0.0001579778830963665,
  "q_hat": 0.3683428168296814,
  "metrics": {
    "coverage": 0.9467614533965245,
    "set_size_mean": 0.9812006319115324,
    "set_size_median": 1.0,
    "empty_rate": 0.018799368088467616,
    "singleton_rate": 0.9812006319115324,
    "top1_acc_non_empty": 0.9649009821284817,
    "base_top1_acc": 0.953870458135861,
    "hir": 0.33317535545023697
  },
  "num_test_defined": 6330,
  "num_test_used": 6330,
  "class_labels": [
    "fam:Android",
    "fam:Linux",
    "fam:Windows",
    "fam:iOS",
    "fam:macOS"
  ]
}