{
  "level": "family",
  "alpha_B": 0.4,
  "m_cal": 6329,
  "q_hat_leaf_B": 0.3319852948188782,
  "metrics": {
    "coverage": 0.6377567140600316,
    "set_size_mean": 0.6483412322274882,
    "set_size_median": 1.0,
    "empty_rate": 0.35165876777251187,
    "singleton_rate": 0.6483412322274882,
    "base_top1_acc": 0.9448657187993681,
    "top1_acc_non_empty": 0.9836744639376218,
    "hir": 0.0
  },
  "num_test_defined": 6330,
  "num_test_used": 6330,
  "class_labels": [
    "fam:Android",
    "fam:Linux",
    "fam:Windows",
    "fam:iOS",
    "fam:macOS"
  ]
}