{
  "level": "family",
  "alpha": 0.45,
  "m_k": 6329,
  "j": 3482,
  "quantile_step": 0.0001579778830963665,
  "q_hat": 0.000491023063659668,
  "metrics": {
    "coverage": 0.5541864139020537,
    "set_size_mean": 0.5545023696682464,
    "set_size_median": 1.0,
    "empty_rate": 0.44549763033175355,
    "singleton_rate": 0.5545023696682464,
    "top1_acc_non_empty": 0.9994301994301994,
    "base_top1_acc": 0.9571879936808847,
    "hir": 0.23048973143759874
  },
  "num_test_defined": 6330,
  "num_test_used": 6330,
  "class_labels": [
    "fam:Android",
    "fam:Linux",
    "fam:Windows",
    "fam:iOS",
    "fam:macOS"
  ]
}