{
  "level": "family",
  "alpha": 0.2,
  "m_k": 6329,
  "j": 5064,
  "quantile_step": 0.0001579778830963665,
  "q_hat": 0.035236477851867676,
  "metrics": {
    "coverage": 0.8071090047393364,
    "set_size_mean": 0.8126382306477093,
    "set_size_median": 1.0,
    "empty_rate": 0.18736176935229068,
    "singleton_rate": 0.8126382306477093,
    "top1_acc_non_empty": 0.9931959564541213,
    "base_top1_acc": 0.9578199052132701,
    "hir": 0.32701421800947866
  },
  "num_test_defined": 6330,
  "num_test_used": 6330,
  "class_labels": [
    "fam:Android",
    "fam:Linux",
    "fam:Windows",
    "fam:iOS",
    "fam:macOS"
  ]
}