{
  "level": "family",
  "alpha": 0.075,
  "m_k": 6329,
  "j": 5856,
  "quantile_step": 0.0001579778830963665,
  "q_hat": 0.1769237518310547,
  "metrics": {
    "coverage": 0.9191153238546603,
    "set_size_mean": 0.9407582938388626,
    "set_size_median": 1.0,
    "empty_rate": 0.05924170616113744,
    "singleton_rate": 0.9407582938388626,
    "top1_acc_non_empty": 0.9769941225860621,
    "base_top1_acc": 0.952132701421801,
    "hir": 0.24502369668246446
  },
  "num_test_defined": 6330,
  "num_test_used": 6330,
  "class_labels": [
    "fam:Android",
    "fam:Linux",
    "fam:Windows",
    "fam:iOS",
    "fam:macOS"
  ]
}