{
  "level": "family",
  "alpha": 0.2,
  "m_k": 6329,
  "j": 5064,
  "quantile_step": 0.0001579778830963665,
  "q_hat": 0.027991652488708496,
  "metrics": {
    "coverage": 0.790521327014218,
    "set_size_mean": 0.7943127962085308,
    "set_size_median": 1.0,
    "empty_rate": 0.20568720379146918,
    "singleton_rate": 0.7943127962085308,
    "top1_acc_non_empty": 0.9952267303102625,
    "base_top1_acc": 0.9548183254344392,
    "hir": 0.33791469194312795
  },
  "num_test_defined": 6330,
  "num_test_used": 6330,
  "class_labels": [
    "fam:Android",
    "fam:Linux",
    "fam:Windows",
    "fam:iOS",
    "fam:macOS"
  ]
}