{
  "level": "family",
  "alpha_B": 0.15,
  "m_cal": 6329,
  "q_hat_leaf_B": 0.7830459475517273,
  "metrics": {
    "coverage": 0.9551342812006319,
    "set_size_mean": 1.0360189573459715,
    "set_size_median": 1.0,
    "empty_rate": 0.008846761453396525,
    "singleton_rate": 0.9462875197472354,
    "base_top1_acc": 0.944391785150079,
    "top1_acc_non_empty": 0.9477207523111253,
    "hir": 0.0
  },
  "num_test_defined": 6330,
  "num_test_used": 6330,
  "class_labels": [
    "fam:Android",
    "fam:Linux",
    "fam:Windows",
    "fam:iOS",
    "fam:macOS"
  ]
}