{
  "level": "family",
  "alpha": 0.075,
  "m_k": 6329,
  "j": 5856,
  "quantile_step": 0.0001579778830963665,
  "q_hat": 0.19337373971939087,
  "metrics": {
    "coverage": 0.9278041074249606,
    "set_size_mean": 0.9472353870458136,
    "set_size_median": 1.0,
    "empty_rate": 0.05276461295418641,
    "singleton_rate": 0.9472353870458136,
    "top1_acc_non_empty": 0.9794863242161441,
    "base_top1_acc": 0.9575039494470774,
    "hir": 0.255608214849921
  },
  "num_test_defined": 6330,
  "num_test_used": 6330,
  "class_labels": [
    "fam:Android",
    "fam:Linux",
    "fam:Windows",
    "fam:iOS",
    "fam:macOS"
  ]
}