coverage,set_size_mean,set_size_median,empty_rate,singleton_rate,top1_acc_non_empty,base_top1_acc,hir,level,alpha,run
0.9513428120063191,0.9857819905213271,1.0,0.014218009478672002,0.9857819905213271,0.965064102564102,0.957187993680884,0.33017377567140604,family,0.05,1
