level,alpha,m_k,j,quantile_step,q_hat,num_test_defined,num_test_used
leaf,0.0,6329,6329,0.0001579778830963665,0.9999704957008362,6330,6330
