{
  "level": "family",
  "alpha": 0.02,
  "m_k": 6329,
  "j": 6204,
  "quantile_step": 0.0001579778830963665,
  "q_hat": 0.9121404886245728,
  "metrics": {
    "coverage": 0.9805687203791469,
    "set_size_mean": 1.1053712480252764,
    "set_size_median": 1.0,
    "empty_rate": 0.0,
    "singleton_rate": 0.9045813586097946,
    "top1_acc_non_empty": 0.9560821484992101,
    "base_top1_acc": 0.9560821484992101,
    "hir": 0.4052132701421801
  },
  "num_test_defined": 6330,
  "num_test_used": 6330,
  "class_labels": [
    "fam:Android",
    "fam:Linux",
    "fam:Windows",
    "fam:iOS",
    "fam:macOS"
  ]
}