{
  "level": "family",
  "alpha": 0.35,
  "m_k": 6329,
  "j": 4115,
  "quantile_step": 0.0001579778830963665,
  "q_hat": 0.0021378397941589355,
  "metrics": {
    "coverage": 0.6575039494470775,
    "set_size_mean": 0.658609794628752,
    "set_size_median": 1.0,
    "empty_rate": 0.34139020537124803,
    "singleton_rate": 0.658609794628752,
    "top1_acc_non_empty": 0.9983209402734469,
    "base_top1_acc": 0.957345971563981,
    "hir": 0.2909952606635071
  },
  "num_test_defined": 6330,
  "num_test_used": 6330,
  "class_labels": [
    "fam:Android",
    "fam:Linux",
    "fam:Windows",
    "fam:iOS",
    "fam:macOS"
  ]
}