{
  "level": "family",
  "alpha_LoUPCP": 0.075,
  "m_cal": 6329,
  "q_hat_leaf_LoUPCP": 0.8970961570739746,
  "metrics": {
    "coverage": 0.9706161137440759,
    "set_size_mean": 1.09826224328594,
    "set_size_median": 1.0,
    "empty_rate": 0.0,
    "singleton_rate": 0.909952606635071,
    "base_top1_acc": 0.9481832543443918,
    "top1_acc_non_empty": 0.9481832543443918,
    "hir": 0.0
  },
  "num_test_defined": 6330,
  "num_test_used": 6330,
  "class_labels": [
    "fam:Android",
    "fam:Linux",
    "fam:Windows",
    "fam:iOS",
    "fam:macOS"
  ]
}