{
  "level": "family",
  "alpha_B": 0.1,
  "m_cal": 6329,
  "q_hat_leaf_B": 0.8305275440216064,
  "metrics": {
    "coverage": 0.9620853080568721,
    "set_size_mean": 1.0674565560821485,
    "set_size_median": 1.0,
    "empty_rate": 0.000631911532385466,
    "singleton_rate": 0.9333333333333333,
    "base_top1_acc": 0.9398104265402843,
    "top1_acc_non_empty": 0.9404046791021182,
    "hir": 0.0
  },
  "num_test_defined": 6330,
  "num_test_used": 6330,
  "class_labels": [
    "fam:Android",
    "fam:Linux",
    "fam:Windows",
    "fam:iOS",
    "fam:macOS"
  ]
}