{
  "level": "family",
  "alpha": 0.05,
  "m_k": 6329,
  "j": 6014,
  "quantile_step": 0.0001579778830963665,
  "q_hat": 0.3753337860107422,
  "metrics": {
    "coverage": 0.9470774091627172,
    "set_size_mean": 0.9824644549763033,
    "set_size_median": 1.0,
    "empty_rate": 0.017535545023696683,
    "singleton_rate": 0.9824644549763033,
    "top1_acc_non_empty": 0.9639813474835183,
    "base_top1_acc": 0.9535545023696682,
    "hir": 0.3031595576619273
  },
  "num_test_defined": 6330,
  "num_test_used": 6330,
  "class_labels": [
    "fam:Android",
    "fam:Linux",
    "fam:Windows",
    "fam:iOS",
    "fam:macOS"
  ]
}