level,alpha,m_k,j,quantile_step,q_hat,num_test_defined,num_test_used
major,0.3,6329,4431,0.0001579778830963665,0.10555881261825562,6330,6330
