{
  "level": "family",
  "alpha_B": 0.1,
  "m_cal": 6329,
  "q_hat_leaf_B": 0.8289211392402649,
  "metrics": {
    "coverage": 0.9614533965244866,
    "set_size_mean": 1.0578199052132702,
    "set_size_median": 1.0,
    "empty_rate": 0.001579778830963665,
    "singleton_rate": 0.940126382306477,
    "base_top1_acc": 0.9428120063191153,
    "top1_acc_non_empty": 0.9439873417721519,
    "hir": 0.0
  },
  "num_test_defined": 6330,
  "num_test_used": 6330,
  "class_labels": [
    "fam:Android",
    "fam:Linux",
    "fam:Windows",
    "fam:iOS",
    "fam:macOS"
  ]
}