{
  "level": "family",
  "alpha_B": 0.1,
  "m_cal": 6329,
  "q_hat_leaf_B": 0.832697331905365,
  "metrics": {
    "coverage": 0.9612954186413902,
    "set_size_mean": 1.0669826224328594,
    "set_size_median": 1.0,
    "empty_rate": 0.001263823064770932,
    "singleton_rate": 0.9320695102685624,
    "base_top1_acc": 0.9415481832543444,
    "top1_acc_non_empty": 0.9424232837709585,
    "hir": 0.0
  },
  "num_test_defined": 6330,
  "num_test_used": 6330,
  "class_labels": [
    "fam:Android",
    "fam:Linux",
    "fam:Windows",
    "fam:iOS",
    "fam:macOS"
  ]
}