{
  "level": "family",
  "alpha": 0.25,
  "m_k": 6329,
  "j": 4748,
  "quantile_step": 0.0001579778830963665,
  "q_hat": 0.011158883571624756,
  "metrics": {
    "coverage": 0.7624012638230647,
    "set_size_mean": 0.7654028436018957,
    "set_size_median": 1.0,
    "empty_rate": 0.23459715639810427,
    "singleton_rate": 0.7654028436018957,
    "top1_acc_non_empty": 0.996078431372549,
    "base_top1_acc": 0.956872037914692,
    "hir": 0.36729857819905215
  },
  "num_test_defined": 6330,
  "num_test_used": 6330,
  "class_labels": [
    "fam:Android",
    "fam:Linux",
    "fam:Windows",
    "fam:iOS",
    "fam:macOS"
  ]
}