{
  "level": "family",
  "alpha": 0.3,
  "m_k": 6329,
  "j": 4431,
  "quantile_step": 0.0001579778830963665,
  "q_hat": 0.0036667585372924805,
  "metrics": {
    "coverage": 0.6939968404423381,
    "set_size_mean": 0.6960505529225909,
    "set_size_median": 1.0,
    "empty_rate": 0.3039494470774092,
    "singleton_rate": 0.6960505529225909,
    "top1_acc_non_empty": 0.9970494779845664,
    "base_top1_acc": 0.9524486571879937,
    "hir": 0.3684044233807267
  },
  "num_test_defined": 6330,
  "num_test_used": 6330,
  "class_labels": [
    "fam:Android",
    "fam:Linux",
    "fam:Windows",
    "fam:iOS",
    "fam:macOS"
  ]
}