{
  "level": "family",
  "alpha_LoUPCP": 0.05,
  "m_cal": 6329,
  "q_hat_leaf_LoUPCP": 0.9417054057121277,
  "metrics": {
    "coverage": 0.982780410742496,
    "set_size_mean": 1.2246445497630332,
    "set_size_median": 1.0,
    "empty_rate": 0.0,
    "singleton_rate": 0.8102685624012638,
    "base_top1_acc": 0.9420221169036335,
    "top1_acc_non_empty": 0.9420221169036335,
    "hir": 0.0
  },
  "num_test_defined": 6330,
  "num_test_used": 6330,
  "class_labels": [
    "fam:Android",
    "fam:Linux",
    "fam:Windows",
    "fam:iOS",
    "fam:macOS"
  ]
}