{
  "level": "family",
  "alpha": 0.35,
  "m_k": 6329,
  "j": 4115,
  "quantile_step": 0.0001579778830963665,
  "q_hat": 0.0020464658737182617,
  "metrics": {
    "coverage": 0.6510268562401264,
    "set_size_mean": 0.6526066350710901,
    "set_size_median": 1.0,
    "empty_rate": 0.34739336492890993,
    "singleton_rate": 0.6526066350710901,
    "top1_acc_non_empty": 0.9975792786250303,
    "base_top1_acc": 0.956872037914692,
    "hir": 0.30126382306477095
  },
  "num_test_defined": 6330,
  "num_test_used": 6330,
  "class_labels": [
    "fam:Android",
    "fam:Linux",
    "fam:Windows",
    "fam:iOS",
    "fam:macOS"
  ]
}