{
  "level": "family",
  "alpha": 0.25,
  "m_k": 6329,
  "j": 4748,
  "quantile_step": 0.0001579778830963665,
  "q_hat": 0.009433567523956299,
  "metrics": {
    "coverage": 0.7499210110584518,
    "set_size_mean": 0.7533965244865719,
    "set_size_median": 1.0,
    "empty_rate": 0.24660347551342812,
    "singleton_rate": 0.7533965244865719,
    "top1_acc_non_empty": 0.9953868735583979,
    "base_top1_acc": 0.9537124802527646,
    "hir": 0.3721958925750395
  },
  "num_test_defined": 6330,
  "num_test_used": 6330,
  "class_labels": [
    "fam:Android",
    "fam:Linux",
    "fam:Windows",
    "fam:iOS",
    "fam:macOS"
  ]
}