{
  "level": "family",
  "alpha_LoUPCP": 0.15,
  "m_cal": 6329,
  "q_hat_leaf_LoUPCP": 0.7799698114395142,
  "metrics": {
    "coverage": 0.9519747235387046,
    "set_size_mean": 1.0312796208530806,
    "set_size_median": 1.0,
    "empty_rate": 0.011058451816745656,
    "singleton_rate": 0.9466034755134282,
    "base_top1_acc": 0.9440758293838862,
    "top1_acc_non_empty": 0.9487220447284345,
    "hir": 0.0
  },
  "num_test_defined": 6330,
  "num_test_used": 6330,
  "class_labels": [
    "fam:Android",
    "fam:Linux",
    "fam:Windows",
    "fam:iOS",
    "fam:macOS"
  ]
}