{
  "level": "family",
  "alpha": 0.05,
  "m_k": 6329,
  "j": 6014,
  "quantile_step": 0.0001579778830963665,
  "q_hat": 0.3376919627189636,
  "metrics": {
    "coverage": 0.9421800947867298,
    "set_size_mean": 0.9748815165876777,
    "set_size_median": 1.0,
    "empty_rate": 0.025118483412322274,
    "singleton_rate": 0.9748815165876777,
    "top1_acc_non_empty": 0.966456003889159,
    "base_top1_acc": 0.9513428120063191,
    "hir": 0.2856240126382307
  },
  "num_test_defined": 6330,
  "num_test_used": 6330,
  "class_labels": [
    "fam:Android",
    "fam:Linux",
    "fam:Windows",
    "fam:iOS",
    "fam:macOS"
  ]
}