{
  "level": "family",
  "alpha": 0.15,
  "m_k": 6329,
  "j": 5381,
  "quantile_step": 0.0001579778830963665,
  "q_hat": 0.08261466026306152,
  "metrics": {
    "coverage": 0.8511848341232228,
    "set_size_mean": 0.8597156398104265,
    "set_size_median": 1.0,
    "empty_rate": 0.14028436018957346,
    "singleton_rate": 0.8597156398104265,
    "top1_acc_non_empty": 0.9900771775082691,
    "base_top1_acc": 0.9560821484992101,
    "hir": 0.27567140600315954
  },
  "num_test_defined": 6330,
  "num_test_used": 6330,
  "class_labels": [
    "fam:Android",
    "fam:Linux",
    "fam:Windows",
    "fam:iOS",
    "fam:macOS"
  ]
}