{
  "level": "family",
  "alpha_LoUPCP": 0.25,
  "m_cal": 6329,
  "q_hat_leaf_LoUPCP": 0.7101839184761047,
  "metrics": {
    "coverage": 0.890521327014218,
    "set_size_mean": 0.9617693522906793,
    "set_size_median": 1.0,
    "empty_rate": 0.07393364928909953,
    "singleton_rate": 0.8903633491311217,
    "base_top1_acc": 0.944391785150079,
    "top1_acc_non_empty": 0.9481405663596042,
    "hir": 0.0
  },
  "num_test_defined": 6330,
  "num_test_used": 6330,
  "class_labels": [
    "fam:Android",
    "fam:Linux",
    "fam:Windows",
    "fam:iOS",
    "fam:macOS"
  ]
}