{
  "level": "family",
  "alpha_LoUPCP": 0.4,
  "m_cal": 6329,
  "q_hat_leaf_LoUPCP": 0.3205893039703369,
  "metrics": {
    "coverage": 0.6276461295418642,
    "set_size_mean": 0.6364928909952606,
    "set_size_median": 1.0,
    "empty_rate": 0.3635071090047393,
    "singleton_rate": 0.6364928909952606,
    "base_top1_acc": 0.9458135860979463,
    "top1_acc_non_empty": 0.9861007694216928,
    "hir": 0.0
  },
  "num_test_defined": 6330,
  "num_test_used": 6330,
  "class_labels": [
    "fam:Android",
    "fam:Linux",
    "fam:Windows",
    "fam:iOS",
    "fam:macOS"
  ]
}