{
  "level": "family",
  "alpha": 0.35,
  "m_k": 6329,
  "j": 4115,
  "quantile_step": 0.0001579778830963665,
  "q_hat": 0.0019423365592956543,
  "metrics": {
    "coverage": 0.6439178515007898,
    "set_size_mean": 0.6453396524486572,
    "set_size_median": 1.0,
    "empty_rate": 0.3546603475513428,
    "singleton_rate": 0.6453396524486572,
    "top1_acc_non_empty": 0.997796817625459,
    "base_top1_acc": 0.9540284360189574,
    "hir": 0.28420221169036336
  },
  "num_test_defined": 6330,
  "num_test_used": 6330,
  "class_labels": [
    "fam:Android",
    "fam:Linux",
    "fam:Windows",
    "fam:iOS",
    "fam:macOS"
  ]
}