{
  "level": "family",
  "alpha_LoUPCP": 0.3,
  "m_cal": 6329,
  "q_hat_leaf_LoUPCP": 0.6104844808578491,
  "metrics": {
    "coverage": 0.7816745655608215,
    "set_size_mean": 0.8281200631911533,
    "set_size_median": 1.0,
    "empty_rate": 0.18388625592417063,
    "singleton_rate": 0.8041074249605056,
    "base_top1_acc": 0.9415481832543444,
    "top1_acc_non_empty": 0.9537359659310879,
    "hir": 0.0
  },
  "num_test_defined": 6330,
  "num_test_used": 6330,
  "class_labels": [
    "fam:Android",
    "fam:Linux",
    "fam:Windows",
    "fam:iOS",
    "fam:macOS"
  ]
}