{
  "level": "family",
  "alpha_LoUPCP": 0.0,
  "m_cal": 6329,
  "q_hat_leaf_LoUPCP": 0.9999852180480957,
  "metrics": {
    "coverage": 1.0,
    "set_size_mean": 4.592101105845182,
    "set_size_median": 5.0,
    "empty_rate": 0.0,
    "singleton_rate": 0.004581358609794629,
    "base_top1_acc": 0.9481832543443918,
    "top1_acc_non_empty": 0.9481832543443918,
    "hir": 0.0
  },
  "num_test_defined": 6330,
  "num_test_used": 6330,
  "class_labels": [
    "fam:Android",
    "fam:Linux",
    "fam:Windows",
    "fam:iOS",
    "fam:macOS"
  ]
}