{
  "level": "family",
  "alpha_B": 0.35,
  "m_cal": 6329,
  "q_hat_leaf_B": 0.48992228507995605,
  "metrics": {
    "coverage": 0.7072669826224328,
    "set_size_mean": 0.7270142180094786,
    "set_size_median": 1.0,
    "empty_rate": 0.2729857819905213,
    "singleton_rate": 0.7270142180094786,
    "base_top1_acc": 0.943127962085308,
    "top1_acc_non_empty": 0.9728378965667102,
    "hir": 0.0
  },
  "num_test_defined": 6330,
  "num_test_used": 6330,
  "class_labels": [
    "fam:Android",
    "fam:Linux",
    "fam:Windows",
    "fam:iOS",
    "fam:macOS"
  ]
}