{
  "level": "family",
  "alpha": 0.15,
  "m_k": 6329,
  "j": 5381,
  "quantile_step": 0.0001579778830963665,
  "q_hat": 0.08374375104904175,
  "metrics": {
    "coverage": 0.8624012638230648,
    "set_size_mean": 0.8720379146919431,
    "set_size_median": 1.0,
    "empty_rate": 0.12796208530805686,
    "singleton_rate": 0.8720379146919431,
    "top1_acc_non_empty": 0.9889492753623188,
    "base_top1_acc": 0.9549763033175356,
    "hir": 0.26445497630331755
  },
  "num_test_defined": 6330,
  "num_test_used": 6330,
  "class_labels": [
    "fam:Android",
    "fam:Linux",
    "fam:Windows",
    "fam:iOS",
    "fam:macOS"
  ]
}