{
  "level": "family",
  "alpha": 0.5,
  "m_k": 6329,
  "j": 3165,
  "quantile_step": 0.0001579778830963665,
  "q_hat": 0.00028568506240844727,
  "metrics": {
    "coverage": 0.5072669826224329,
    "set_size_mean": 0.5074249605055292,
    "set_size_median": 1.0,
    "empty_rate": 0.4925750394944708,
    "singleton_rate": 0.5074249605055292,
    "top1_acc_non_empty": 0.9996886674968867,
    "base_top1_acc": 0.9554502369668246,
    "hir": 0.2747235387045814
  },
  "num_test_defined": 6330,
  "num_test_used": 6330,
  "class_labels": [
    "fam:Android",
    "fam:Linux",
    "fam:Windows",
    "fam:iOS",
    "fam:macOS"
  ]
}