{
  "level": "family",
  "alpha_B": 0.3,
  "m_cal": 6329,
  "q_hat_leaf_B": 0.6104923486709595,
  "metrics": {
    "coverage": 0.7842022116903633,
    "set_size_mean": 0.8244865718799368,
    "set_size_median": 1.0,
    "empty_rate": 0.18515007898894154,
    "singleton_rate": 0.8052132701421801,
    "base_top1_acc": 0.9440758293838862,
    "top1_acc_non_empty": 0.9588987979837146,
    "hir": 0.0
  },
  "num_test_defined": 6330,
  "num_test_used": 6330,
  "class_labels": [
    "fam:Android",
    "fam:Linux",
    "fam:Windows",
    "fam:iOS",
    "fam:macOS"
  ]
}