{
  "level": "family",
  "alpha": 0.2,
  "m_k": 6329,
  "j": 5064,
  "quantile_step": 0.0001579778830963665,
  "q_hat": 0.035236477851867676,
  "metrics": {
    "coverage": 0.8067930489731437,
    "set_size_mean": 0.8121642969984202,
    "set_size_median": 1.0,
    "empty_rate": 0.18783570300157978,
    "singleton_rate": 0.8121642969984202,
    "top1_acc_non_empty": 0.9933865006808014,
    "base_top1_acc": 0.956872037914692,
    "hir": 0.33080568720379144
  },
  "num_test_defined": 6330,
  "num_test_used": 6330,
  "class_labels": [
    "fam:Android",
    "fam:Linux",
    "fam:Windows",
    "fam:iOS",
    "fam:macOS"
  ]
}