{
  "level": "family",
  "alpha_B": 0.25,
  "m_cal": 6329,
  "q_hat_leaf_B": 0.693006694316864,
  "metrics": {
    "coverage": 0.8661927330173775,
    "set_size_mean": 0.933175355450237,
    "set_size_median": 1.0,
    "empty_rate": 0.09636650868878358,
    "singleton_rate": 0.8740916271721959,
    "base_top1_acc": 0.9423380726698263,
    "top1_acc_non_empty": 0.948076923076923,
    "hir": 0.0
  },
  "num_test_defined": 6330,
  "num_test_used": 6330,
  "class_labels": [
    "fam:Android",
    "fam:Linux",
    "fam:Windows",
    "fam:iOS",
    "fam:macOS"
  ]
}