{
  "level": "family",
  "alpha": 0.05,
  "m_k": 6329,
  "j": 6014,
  "quantile_step": 0.0001579778830963665,
  "q_hat": 0.4428176283836365,
  "metrics": {
    "coverage": 0.9548183254344392,
    "set_size_mean": 0.9921011058451816,
    "set_size_median": 1.0,
    "empty_rate": 0.007898894154818325,
    "singleton_rate": 0.9921011058451816,
    "top1_acc_non_empty": 0.9624203821656051,
    "base_top1_acc": 0.956872037914692,
    "hir": 0.32875197472353873
  },
  "num_test_defined": 6330,
  "num_test_used": 6330,
  "class_labels": [
    "fam:Android",
    "fam:Linux",
    "fam:Windows",
    "fam:iOS",
    "fam:macOS"
  ]
}