{
  "level": "family",
  "alpha_B": 0.075,
  "m_cal": 6329,
  "q_hat_leaf_B": 0.8916921019554138,
  "metrics": {
    "coverage": 0.9701421800947867,
    "set_size_mean": 1.093522906793049,
    "set_size_median": 1.0,
    "empty_rate": 0.0,
    "singleton_rate": 0.9145339652448657,
    "base_top1_acc": 0.9423380726698263,
    "top1_acc_non_empty": 0.9423380726698263,
    "hir": 0.0
  },
  "num_test_defined": 6330,
  "num_test_used": 6330,
  "class_labels": [
    "fam:Android",
    "fam:Linux",
    "fam:Windows",
    "fam:iOS",
    "fam:macOS"
  ]
}