{
  "level": "family",
  "alpha": 0.15,
  "m_k": 6329,
  "j": 5381,
  "quantile_step": 0.0001579778830963665,
  "q_hat": 0.08374375104904175,
  "metrics": {
    "coverage": 0.8627172195892575,
    "set_size_mean": 0.8739336492890996,
    "set_size_median": 1.0,
    "empty_rate": 0.12606635071090047,
    "singleton_rate": 0.8739336492890996,
    "top1_acc_non_empty": 0.9871655820679682,
    "base_top1_acc": 0.9560821484992101,
    "hir": 0.2638230647709321
  },
  "num_test_defined": 6330,
  "num_test_used": 6330,
  "class_labels": [
    "fam:Android",
    "fam:Linux",
    "fam:Windows",
    "fam:iOS",
    "fam:macOS"
  ]
}