{
  "level": "family",
  "alpha": 0.25,
  "m_k": 6329,
  "j": 4748,
  "quantile_step": 0.0001579778830963665,
  "q_hat": 0.009652376174926758,
  "metrics": {
    "coverage": 0.7511848341232228,
    "set_size_mean": 0.753870458135861,
    "set_size_median": 1.0,
    "empty_rate": 0.24612954186413902,
    "singleton_rate": 0.753870458135861,
    "top1_acc_non_empty": 0.9964375523889355,
    "base_top1_acc": 0.9535545023696682,
    "hir": 0.3736176935229068
  },
  "num_test_defined": 6330,
  "num_test_used": 6330,
  "class_labels": [
    "fam:Android",
    "fam:Linux",
    "fam:Windows",
    "fam:iOS",
    "fam:macOS"
  ]
}