{
  "level": "family",
  "alpha_B": 0.35,
  "m_cal": 6329,
  "q_hat_leaf_B": 0.5006418228149414,
  "metrics": {
    "coverage": 0.7218009478672985,
    "set_size_mean": 0.7467614533965244,
    "set_size_median": 1.0,
    "empty_rate": 0.2532385466034755,
    "singleton_rate": 0.7467614533965244,
    "base_top1_acc": 0.9429699842022117,
    "top1_acc_non_empty": 0.9665749947112333,
    "hir": 0.0
  },
  "num_test_defined": 6330,
  "num_test_used": 6330,
  "class_labels": [
    "fam:Android",
    "fam:Linux",
    "fam:Windows",
    "fam:iOS",
    "fam:macOS"
  ]
}