{
  "level": "family",
  "alpha": 0.3,
  "m_k": 6329,
  "j": 4431,
  "quantile_step": 0.0001579778830963665,
  "q_hat": 0.0038504600524902344,
  "metrics": {
    "coverage": 0.6992101105845182,
    "set_size_mean": 0.70173775671406,
    "set_size_median": 1.0,
    "empty_rate": 0.29826224328594,
    "singleton_rate": 0.70173775671406,
    "top1_acc_non_empty": 0.9963980189104007,
    "base_top1_acc": 0.9554502369668246,
    "hir": 0.36951026856240127
  },
  "num_test_defined": 6330,
  "num_test_used": 6330,
  "class_labels": [
    "fam:Android",
    "fam:Linux",
    "fam:Windows",
    "fam:iOS",
    "fam:macOS"
  ]
}