{
  "level": "family",
  "alpha": 0.25,
  "m_k": 6329,
  "j": 4748,
  "quantile_step": 0.0001579778830963665,
  "q_hat": 0.008733093738555908,
  "metrics": {
    "coverage": 0.7437598736176935,
    "set_size_mean": 0.74739336492891,
    "set_size_median": 1.0,
    "empty_rate": 0.25260663507109005,
    "singleton_rate": 0.74739336492891,
    "top1_acc_non_empty": 0.995138448530966,
    "base_top1_acc": 0.9554502369668246,
    "hir": 0.3714060031595577
  },
  "num_test_defined": 6330,
  "num_test_used": 6330,
  "class_labels": [
    "fam:Android",
    "fam:Linux",
    "fam:Windows",
    "fam:iOS",
    "fam:macOS"
  ]
}