{
  "level": "family",
  "alpha": 0.4,
  "m_k": 6329,
  "j": 3798,
  "quantile_step": 0.0001579778830963665,
  "q_hat": 0.0009337067604064941,
  "metrics": {
    "coverage": 0.5973143759873618,
    "set_size_mean": 0.5979462875197472,
    "set_size_median": 1.0,
    "empty_rate": 0.4020537124802528,
    "singleton_rate": 0.5979462875197472,
    "top1_acc_non_empty": 0.9989431968295905,
    "base_top1_acc": 0.9546603475513428,
    "hir": 0.23807266982622433
  },
  "num_test_defined": 6330,
  "num_test_used": 6330,
  "class_labels": [
    "fam:Android",
    "fam:Linux",
    "fam:Windows",
    "fam:iOS",
    "fam:macOS"
  ]
}