{
  "level": "family",
  "alpha": 0.35,
  "m_k": 6329,
  "j": 4115,
  "quantile_step": 0.0001579778830963665,
  "q_hat": 0.0019551515579223633,
  "metrics": {
    "coverage": 0.6462875197472354,
    "set_size_mean": 0.6477093206951027,
    "set_size_median": 1.0,
    "empty_rate": 0.3522906793048973,
    "singleton_rate": 0.6477093206951027,
    "top1_acc_non_empty": 0.9978048780487805,
    "base_top1_acc": 0.9540284360189574,
    "hir": 0.2783570300157978
  },
  "num_test_defined": 6330,
  "num_test_used": 6330,
  "class_labels": [
    "fam:Android",
    "fam:Linux",
    "fam:Windows",
    "fam:iOS",
    "fam:macOS"
  ]
}