{
  "level": "family",
  "alpha": 0.1,
  "m_k": 6329,
  "j": 5697,
  "quantile_step": 0.0001579778830963665,
  "q_hat": 0.13185787200927734,
  "metrics": {
    "coverage": 0.9045813586097946,
    "set_size_mean": 0.9183254344391785,
    "set_size_median": 1.0,
    "empty_rate": 0.08167456556082149,
    "singleton_rate": 0.9183254344391785,
    "top1_acc_non_empty": 0.9850335455014623,
    "base_top1_acc": 0.9582938388625593,
    "hir": 0.2330173775671406
  },
  "num_test_defined": 6330,
  "num_test_used": 6330,
  "class_labels": [
    "fam:Android",
    "fam:Linux",
    "fam:Windows",
    "fam:iOS",
    "fam:macOS"
  ]
}