{
  "level": "family",
  "alpha": 0.5,
  "m_k": 6329,
  "j": 3165,
  "quantile_step": 0.0001579778830963665,
  "q_hat": 0.0002631545066833496,
  "metrics": {
    "coverage": 0.49842022116903634,
    "set_size_mean": 0.49889415481832544,
    "set_size_median": 0.0,
    "empty_rate": 0.5011058451816746,
    "singleton_rate": 0.49889415481832544,
    "top1_acc_non_empty": 0.9990500316656111,
    "base_top1_acc": 0.9548183254344392,
    "hir": 0.26666666666666666
  },
  "num_test_defined": 6330,
  "num_test_used": 6330,
  "class_labels": [
    "fam:Android",
    "fam:Linux",
    "fam:Windows",
    "fam:iOS",
    "fam:macOS"
  ]
}