{
  "level": "family",
  "alpha": 0.4,
  "m_k": 6329,
  "j": 3798,
  "quantile_step": 0.0001579778830963665,
  "q_hat": 0.0010114312171936035,
  "metrics": {
    "coverage": 0.6071090047393365,
    "set_size_mean": 0.607740916271722,
    "set_size_median": 1.0,
    "empty_rate": 0.39225908372827806,
    "singleton_rate": 0.607740916271722,
    "top1_acc_non_empty": 0.998960228749675,
    "base_top1_acc": 0.9554502369668246,
    "hir": 0.23902053712480253
  },
  "num_test_defined": 6330,
  "num_test_used": 6330,
  "class_labels": [
    "fam:Android",
    "fam:Linux",
    "fam:Windows",
    "fam:iOS",
    "fam:macOS"
  ]
}