{
  "level": "family",
  "alpha_LoUPCP": 0.5,
  "m_cal": 6329,
  "q_hat_leaf_LoUPCP": 0.06852805614471436,
  "metrics": {
    "coverage": 0.5037914691943128,
    "set_size_mean": 0.5058451816745656,
    "set_size_median": 1.0,
    "empty_rate": 0.49415481832543445,
    "singleton_rate": 0.5058451816745656,
    "base_top1_acc": 0.9475513428120064,
    "top1_acc_non_empty": 0.9959400374765771,
    "hir": 0.0
  },
  "num_test_defined": 6330,
  "num_test_used": 6330,
  "class_labels": [
    "fam:Android",
    "fam:Linux",
    "fam:Windows",
    "fam:iOS",
    "fam:macOS"
  ]
}