{
  "level": "family",
  "alpha_B": 0.5,
  "m_cal": 6329,
  "q_hat_leaf_B": 0.07024163007736206,
  "metrics": {
    "coverage": 0.5116903633491311,
    "set_size_mean": 0.5143759873617694,
    "set_size_median": 1.0,
    "empty_rate": 0.48562401263823063,
    "singleton_rate": 0.5143759873617694,
    "base_top1_acc": 0.9466034755134282,
    "top1_acc_non_empty": 0.9947788697788698,
    "hir": 0.0
  },
  "num_test_defined": 6330,
  "num_test_used": 6330,
  "class_labels": [
    "fam:Android",
    "fam:Linux",
    "fam:Windows",
    "fam:iOS",
    "fam:macOS"
  ]
}