{
  "level": "family",
  "alpha": 0.1,
  "m_k": 6329,
  "j": 5697,
  "quantile_step": 0.0001579778830963665,
  "q_hat": 0.12493830919265747,
  "metrics": {
    "coverage": 0.8965244865718799,
    "set_size_mean": 0.9096366508688783,
    "set_size_median": 1.0,
    "empty_rate": 0.09036334913112164,
    "singleton_rate": 0.9096366508688783,
    "top1_acc_non_empty": 0.9855852726641194,
    "base_top1_acc": 0.9548183254344392,
    "hir": 0.23838862559241705
  },
  "num_test_defined": 6330,
  "num_test_used": 6330,
  "class_labels": [
    "fam:Android",
    "fam:Linux",
    "fam:Windows",
    "fam:iOS",
    "fam:macOS"
  ]
}