{
  "level": "family",
  "alpha_LoUPCP": 0.15,
  "m_cal": 6329,
  "q_hat_leaf_LoUPCP": 0.7777111530303955,
  "metrics": {
    "coverage": 0.9454976303317536,
    "set_size_mean": 1.030173775671406,
    "set_size_median": 1.0,
    "empty_rate": 0.013586097946287519,
    "singleton_rate": 0.942654028436019,
    "base_top1_acc": 0.940126382306477,
    "top1_acc_non_empty": 0.9434657270980141,
    "hir": 0.0
  },
  "num_test_defined": 6330,
  "num_test_used": 6330,
  "class_labels": [
    "fam:Android",
    "fam:Linux",
    "fam:Windows",
    "fam:iOS",
    "fam:macOS"
  ]
}