{
  "level": "family",
  "alpha": 0.1,
  "m_k": 6329,
  "j": 5697,
  "quantile_step": 0.0001579778830963665,
  "q_hat": 0.12493735551834106,
  "metrics": {
    "coverage": 0.895260663507109,
    "set_size_mean": 0.9083728278041074,
    "set_size_median": 1.0,
    "empty_rate": 0.09162717219589257,
    "singleton_rate": 0.9083728278041074,
    "top1_acc_non_empty": 0.9855652173913043,
    "base_top1_acc": 0.9543443917851501,
    "hir": 0.23886255924170616
  },
  "num_test_defined": 6330,
  "num_test_used": 6330,
  "class_labels": [
    "fam:Android",
    "fam:Linux",
    "fam:Windows",
    "fam:iOS",
    "fam:macOS"
  ]
}