{
  "level": "family",
  "alpha_LoUPCP": 0.1,
  "m_cal": 6329,
  "q_hat_leaf_LoUPCP": 0.8340625762939453,
  "metrics": {
    "coverage": 0.9641390205371249,
    "set_size_mean": 1.0611374407582939,
    "set_size_median": 1.0,
    "empty_rate": 0.0009478672985781991,
    "singleton_rate": 0.9383886255924171,
    "base_top1_acc": 0.9442338072669826,
    "top1_acc_non_empty": 0.9451296647691335,
    "hir": 0.0
  },
  "num_test_defined": 6330,
  "num_test_used": 6330,
  "class_labels": [
    "fam:Android",
    "fam:Linux",
    "fam:Windows",
    "fam:iOS",
    "fam:macOS"
  ]
}