{
  "level": "family",
  "alpha": 0.35,
  "m_k": 6329,
  "j": 4115,
  "quantile_step": 0.0001579778830963665,
  "q_hat": 0.001971304416656494,
  "metrics": {
    "coverage": 0.6472353870458136,
    "set_size_mean": 0.6492890995260664,
    "set_size_median": 1.0,
    "empty_rate": 0.35071090047393366,
    "singleton_rate": 0.6492890995260664,
    "top1_acc_non_empty": 0.9968369829683699,
    "base_top1_acc": 0.9554502369668246,
    "hir": 0.2835703001579779
  },
  "num_test_defined": 6330,
  "num_test_used": 6330,
  "class_labels": [
    "fam:Android",
    "fam:Linux",
    "fam:Windows",
    "fam:iOS",
    "fam:macOS"
  ]
}