level,alpha,m_k,j,quantile_step,q_hat,num_test_defined,num_test_used
leaf,0.35,6329,4115,0.0001579778830963665,0.49015671014785767,6330,6330
