{
  "level": "family",
  "alpha_B": 0.3,
  "m_cal": 6329,
  "q_hat_leaf_B": 0.6151545643806458,
  "metrics": {
    "coverage": 0.7875197472353871,
    "set_size_mean": 0.8338072669826224,
    "set_size_median": 1.0,
    "empty_rate": 0.17851500789889416,
    "singleton_rate": 0.8091627172195892,
    "base_top1_acc": 0.9393364928909953,
    "top1_acc_non_empty": 0.953076923076923,
    "hir": 0.0
  },
  "num_test_defined": 6330,
  "num_test_used": 6330,
  "class_labels": [
    "fam:Android",
    "fam:Linux",
    "fam:Windows",
    "fam:iOS",
    "fam:macOS"
  ]
}