{
  "level": "family",
  "alpha_LoUPCP": 0.5,
  "m_cal": 6329,
  "q_hat_leaf_LoUPCP": 0.06851863861083984,
  "metrics": {
    "coverage": 0.5041074249605055,
    "set_size_mean": 0.5067930489731438,
    "set_size_median": 1.0,
    "empty_rate": 0.49320695102685624,
    "singleton_rate": 0.5067930489731438,
    "base_top1_acc": 0.9423380726698263,
    "top1_acc_non_empty": 0.9947007481296758,
    "hir": 0.0
  },
  "num_test_defined": 6330,
  "num_test_used": 6330,
  "class_labels": [
    "fam:Android",
    "fam:Linux",
    "fam:Windows",
    "fam:iOS",
    "fam:macOS"
  ]
}