{
  "level": "family",
  "alpha_B": 0.1,
  "m_cal": 6329,
  "q_hat_leaf_B": 0.8334031701087952,
  "metrics": {
    "coverage": 0.9646129541864139,
    "set_size_mean": 1.062085308056872,
    "set_size_median": 1.0,
    "empty_rate": 0.00047393364928909954,
    "singleton_rate": 0.9388625592417061,
    "base_top1_acc": 0.9442338072669826,
    "top1_acc_non_empty": 0.944681523628892,
    "hir": 0.0
  },
  "num_test_defined": 6330,
  "num_test_used": 6330,
  "class_labels": [
    "fam:Android",
    "fam:Linux",
    "fam:Windows",
    "fam:iOS",
    "fam:macOS"
  ]
}