{
  "level": "family",
  "alpha_B": 0.2,
  "m_cal": 6329,
  "q_hat_leaf_B": 0.7639009356498718,
  "metrics": {
    "coverage": 0.9341232227488152,
    "set_size_mean": 1.0150078988941549,
    "set_size_median": 1.0,
    "empty_rate": 0.02527646129541864,
    "singleton_rate": 0.9344391785150079,
    "base_top1_acc": 0.9406003159557662,
    "top1_acc_non_empty": 0.9444084278768233,
    "hir": 0.0
  },
  "num_test_defined": 6330,
  "num_test_used": 6330,
  "class_labels": [
    "fam:Android",
    "fam:Linux",
    "fam:Windows",
    "fam:iOS",
    "fam:macOS"
  ]
}