{
  "level": "family",
  "alpha_LoUPCP": 0.35,
  "m_cal": 6329,
  "q_hat_leaf_LoUPCP": 0.5026289224624634,
  "metrics": {
    "coverage": 0.7186413902053712,
    "set_size_mean": 0.7420221169036335,
    "set_size_median": 1.0,
    "empty_rate": 0.2579778830963665,
    "singleton_rate": 0.7420221169036335,
    "base_top1_acc": 0.944391785150079,
    "top1_acc_non_empty": 0.968490525867575,
    "hir": 0.0
  },
  "num_test_defined": 6330,
  "num_test_used": 6330,
  "class_labels": [
    "fam:Android",
    "fam:Linux",
    "fam:Windows",
    "fam:iOS",
    "fam:macOS"
  ]
}