{
  "level": "family",
  "alpha_LoUPCP": 0.1,
  "m_cal": 6329,
  "q_hat_leaf_LoUPCP": 0.8378511071205139,
  "metrics": {
    "coverage": 0.9665086887835703,
    "set_size_mean": 1.0647709320695102,
    "set_size_median": 1.0,
    "empty_rate": 0.00047393364928909954,
    "singleton_rate": 0.9355450236966825,
    "base_top1_acc": 0.9475513428120064,
    "top1_acc_non_empty": 0.9478425794215268,
    "hir": 0.0
  },
  "num_test_defined": 6330,
  "num_test_used": 6330,
  "class_labels": [
    "fam:Android",
    "fam:Linux",
    "fam:Windows",
    "fam:iOS",
    "fam:macOS"
  ]
}