level,alpha,m_k,j,quantile_step,q_hat,num_test_defined,num_test_used
family,0.05,6329,6014,0.0001579778830963665,0.4184954762458801,6330,6330
