{
  "level": "family",
  "alpha": 0.05,
  "m_k": 6329,
  "j": 6014,
  "quantile_step": 0.0001579778830963665,
  "q_hat": 0.4184954762458801,
  "metrics": {
    "coverage": 0.95260663507109,
    "set_size_mean": 0.9894154818325435,
    "set_size_median": 1.0,
    "empty_rate": 0.010584518167456557,
    "singleton_rate": 0.9894154818325435,
    "top1_acc_non_empty": 0.9627973814465911,
    "base_top1_acc": 0.9565560821484992,
    "hir": 0.318957345971564
  },
  "num_test_defined": 6330,
  "num_test_used": 6330,
  "class_labels": [
    "fam:Android",
    "fam:Linux",
    "fam:Windows",
    "fam:iOS",
    "fam:macOS"
  ]
}