{
  "level": "family",
  "alpha_B": 0.5,
  "m_cal": 6329,
  "q_hat_leaf_B": 0.07005220651626587,
  "metrics": {
    "coverage": 0.511216429699842,
    "set_size_mean": 0.5145339652448657,
    "set_size_median": 1.0,
    "empty_rate": 0.4854660347551343,
    "singleton_rate": 0.5145339652448657,
    "base_top1_acc": 0.9412322274881516,
    "top1_acc_non_empty": 0.9935523487872275,
    "hir": 0.0
  },
  "num_test_defined": 6330,
  "num_test_used": 6330,
  "class_labels": [
    "fam:Android",
    "fam:Linux",
    "fam:Windows",
    "fam:iOS",
    "fam:macOS"
  ]
}