{
  "level": "family",
  "alpha": 0.2,
  "m_k": 6329,
  "j": 5064,
  "quantile_step": 0.0001579778830963665,
  "q_hat": 0.034829556941986084,
  "metrics": {
    "coverage": 0.8030015797788309,
    "set_size_mean": 0.8091627172195892,
    "set_size_median": 1.0,
    "empty_rate": 0.19083728278041073,
    "singleton_rate": 0.8091627172195892,
    "top1_acc_non_empty": 0.9923857868020305,
    "base_top1_acc": 0.9554502369668246,
    "hir": 0.33317535545023697
  },
  "num_test_defined": 6330,
  "num_test_used": 6330,
  "class_labels": [
    "fam:Android",
    "fam:Linux",
    "fam:Windows",
    "fam:iOS",
    "fam:macOS"
  ]
}