{
  "level": "family",
  "alpha": 0.25,
  "m_k": 6329,
  "j": 4748,
  "quantile_step": 0.0001579778830963665,
  "q_hat": 0.009537279605865479,
  "metrics": {
    "coverage": 0.7503949447077409,
    "set_size_mean": 0.7532385466034756,
    "set_size_median": 1.0,
    "empty_rate": 0.2467614533965245,
    "singleton_rate": 0.7532385466034756,
    "top1_acc_non_empty": 0.9962248322147651,
    "base_top1_acc": 0.9549763033175356,
    "hir": 0.36856240126382306
  },
  "num_test_defined": 6330,
  "num_test_used": 6330,
  "class_labels": [
    "fam:Android",
    "fam:Linux",
    "fam:Windows",
    "fam:iOS",
    "fam:macOS"
  ]
}