{
  "level": "family",
  "alpha": 0.25,
  "m_k": 6329,
  "j": 4748,
  "quantile_step": 0.0001579778830963665,
  "q_hat": 0.009030401706695557,
  "metrics": {
    "coverage": 0.7464454976303317,
    "set_size_mean": 0.7492890995260664,
    "set_size_median": 1.0,
    "empty_rate": 0.25071090047393363,
    "singleton_rate": 0.7492890995260664,
    "top1_acc_non_empty": 0.9962049335863378,
    "base_top1_acc": 0.9546603475513428,
    "hir": 0.382780410742496
  },
  "num_test_defined": 6330,
  "num_test_used": 6330,
  "class_labels": [
    "fam:Android",
    "fam:Linux",
    "fam:Windows",
    "fam:iOS",
    "fam:macOS"
  ]
}