{
  "level": "family",
  "alpha": 0.3,
  "m_k": 6329,
  "j": 4431,
  "quantile_step": 0.0001579778830963665,
  "q_hat": 0.0037067532539367676,
  "metrics": {
    "coverage": 0.6962085308056872,
    "set_size_mean": 0.698736176935229,
    "set_size_median": 1.0,
    "empty_rate": 0.30126382306477095,
    "singleton_rate": 0.698736176935229,
    "top1_acc_non_empty": 0.9963825457834049,
    "base_top1_acc": 0.9551342812006319,
    "hir": 0.3639810426540284
  },
  "num_test_defined": 6330,
  "num_test_used": 6330,
  "class_labels": [
    "fam:Android",
    "fam:Linux",
    "fam:Windows",
    "fam:iOS",
    "fam:macOS"
  ]
}