{
  "level": "family",
  "alpha": 0.02,
  "m_k": 6329,
  "j": 6204,
  "quantile_step": 0.0001579778830963665,
  "q_hat": 0.9121404886245728,
  "metrics": {
    "coverage": 0.9805687203791469,
    "set_size_mean": 1.1127962085308056,
    "set_size_median": 1.0,
    "empty_rate": 0.0,
    "singleton_rate": 0.8987361769352291,
    "top1_acc_non_empty": 0.9537124802527646,
    "base_top1_acc": 0.9537124802527646,
    "hir": 0.3884676145339652
  },
  "num_test_defined": 6330,
  "num_test_used": 6330,
  "class_labels": [
    "fam:Android",
    "fam:Linux",
    "fam:Windows",
    "fam:iOS",
    "fam:macOS"
  ]
}