{
  "level": "family",
  "alpha": 0.2,
  "m_k": 6329,
  "j": 5064,
  "quantile_step": 0.0001579778830963665,
  "q_hat": 0.035236477851867676,
  "metrics": {
    "coverage": 0.8056872037914692,
    "set_size_mean": 0.811216429699842,
    "set_size_median": 1.0,
    "empty_rate": 0.18878357030015797,
    "singleton_rate": 0.811216429699842,
    "top1_acc_non_empty": 0.9931840311587147,
    "base_top1_acc": 0.9560821484992101,
    "hir": 0.32654028436018956
  },
  "num_test_defined": 6330,
  "num_test_used": 6330,
  "class_labels": [
    "fam:Android",
    "fam:Linux",
    "fam:Windows",
    "fam:iOS",
    "fam:macOS"
  ]
}