{
  "level": "family",
  "alpha_B": 0.3,
  "m_cal": 6329,
  "q_hat_leaf_B": 0.6118621826171875,
  "metrics": {
    "coverage": 0.788783570300158,
    "set_size_mean": 0.8312796208530806,
    "set_size_median": 1.0,
    "empty_rate": 0.17804107424960505,
    "singleton_rate": 0.8126382306477093,
    "base_top1_acc": 0.9436018957345972,
    "top1_acc_non_empty": 0.9563713242360177,
    "hir": 0.0
  },
  "num_test_defined": 6330,
  "num_test_used": 6330,
  "class_labels": [
    "fam:Android",
    "fam:Linux",
    "fam:Windows",
    "fam:iOS",
    "fam:macOS"
  ]
}