{
  "level": "family",
  "alpha_B": 0.05,
  "m_cal": 6329,
  "q_hat_leaf_B": 0.9369927048683167,
  "metrics": {
    "coverage": 0.9755134281200631,
    "set_size_mean": 1.169826224328594,
    "set_size_median": 1.0,
    "empty_rate": 0.0,
    "singleton_rate": 0.860347551342812,
    "base_top1_acc": 0.9390205371248025,
    "top1_acc_non_empty": 0.9390205371248025,
    "hir": 0.0
  },
  "num_test_defined": 6330,
  "num_test_used": 6330,
  "class_labels": [
    "fam:Android",
    "fam:Linux",
    "fam:Windows",
    "fam:iOS",
    "fam:macOS"
  ]
}