{
  "level": "family",
  "alpha_B": 0.15,
  "m_cal": 6329,
  "q_hat_leaf_B": 0.7800428867340088,
  "metrics": {
    "coverage": 0.9499210110584518,
    "set_size_mean": 1.036176935229068,
    "set_size_median": 1.0,
    "empty_rate": 0.010584518167456557,
    "singleton_rate": 0.942654028436019,
    "base_top1_acc": 0.9398104265402843,
    "top1_acc_non_empty": 0.9436372345521316,
    "hir": 0.0
  },
  "num_test_defined": 6330,
  "num_test_used": 6330,
  "class_labels": [
    "fam:Android",
    "fam:Linux",
    "fam:Windows",
    "fam:iOS",
    "fam:macOS"
  ]
}