{
  "level": "family",
  "alpha_B": 0.2,
  "m_cal": 6329,
  "q_hat_leaf_B": 0.7619891166687012,
  "metrics": {
    "coverage": 0.9385466034755134,
    "set_size_mean": 1.0170616113744075,
    "set_size_median": 1.0,
    "empty_rate": 0.02448657187993681,
    "singleton_rate": 0.9339652448657187,
    "base_top1_acc": 0.9442338072669826,
    "top1_acc_non_empty": 0.9462348178137652,
    "hir": 0.0
  },
  "num_test_defined": 6330,
  "num_test_used": 6330,
  "class_labels": [
    "fam:Android",
    "fam:Linux",
    "fam:Windows",
    "fam:iOS",
    "fam:macOS"
  ]
}