{
  "level": "family",
  "alpha_B": 0.075,
  "m_cal": 6329,
  "q_hat_leaf_B": 0.8961214423179626,
  "metrics": {
    "coverage": 0.9707740916271722,
    "set_size_mean": 1.1063191153238547,
    "set_size_median": 1.0,
    "empty_rate": 0.0,
    "singleton_rate": 0.9033175355450237,
    "base_top1_acc": 0.946129541864139,
    "top1_acc_non_empty": 0.946129541864139,
    "hir": 0.0
  },
  "num_test_defined": 6330,
  "num_test_used": 6330,
  "class_labels": [
    "fam:Android",
    "fam:Linux",
    "fam:Windows",
    "fam:iOS",
    "fam:macOS"
  ]
}