{
  "level": "family",
  "alpha_B": 0.2,
  "m_cal": 6329,
  "q_hat_leaf_B": 0.7588843107223511,
  "metrics": {
    "coverage": 0.9293838862559242,
    "set_size_mean": 1.0055292259083728,
    "set_size_median": 1.0,
    "empty_rate": 0.0330173775671406,
    "singleton_rate": 0.928436018957346,
    "base_top1_acc": 0.9428120063191153,
    "top1_acc_non_empty": 0.9469041006371508,
    "hir": 0.0
  },
  "num_test_defined": 6330,
  "num_test_used": 6330,
  "class_labels": [
    "fam:Android",
    "fam:Linux",
    "fam:Windows",
    "fam:iOS",
    "fam:macOS"
  ]
}