{
  "level": "family",
  "alpha_B": 0.25,
  "m_cal": 6329,
  "q_hat_leaf_B": 0.6953694820404053,
  "metrics": {
    "coverage": 0.8756714060031595,
    "set_size_mean": 0.9440758293838862,
    "set_size_median": 1.0,
    "empty_rate": 0.08562401263823065,
    "singleton_rate": 0.8846761453396524,
    "base_top1_acc": 0.9436018957345972,
    "top1_acc_non_empty": 0.9473047684865239,
    "hir": 0.0
  },
  "num_test_defined": 6330,
  "num_test_used": 6330,
  "class_labels": [
    "fam:Android",
    "fam:Linux",
    "fam:Windows",
    "fam:iOS",
    "fam:macOS"
  ]
}