{
  "level": "family",
  "alpha": 0.45,
  "m_k": 6329,
  "j": 3482,
  "quantile_step": 0.0001579778830963665,
  "q_hat": 0.00045233964920043945,
  "metrics": {
    "coverage": 0.5453396524486572,
    "set_size_mean": 0.5459715639810426,
    "set_size_median": 1.0,
    "empty_rate": 0.45402843601895737,
    "singleton_rate": 0.5459715639810426,
    "top1_acc_non_empty": 0.9988425925925926,
    "base_top1_acc": 0.9559241706161138,
    "hir": 0.23649289099526066
  },
  "num_test_defined": 6330,
  "num_test_used": 6330,
  "class_labels": [
    "fam:Android",
    "fam:Linux",
    "fam:Windows",
    "fam:iOS",
    "fam:macOS"
  ]
}