{
  "level": "family",
  "alpha_LoUPCP": 0.25,
  "m_cal": 6329,
  "q_hat_leaf_LoUPCP": 0.7103427648544312,
  "metrics": {
    "coverage": 0.892259083728278,
    "set_size_mean": 0.9587677725118483,
    "set_size_median": 1.0,
    "empty_rate": 0.07298578199052133,
    "singleton_rate": 0.895260663507109,
    "base_top1_acc": 0.9475513428120064,
    "top1_acc_non_empty": 0.9510906612133606,
    "hir": 0.0
  },
  "num_test_defined": 6330,
  "num_test_used": 6330,
  "class_labels": [
    "fam:Android",
    "fam:Linux",
    "fam:Windows",
    "fam:iOS",
    "fam:macOS"
  ]
}