{
  "level": "family",
  "alpha_LoUPCP": 0.4,
  "m_cal": 6329,
  "q_hat_leaf_LoUPCP": 0.30644547939300537,
  "metrics": {
    "coverage": 0.6221169036334913,
    "set_size_mean": 0.6311216429699842,
    "set_size_median": 1.0,
    "empty_rate": 0.3688783570300158,
    "singleton_rate": 0.6311216429699842,
    "base_top1_acc": 0.9448657187993681,
    "top1_acc_non_empty": 0.9857321652065081,
    "hir": 0.0
  },
  "num_test_defined": 6330,
  "num_test_used": 6330,
  "class_labels": [
    "fam:Android",
    "fam:Linux",
    "fam:Windows",
    "fam:iOS",
    "fam:macOS"
  ]
}