{
  "level": "family",
  "alpha": 0.25,
  "m_k": 6329,
  "j": 4748,
  "quantile_step": 0.0001579778830963665,
  "q_hat": 0.009652376174926758,
  "metrics": {
    "coverage": 0.7511848341232228,
    "set_size_mean": 0.7546603475513428,
    "set_size_median": 1.0,
    "empty_rate": 0.2453396524486572,
    "singleton_rate": 0.7546603475513428,
    "top1_acc_non_empty": 0.9953945991207871,
    "base_top1_acc": 0.9529225908372828,
    "hir": 0.3660347551342812
  },
  "num_test_defined": 6330,
  "num_test_used": 6330,
  "class_labels": [
    "fam:Android",
    "fam:Linux",
    "fam:Windows",
    "fam:iOS",
    "fam:macOS"
  ]
}