{
  "level": "family",
  "alpha": 0.3,
  "m_k": 6329,
  "j": 4431,
  "quantile_step": 0.0001579778830963665,
  "q_hat": 0.0038420557975769043,
  "metrics": {
    "coverage": 0.6990521327014217,
    "set_size_mean": 0.7014218009478673,
    "set_size_median": 1.0,
    "empty_rate": 0.2985781990521327,
    "singleton_rate": 0.7014218009478673,
    "top1_acc_non_empty": 0.9966216216216216,
    "base_top1_acc": 0.9554502369668246,
    "hir": 0.36635071090047394
  },
  "num_test_defined": 6330,
  "num_test_used": 6330,
  "class_labels": [
    "fam:Android",
    "fam:Linux",
    "fam:Windows",
    "fam:iOS",
    "fam:macOS"
  ]
}