{
  "level": "family",
  "alpha_B": 0.5,
  "m_cal": 6329,
  "q_hat_leaf_B": 0.06859976053237915,
  "metrics": {
    "coverage": 0.5037914691943128,
    "set_size_mean": 0.506003159557662,
    "set_size_median": 1.0,
    "empty_rate": 0.49399684044233805,
    "singleton_rate": 0.506003159557662,
    "base_top1_acc": 0.9436018957345972,
    "top1_acc_non_empty": 0.9956290977208867,
    "hir": 0.0
  },
  "num_test_defined": 6330,
  "num_test_used": 6330,
  "class_labels": [
    "fam:Android",
    "fam:Linux",
    "fam:Windows",
    "fam:iOS",
    "fam:macOS"
  ]
}