{
  "level": "family",
  "alpha": 0.1,
  "m_k": 6329,
  "j": 5697,
  "quantile_step": 0.0001579778830963665,
  "q_hat": 0.13186311721801758,
  "metrics": {
    "coverage": 0.906003159557662,
    "set_size_mean": 0.922432859399684,
    "set_size_median": 1.0,
    "empty_rate": 0.07756714060031596,
    "singleton_rate": 0.922432859399684,
    "top1_acc_non_empty": 0.9821887309470799,
    "base_top1_acc": 0.9559241706161138,
    "hir": 0.2387045813586098
  },
  "num_test_defined": 6330,
  "num_test_used": 6330,
  "class_labels": [
    "fam:Android",
    "fam:Linux",
    "fam:Windows",
    "fam:iOS",
    "fam:macOS"
  ]
}