{
  "level": "family",
  "alpha": 0.04,
  "m_k": 6329,
  "j": 6077,
  "quantile_step": 0.0001579778830963665,
  "q_hat": 0.6259465217590332,
  "metrics": {
    "coverage": 0.9592417061611375,
    "set_size_mean": 1.0078988941548184,
    "set_size_median": 1.0,
    "empty_rate": 0.00047393364928909954,
    "singleton_rate": 0.9911532385466034,
    "top1_acc_non_empty": 0.9555871661134819,
    "base_top1_acc": 0.9554502369668246,
    "hir": 0.327172195892575
  },
  "num_test_defined": 6330,
  "num_test_used": 6330,
  "class_labels": [
    "fam:Android",
    "fam:Linux",
    "fam:Windows",
    "fam:iOS",
    "fam:macOS"
  ]
}