{
  "level": "family",
  "alpha_LoUPCP": 0.0,
  "m_cal": 6329,
  "q_hat_leaf_LoUPCP": 0.9999704957008362,
  "metrics": {
    "coverage": 0.9998420221169037,
    "set_size_mean": 4.438072669826225,
    "set_size_median": 5.0,
    "empty_rate": 0.0,
    "singleton_rate": 0.008214849921011059,
    "base_top1_acc": 0.9475513428120064,
    "top1_acc_non_empty": 0.9475513428120064,
    "hir": 0.0
  },
  "num_test_defined": 6330,
  "num_test_used": 6330,
  "class_labels": [
    "fam:Android",
    "fam:Linux",
    "fam:Windows",
    "fam:iOS",
    "fam:macOS"
  ]
}