{
  "level": "family",
  "alpha": 0.075,
  "m_k": 6329,
  "j": 5856,
  "quantile_step": 0.0001579778830963665,
  "q_hat": 0.1723441481590271,
  "metrics": {
    "coverage": 0.9170616113744076,
    "set_size_mean": 0.9355450236966825,
    "set_size_median": 1.0,
    "empty_rate": 0.06445497630331753,
    "singleton_rate": 0.9355450236966825,
    "top1_acc_non_empty": 0.9802431610942249,
    "base_top1_acc": 0.9551342812006319,
    "hir": 0.25781990521327014
  },
  "num_test_defined": 6330,
  "num_test_used": 6330,
  "class_labels": [
    "fam:Android",
    "fam:Linux",
    "fam:Windows",
    "fam:iOS",
    "fam:macOS"
  ]
}