{
  "level": "family",
  "alpha_B": 0.01,
  "m_cal": 6329,
  "q_hat_leaf_B": 0.9943336248397827,
  "metrics": {
    "coverage": 0.9951026856240126,
    "set_size_mean": 1.582306477093207,
    "set_size_median": 1.0,
    "empty_rate": 0.0,
    "singleton_rate": 0.5966824644549763,
    "base_top1_acc": 0.9442338072669826,
    "top1_acc_non_empty": 0.9442338072669826,
    "hir": 0.0
  },
  "num_test_defined": 6330,
  "num_test_used": 6330,
  "class_labels": [
    "fam:Android",
    "fam:Linux",
    "fam:Windows",
    "fam:iOS",
    "fam:macOS"
  ]
}