{
  "level": "family",
  "alpha_LoUPCP": 0.05,
  "m_cal": 6329,
  "q_hat_leaf_LoUPCP": 0.9384849071502686,
  "metrics": {
    "coverage": 0.9785150078988941,
    "set_size_mean": 1.179778830963665,
    "set_size_median": 1.0,
    "empty_rate": 0.0,
    "singleton_rate": 0.8499210110584519,
    "base_top1_acc": 0.9440758293838862,
    "top1_acc_non_empty": 0.9440758293838862,
    "hir": 0.0
  },
  "num_test_defined": 6330,
  "num_test_used": 6330,
  "class_labels": [
    "fam:Android",
    "fam:Linux",
    "fam:Windows",
    "fam:iOS",
    "fam:macOS"
  ]
}