{
  "level": "family",
  "alpha": 0.35,
  "m_k": 6329,
  "j": 4115,
  "quantile_step": 0.0001579778830963665,
  "q_hat": 0.0019367337226867676,
  "metrics": {
    "coverage": 0.6437598736176935,
    "set_size_mean": 0.6451816745655609,
    "set_size_median": 1.0,
    "empty_rate": 0.3548183254344392,
    "singleton_rate": 0.6451816745655609,
    "top1_acc_non_empty": 0.997796278158668,
    "base_top1_acc": 0.9552922590837283,
    "hir": 0.28420221169036336
  },
  "num_test_defined": 6330,
  "num_test_used": 6330,
  "class_labels": [
    "fam:Android",
    "fam:Linux",
    "fam:Windows",
    "fam:iOS",
    "fam:macOS"
  ]
}