{
  "level": "family",
  "alpha_LoUPCP": 0.35,
  "m_cal": 6329,
  "q_hat_leaf_LoUPCP": 0.49934905767440796,
  "metrics": {
    "coverage": 0.7173775671406003,
    "set_size_mean": 0.7387045813586098,
    "set_size_median": 1.0,
    "empty_rate": 0.2612954186413902,
    "singleton_rate": 0.7387045813586098,
    "base_top1_acc": 0.9442338072669826,
    "top1_acc_non_empty": 0.9711291702309667,
    "hir": 0.0
  },
  "num_test_defined": 6330,
  "num_test_used": 6330,
  "class_labels": [
    "fam:Android",
    "fam:Linux",
    "fam:Windows",
    "fam:iOS",
    "fam:macOS"
  ]
}