{
  "level": "family",
  "alpha_LoUPCP": 0.2,
  "m_cal": 6329,
  "q_hat_leaf_LoUPCP": 0.7671802639961243,
  "metrics": {
    "coverage": 0.9440758293838862,
    "set_size_mean": 1.0186413902053713,
    "set_size_median": 1.0,
    "empty_rate": 0.022116903633491312,
    "singleton_rate": 0.9371248025276462,
    "base_top1_acc": 0.9470774091627172,
    "top1_acc_non_empty": 0.9507269789983845,
    "hir": 0.0
  },
  "num_test_defined": 6330,
  "num_test_used": 6330,
  "class_labels": [
    "fam:Android",
    "fam:Linux",
    "fam:Windows",
    "fam:iOS",
    "fam:macOS"
  ]
}