{
  "level": "family",
  "alpha_LoUPCP": 0.3,
  "m_cal": 6329,
  "q_hat_leaf_LoUPCP": 0.6151545643806458,
  "metrics": {
    "coverage": 0.7930489731437599,
    "set_size_mean": 0.8368088467614534,
    "set_size_median": 1.0,
    "empty_rate": 0.17519747235387045,
    "singleton_rate": 0.8127962085308057,
    "base_top1_acc": 0.9448657187993681,
    "top1_acc_non_empty": 0.9569048075081402,
    "hir": 0.0
  },
  "num_test_defined": 6330,
  "num_test_used": 6330,
  "class_labels": [
    "fam:Android",
    "fam:Linux",
    "fam:Windows",
    "fam:iOS",
    "fam:macOS"
  ]
}