{
  "level": "family",
  "alpha_B": 0.45,
  "m_cal": 6329,
  "q_hat_leaf_B": 0.16032695770263672,
  "metrics": {
    "coverage": 0.5563981042654028,
    "set_size_mean": 0.5620853080568721,
    "set_size_median": 1.0,
    "empty_rate": 0.437914691943128,
    "singleton_rate": 0.5620853080568721,
    "base_top1_acc": 0.9406003159557662,
    "top1_acc_non_empty": 0.9898819561551433,
    "hir": 0.0
  },
  "num_test_defined": 6330,
  "num_test_used": 6330,
  "class_labels": [
    "fam:Android",
    "fam:Linux",
    "fam:Windows",
    "fam:iOS",
    "fam:macOS"
  ]
}