{
  "level": "family",
  "alpha_B": 0.35,
  "m_cal": 6329,
  "q_hat_leaf_B": 0.4971374273300171,
  "metrics": {
    "coverage": 0.7165876777251184,
    "set_size_mean": 0.7387045813586098,
    "set_size_median": 1.0,
    "empty_rate": 0.2612954186413902,
    "singleton_rate": 0.7387045813586098,
    "base_top1_acc": 0.9462875197472354,
    "top1_acc_non_empty": 0.9700598802395209,
    "hir": 0.0
  },
  "num_test_defined": 6330,
  "num_test_used": 6330,
  "class_labels": [
    "fam:Android",
    "fam:Linux",
    "fam:Windows",
    "fam:iOS",
    "fam:macOS"
  ]
}