{
  "level": "family",
  "alpha": 0.04,
  "m_k": 6329,
  "j": 6077,
  "quantile_step": 0.0001579778830963665,
  "q_hat": 0.6534786224365234,
  "metrics": {
    "coverage": 0.9617693522906793,
    "set_size_mean": 1.0126382306477093,
    "set_size_median": 1.0,
    "empty_rate": 0.0,
    "singleton_rate": 0.9873617693522907,
    "top1_acc_non_empty": 0.9552922590837283,
    "base_top1_acc": 0.9552922590837283,
    "hir": 0.3360189573459716
  },
  "num_test_defined": 6330,
  "num_test_used": 6330,
  "class_labels": [
    "fam:Android",
    "fam:Linux",
    "fam:Windows",
    "fam:iOS",
    "fam:macOS"
  ]
}