{
  "level": "family",
  "alpha": 0.2,
  "m_k": 6329,
  "j": 5064,
  "quantile_step": 0.0001579778830963665,
  "q_hat": 0.03136765956878662,
  "metrics": {
    "coverage": 0.79826224328594,
    "set_size_mean": 0.8036334913112164,
    "set_size_median": 1.0,
    "empty_rate": 0.19636650868878358,
    "singleton_rate": 0.8036334913112164,
    "top1_acc_non_empty": 0.9933162964419108,
    "base_top1_acc": 0.9533965244865719,
    "hir": 0.34407582938388626
  },
  "num_test_defined": 6330,
  "num_test_used": 6330,
  "class_labels": [
    "fam:Android",
    "fam:Linux",
    "fam:Windows",
    "fam:iOS",
    "fam:macOS"
  ]
}