{
  "level": "family",
  "alpha": 0.45,
  "m_k": 6329,
  "j": 3482,
  "quantile_step": 0.0001579778830963665,
  "q_hat": 0.0004417300224304199,
  "metrics": {
    "coverage": 0.5406003159557662,
    "set_size_mean": 0.5407582938388625,
    "set_size_median": 1.0,
    "empty_rate": 0.45924170616113746,
    "singleton_rate": 0.5407582938388625,
    "top1_acc_non_empty": 0.9997078586035641,
    "base_top1_acc": 0.956872037914692,
    "hir": 0.24154818325434438
  },
  "num_test_defined": 6330,
  "num_test_used": 6330,
  "class_labels": [
    "fam:Android",
    "fam:Linux",
    "fam:Windows",
    "fam:iOS",
    "fam:macOS"
  ]
}