{
  "level": "family",
  "alpha_LoUPCP": 0.25,
  "m_cal": 6329,
  "q_hat_leaf_LoUPCP": 0.6940695643424988,
  "metrics": {
    "coverage": 0.8682464454976303,
    "set_size_mean": 0.9369668246445497,
    "set_size_median": 1.0,
    "empty_rate": 0.09194312796208531,
    "singleton_rate": 0.8791469194312796,
    "base_top1_acc": 0.9402843601895735,
    "top1_acc_non_empty": 0.9455462769659012,
    "hir": 0.0
  },
  "num_test_defined": 6330,
  "num_test_used": 6330,
  "class_labels": [
    "fam:Android",
    "fam:Linux",
    "fam:Windows",
    "fam:iOS",
    "fam:macOS"
  ]
}