{
  "level": "family",
  "alpha": 0.05,
  "m_k": 6329,
  "j": 6014,
  "quantile_step": 0.0001579778830963665,
  "q_hat": 0.4428176283836365,
  "metrics": {
    "coverage": 0.9548183254344392,
    "set_size_mean": 0.9927330173775671,
    "set_size_median": 1.0,
    "empty_rate": 0.0072669826224328595,
    "singleton_rate": 0.9927330173775671,
    "top1_acc_non_empty": 0.9618077657542966,
    "base_top1_acc": 0.9570300157977883,
    "hir": 0.3292259083728278
  },
  "num_test_defined": 6330,
  "num_test_used": 6330,
  "class_labels": [
    "fam:Android",
    "fam:Linux",
    "fam:Windows",
    "fam:iOS",
    "fam:macOS"
  ]
}