{
  "level": "family",
  "alpha_LoUPCP": 0.3,
  "m_cal": 6329,
  "q_hat_leaf_LoUPCP": 0.638023853302002,
  "metrics": {
    "coverage": 0.8052132701421801,
    "set_size_mean": 0.8473933649289099,
    "set_size_median": 1.0,
    "empty_rate": 0.1665086887835703,
    "singleton_rate": 0.8195892575039494,
    "base_top1_acc": 0.9481832543443918,
    "top1_acc_non_empty": 0.959628506444276,
    "hir": 0.0
  },
  "num_test_defined": 6330,
  "num_test_used": 6330,
  "class_labels": [
    "fam:Android",
    "fam:Linux",
    "fam:Windows",
    "fam:iOS",
    "fam:macOS"
  ]
}