{
  "level": "family",
  "alpha": 0.5,
  "m_k": 6329,
  "j": 3165,
  "quantile_step": 0.0001579778830963665,
  "q_hat": 0.0002631545066833496,
  "metrics": {
    "coverage": 0.4987361769352291,
    "set_size_mean": 0.49921011058451814,
    "set_size_median": 0.0,
    "empty_rate": 0.5007898894154819,
    "singleton_rate": 0.49921011058451814,
    "top1_acc_non_empty": 0.9990506329113924,
    "base_top1_acc": 0.9532385466034755,
    "hir": 0.26966824644549764
  },
  "num_test_defined": 6330,
  "num_test_used": 6330,
  "class_labels": [
    "fam:Android",
    "fam:Linux",
    "fam:Windows",
    "fam:iOS",
    "fam:macOS"
  ]
}