{
  "level": "family",
  "alpha": 0.4,
  "m_k": 6329,
  "j": 3798,
  "quantile_step": 0.0001579778830963665,
  "q_hat": 0.0008687376976013184,
  "metrics": {
    "coverage": 0.5889415481832544,
    "set_size_mean": 0.5895734597156398,
    "set_size_median": 1.0,
    "empty_rate": 0.4104265402843602,
    "singleton_rate": 0.5895734597156398,
    "top1_acc_non_empty": 0.9989281886387996,
    "base_top1_acc": 0.9548183254344392,
    "hir": 0.23601895734597156
  },
  "num_test_defined": 6330,
  "num_test_used": 6330,
  "class_labels": [
    "fam:Android",
    "fam:Linux",
    "fam:Windows",
    "fam:iOS",
    "fam:macOS"
  ]
}