{
  "level": "family",
  "alpha": 0.04,
  "m_k": 6329,
  "j": 6077,
  "quantile_step": 0.0001579778830963665,
  "q_hat": 0.7315206527709961,
  "metrics": {
    "coverage": 0.9707740916271722,
    "set_size_mean": 1.0255924170616113,
    "set_size_median": 1.0,
    "empty_rate": 0.0,
    "singleton_rate": 0.974565560821485,
    "top1_acc_non_empty": 0.9592417061611375,
    "base_top1_acc": 0.9592417061611375,
    "hir": 0.33617693522906794
  },
  "num_test_defined": 6330,
  "num_test_used": 6330,
  "class_labels": [
    "fam:Android",
    "fam:Linux",
    "fam:Windows",
    "fam:iOS",
    "fam:macOS"
  ]
}