{
  "level": "family",
  "alpha_B": 0.4,
  "m_cal": 6329,
  "q_hat_leaf_B": 0.30788296461105347,
  "metrics": {
    "coverage": 0.620695102685624,
    "set_size_mean": 0.6298578199052133,
    "set_size_median": 1.0,
    "empty_rate": 0.3701421800947867,
    "singleton_rate": 0.6298578199052133,
    "base_top1_acc": 0.9442338072669826,
    "top1_acc_non_empty": 0.9854527213443692,
    "hir": 0.0
  },
  "num_test_defined": 6330,
  "num_test_used": 6330,
  "class_labels": [
    "fam:Android",
    "fam:Linux",
    "fam:Windows",
    "fam:iOS",
    "fam:macOS"
  ]
}