{
  "level": "family",
  "alpha_B": 0.01,
  "m_cal": 6329,
  "q_hat_leaf_B": 0.9940993785858154,
  "metrics": {
    "coverage": 0.995260663507109,
    "set_size_mean": 1.559083728278041,
    "set_size_median": 1.0,
    "empty_rate": 0.0,
    "singleton_rate": 0.6104265402843602,
    "base_top1_acc": 0.9423380726698263,
    "top1_acc_non_empty": 0.9423380726698263,
    "hir": 0.0
  },
  "num_test_defined": 6330,
  "num_test_used": 6330,
  "class_labels": [
    "fam:Android",
    "fam:Linux",
    "fam:Windows",
    "fam:iOS",
    "fam:macOS"
  ]
}