{
  "level": "family",
  "alpha_B": 0.25,
  "m_cal": 6329,
  "q_hat_leaf_B": 0.7075403332710266,
  "metrics": {
    "coverage": 0.8862559241706162,
    "set_size_mean": 0.952132701421801,
    "set_size_median": 1.0,
    "empty_rate": 0.07661927330173776,
    "singleton_rate": 0.8946287519747236,
    "base_top1_acc": 0.9462875197472354,
    "top1_acc_non_empty": 0.9503849443969205,
    "hir": 0.0
  },
  "num_test_defined": 6330,
  "num_test_used": 6330,
  "class_labels": [
    "fam:Android",
    "fam:Linux",
    "fam:Windows",
    "fam:iOS",
    "fam:macOS"
  ]
}