{
  "level": "family",
  "alpha_LoUPCP": 0.35,
  "m_cal": 6329,
  "q_hat_leaf_LoUPCP": 0.4970088601112366,
  "metrics": {
    "coverage": 0.7148499210110585,
    "set_size_mean": 0.7377567140600316,
    "set_size_median": 1.0,
    "empty_rate": 0.26224328593996843,
    "singleton_rate": 0.7377567140600316,
    "base_top1_acc": 0.9394944707740917,
    "top1_acc_non_empty": 0.9689507494646681,
    "hir": 0.0
  },
  "num_test_defined": 6330,
  "num_test_used": 6330,
  "class_labels": [
    "fam:Android",
    "fam:Linux",
    "fam:Windows",
    "fam:iOS",
    "fam:macOS"
  ]
}