{
  "level": "family",
  "alpha": 0.45,
  "m_k": 6329,
  "j": 3482,
  "quantile_step": 0.0001579778830963665,
  "q_hat": 0.000522315502166748,
  "metrics": {
    "coverage": 0.5624012638230648,
    "set_size_mean": 0.5630331753554503,
    "set_size_median": 1.0,
    "empty_rate": 0.4369668246445498,
    "singleton_rate": 0.5630331753554503,
    "top1_acc_non_empty": 0.9988776655443322,
    "base_top1_acc": 0.955608214849921,
    "hir": 0.22527646129541865
  },
  "num_test_defined": 6330,
  "num_test_used": 6330,
  "class_labels": [
    "fam:Android",
    "fam:Linux",
    "fam:Windows",
    "fam:iOS",
    "fam:macOS"
  ]
}