{
  "level": "family",
  "alpha_LoUPCP": 0.15,
  "m_cal": 6329,
  "q_hat_leaf_LoUPCP": 0.7837523818016052,
  "metrics": {
    "coverage": 0.9545023696682464,
    "set_size_mean": 1.0338072669826224,
    "set_size_median": 1.0,
    "empty_rate": 0.009478672985781991,
    "singleton_rate": 0.9472353870458136,
    "base_top1_acc": 0.9475513428120064,
    "top1_acc_non_empty": 0.9502392344497608,
    "hir": 0.0
  },
  "num_test_defined": 6330,
  "num_test_used": 6330,
  "class_labels": [
    "fam:Android",
    "fam:Linux",
    "fam:Windows",
    "fam:iOS",
    "fam:macOS"
  ]
}