{
  "level": "family",
  "alpha_LoUPCP": 0.45,
  "m_cal": 6329,
  "q_hat_leaf_LoUPCP": 0.1729617714881897,
  "metrics": {
    "coverage": 0.5628751974723538,
    "set_size_mean": 0.5671406003159558,
    "set_size_median": 1.0,
    "empty_rate": 0.43285939968404424,
    "singleton_rate": 0.5671406003159558,
    "base_top1_acc": 0.9464454976303317,
    "top1_acc_non_empty": 0.9924791086350975,
    "hir": 0.0
  },
  "num_test_defined": 6330,
  "num_test_used": 6330,
  "class_labels": [
    "fam:Android",
    "fam:Linux",
    "fam:Windows",
    "fam:iOS",
    "fam:macOS"
  ]
}