{
  "level": "family",
  "alpha": 0.075,
  "m_k": 6329,
  "j": 5856,
  "quantile_step": 0.0001579778830963665,
  "q_hat": 0.1931593418121338,
  "metrics": {
    "coverage": 0.9263823064770932,
    "set_size_mean": 0.9467614533965245,
    "set_size_median": 1.0,
    "empty_rate": 0.05323854660347551,
    "singleton_rate": 0.9467614533965245,
    "top1_acc_non_empty": 0.9784748873685967,
    "base_top1_acc": 0.9565560821484992,
    "hir": 0.23364928909952606
  },
  "num_test_defined": 6330,
  "num_test_used": 6330,
  "class_labels": [
    "fam:Android",
    "fam:Linux",
    "fam:Windows",
    "fam:iOS",
    "fam:macOS"
  ]
}