{
  "level": "family",
  "alpha_B": 0.25,
  "m_cal": 6329,
  "q_hat_leaf_B": 0.6993406414985657,
  "metrics": {
    "coverage": 0.8772511848341232,
    "set_size_mean": 0.9473933649289099,
    "set_size_median": 1.0,
    "empty_rate": 0.08467614533965245,
    "singleton_rate": 0.8832543443917852,
    "base_top1_acc": 0.9432859399684044,
    "top1_acc_non_empty": 0.9477045219192268,
    "hir": 0.0
  },
  "num_test_defined": 6330,
  "num_test_used": 6330,
  "class_labels": [
    "fam:Android",
    "fam:Linux",
    "fam:Windows",
    "fam:iOS",
    "fam:macOS"
  ]
}