{
  "level": "family",
  "alpha_B": 0.2,
  "m_cal": 6329,
  "q_hat_leaf_B": 0.7590625286102295,
  "metrics": {
    "coverage": 0.934913112164297,
    "set_size_mean": 1.0131121642969985,
    "set_size_median": 1.0,
    "empty_rate": 0.027804107424960506,
    "singleton_rate": 0.9312796208530806,
    "base_top1_acc": 0.9436018957345972,
    "top1_acc_non_empty": 0.9468638284042898,
    "hir": 0.0
  },
  "num_test_defined": 6330,
  "num_test_used": 6330,
  "class_labels": [
    "fam:Android",
    "fam:Linux",
    "fam:Windows",
    "fam:iOS",
    "fam:macOS"
  ]
}