{
  "level": "family",
  "alpha_LoUPCP": 0.15,
  "m_cal": 6329,
  "q_hat_leaf_LoUPCP": 0.7832491993904114,
  "metrics": {
    "coverage": 0.957345971563981,
    "set_size_mean": 1.035387045813586,
    "set_size_median": 1.0,
    "empty_rate": 0.009320695102685624,
    "singleton_rate": 0.9459715639810427,
    "base_top1_acc": 0.9464454976303317,
    "top1_acc_non_empty": 0.9497687769095838,
    "hir": 0.0
  },
  "num_test_defined": 6330,
  "num_test_used": 6330,
  "class_labels": [
    "fam:Android",
    "fam:Linux",
    "fam:Windows",
    "fam:iOS",
    "fam:macOS"
  ]
}