{
  "level": "family",
  "alpha_B": 0.3,
  "m_cal": 6329,
  "q_hat_leaf_B": 0.6119074821472168,
  "metrics": {
    "coverage": 0.7845181674565561,
    "set_size_mean": 0.8287519747235387,
    "set_size_median": 1.0,
    "empty_rate": 0.1819905213270142,
    "singleton_rate": 0.8072669826224329,
    "base_top1_acc": 0.9423380726698263,
    "top1_acc_non_empty": 0.95519505600618,
    "hir": 0.0
  },
  "num_test_defined": 6330,
  "num_test_used": 6330,
  "class_labels": [
    "fam:Android",
    "fam:Linux",
    "fam:Windows",
    "fam:iOS",
    "fam:macOS"
  ]
}