{
  "level": "family",
  "alpha": 0.1,
  "m_k": 6329,
  "j": 5697,
  "quantile_step": 0.0001579778830963665,
  "q_hat": 0.12937462329864502,
  "metrics": {
    "coverage": 0.9004739336492891,
    "set_size_mean": 0.9146919431279621,
    "set_size_median": 1.0,
    "empty_rate": 0.08530805687203792,
    "singleton_rate": 0.9146919431279621,
    "top1_acc_non_empty": 0.9844559585492227,
    "base_top1_acc": 0.9570300157977883,
    "hir": 0.23917851500789888
  },
  "num_test_defined": 6330,
  "num_test_used": 6330,
  "class_labels": [
    "fam:Android",
    "fam:Linux",
    "fam:Windows",
    "fam:iOS",
    "fam:macOS"
  ]
}