{
  "level": "family",
  "alpha": 0.5,
  "m_k": 6329,
  "j": 3165,
  "quantile_step": 0.0001579778830963665,
  "q_hat": 0.00025981664657592773,
  "metrics": {
    "coverage": 0.49715639810426543,
    "set_size_mean": 0.4977883096366509,
    "set_size_median": 0.0,
    "empty_rate": 0.5022116903633491,
    "singleton_rate": 0.4977883096366509,
    "top1_acc_non_empty": 0.998730561726436,
    "base_top1_acc": 0.9537124802527646,
    "hir": 0.26998420221169034
  },
  "num_test_defined": 6330,
  "num_test_used": 6330,
  "class_labels": [
    "fam:Android",
    "fam:Linux",
    "fam:Windows",
    "fam:iOS",
    "fam:macOS"
  ]
}