{
  "level": "family",
  "alpha_B": 0.25,
  "m_cal": 6329,
  "q_hat_leaf_B": 0.7038769721984863,
  "metrics": {
    "coverage": 0.8807266982622433,
    "set_size_mean": 0.95086887835703,
    "set_size_median": 1.0,
    "empty_rate": 0.08120063191153239,
    "singleton_rate": 0.8867298578199052,
    "base_top1_acc": 0.9428120063191153,
    "top1_acc_non_empty": 0.9473865199449794,
    "hir": 0.0
  },
  "num_test_defined": 6330,
  "num_test_used": 6330,
  "class_labels": [
    "fam:Android",
    "fam:Linux",
    "fam:Windows",
    "fam:iOS",
    "fam:macOS"
  ]
}