{
  "level": "family",
  "alpha_B": 0.35,
  "m_cal": 6329,
  "q_hat_leaf_B": 0.500808596611023,
  "metrics": {
    "coverage": 0.7146919431279621,
    "set_size_mean": 0.7364928909952607,
    "set_size_median": 1.0,
    "empty_rate": 0.26350710900473934,
    "singleton_rate": 0.7364928909952607,
    "base_top1_acc": 0.9451816745655608,
    "top1_acc_non_empty": 0.9703989703989704,
    "hir": 0.0
  },
  "num_test_defined": 6330,
  "num_test_used": 6330,
  "class_labels": [
    "fam:Android",
    "fam:Linux",
    "fam:Windows",
    "fam:iOS",
    "fam:macOS"
  ]
}