{
  "level": "family",
  "alpha_LoUPCP": 0.2,
  "m_cal": 6329,
  "q_hat_leaf_LoUPCP": 0.7588843107223511,
  "metrics": {
    "coverage": 0.9312796208530806,
    "set_size_mean": 1.0107424960505529,
    "set_size_median": 1.0,
    "empty_rate": 0.029541864139020536,
    "singleton_rate": 0.930173775671406,
    "base_top1_acc": 0.9415481832543444,
    "top1_acc_non_empty": 0.9449780237668891,
    "hir": 0.0
  },
  "num_test_defined": 6330,
  "num_test_used": 6330,
  "class_labels": [
    "fam:Android",
    "fam:Linux",
    "fam:Windows",
    "fam:iOS",
    "fam:macOS"
  ]
}