{
  "level": "family",
  "alpha": 0.4,
  "m_k": 6329,
  "j": 3798,
  "quantile_step": 0.0001579778830963665,
  "q_hat": 0.0009620189666748047,
  "metrics": {
    "coverage": 0.6007898894154818,
    "set_size_mean": 0.6012638230647709,
    "set_size_median": 1.0,
    "empty_rate": 0.39873617693522906,
    "singleton_rate": 0.6012638230647709,
    "top1_acc_non_empty": 0.9992117708880714,
    "base_top1_acc": 0.957345971563981,
    "hir": 0.24549763033175356
  },
  "num_test_defined": 6330,
  "num_test_used": 6330,
  "class_labels": [
    "fam:Android",
    "fam:Linux",
    "fam:Windows",
    "fam:iOS",
    "fam:macOS"
  ]
}