{
  "level": "family",
  "alpha_B": 0.02,
  "m_cal": 6329,
  "q_hat_leaf_B": 0.9817972779273987,
  "metrics": {
    "coverage": 0.9906793048973144,
    "set_size_mean": 1.3717219589257503,
    "set_size_median": 1.0,
    "empty_rate": 0.0,
    "singleton_rate": 0.717693522906793,
    "base_top1_acc": 0.9390205371248025,
    "top1_acc_non_empty": 0.9390205371248025,
    "hir": 0.0
  },
  "num_test_defined": 6330,
  "num_test_used": 6330,
  "class_labels": [
    "fam:Android",
    "fam:Linux",
    "fam:Windows",
    "fam:iOS",
    "fam:macOS"
  ]
}