{
  "level": "family",
  "alpha_B": 0.35,
  "m_cal": 6329,
  "q_hat_leaf_B": 0.5026414394378662,
  "metrics": {
    "coverage": 0.7200631911532386,
    "set_size_mean": 0.7424960505529226,
    "set_size_median": 1.0,
    "empty_rate": 0.2575039494470774,
    "singleton_rate": 0.7424960505529226,
    "base_top1_acc": 0.943127962085308,
    "top1_acc_non_empty": 0.9697872340425532,
    "hir": 0.0
  },
  "num_test_defined": 6330,
  "num_test_used": 6330,
  "class_labels": [
    "fam:Android",
    "fam:Linux",
    "fam:Windows",
    "fam:iOS",
    "fam:macOS"
  ]
}