{
  "level": "family",
  "alpha_B": 0.4,
  "m_cal": 6329,
  "q_hat_leaf_B": 0.339480996131897,
  "metrics": {
    "coverage": 0.6361769352290679,
    "set_size_mean": 0.6454976303317536,
    "set_size_median": 1.0,
    "empty_rate": 0.35450236966824644,
    "singleton_rate": 0.6454976303317536,
    "base_top1_acc": 0.9442338072669826,
    "top1_acc_non_empty": 0.9855604503181595,
    "hir": 0.0
  },
  "num_test_defined": 6330,
  "num_test_used": 6330,
  "class_labels": [
    "fam:Android",
    "fam:Linux",
    "fam:Windows",
    "fam:iOS",
    "fam:macOS"
  ]
}