{
  "level": "family",
  "alpha": 0.1,
  "m_k": 6329,
  "j": 5697,
  "quantile_step": 0.0001579778830963665,
  "q_hat": 0.12937432527542114,
  "metrics": {
    "coverage": 0.8988941548183255,
    "set_size_mean": 0.9140600315955766,
    "set_size_median": 1.0,
    "empty_rate": 0.08593996840442338,
    "singleton_rate": 0.9140600315955766,
    "top1_acc_non_empty": 0.9834082267542343,
    "base_top1_acc": 0.9552922590837283,
    "hir": 0.2358609794628752
  },
  "num_test_defined": 6330,
  "num_test_used": 6330,
  "class_labels": [
    "fam:Android",
    "fam:Linux",
    "fam:Windows",
    "fam:iOS",
    "fam:macOS"
  ]
}