{
  "level": "family",
  "alpha_LoUPCP": 0.3,
  "m_cal": 6329,
  "q_hat_leaf_LoUPCP": 0.6229883432388306,
  "metrics": {
    "coverage": 0.7941548183254344,
    "set_size_mean": 0.8391785150078989,
    "set_size_median": 1.0,
    "empty_rate": 0.1750394944707741,
    "singleton_rate": 0.8107424960505529,
    "base_top1_acc": 0.9458135860979463,
    "top1_acc_non_empty": 0.957296055151283,
    "hir": 0.0
  },
  "num_test_defined": 6330,
  "num_test_used": 6330,
  "class_labels": [
    "fam:Android",
    "fam:Linux",
    "fam:Windows",
    "fam:iOS",
    "fam:macOS"
  ]
}