{
  "level": "family",
  "alpha_LoUPCP": 0.1,
  "m_cal": 6329,
  "q_hat_leaf_LoUPCP": 0.830673098564148,
  "metrics": {
    "coverage": 0.9628751974723538,
    "set_size_mean": 1.061611374407583,
    "set_size_median": 1.0,
    "empty_rate": 0.0007898894154818325,
    "singleton_rate": 0.9380726698262243,
    "base_top1_acc": 0.9423380726698263,
    "top1_acc_non_empty": 0.9427667984189724,
    "hir": 0.0
  },
  "num_test_defined": 6330,
  "num_test_used": 6330,
  "class_labels": [
    "fam:Android",
    "fam:Linux",
    "fam:Windows",
    "fam:iOS",
    "fam:macOS"
  ]
}