{
  "level": "family",
  "alpha_LoUPCP": 0.4,
  "m_cal": 6329,
  "q_hat_leaf_LoUPCP": 0.3319852948188782,
  "metrics": {
    "coverage": 0.6352290679304897,
    "set_size_mean": 0.64739336492891,
    "set_size_median": 1.0,
    "empty_rate": 0.35260663507109,
    "singleton_rate": 0.64739336492891,
    "base_top1_acc": 0.9428120063191153,
    "top1_acc_non_empty": 0.9812103465104929,
    "hir": 0.0
  },
  "num_test_defined": 6330,
  "num_test_used": 6330,
  "class_labels": [
    "fam:Android",
    "fam:Linux",
    "fam:Windows",
    "fam:iOS",
    "fam:macOS"
  ]
}