{
  "level": "family",
  "alpha_LoUPCP": 0.5,
  "m_cal": 6329,
  "q_hat_leaf_LoUPCP": 0.054490864276885986,
  "metrics": {
    "coverage": 0.48230647709320695,
    "set_size_mean": 0.4854660347551343,
    "set_size_median": 0.0,
    "empty_rate": 0.5145339652448657,
    "singleton_rate": 0.4854660347551343,
    "base_top1_acc": 0.9383886255924171,
    "top1_acc_non_empty": 0.993491701919948,
    "hir": 0.0
  },
  "num_test_defined": 6330,
  "num_test_used": 6330,
  "class_labels": [
    "fam:Android",
    "fam:Linux",
    "fam:Windows",
    "fam:iOS",
    "fam:macOS"
  ]
}