{
  "level": "family",
  "alpha_B": 0.45,
  "m_cal": 6329,
  "q_hat_leaf_B": 0.17522883415222168,
  "metrics": {
    "coverage": 0.5639810426540285,
    "set_size_mean": 0.5695102685624013,
    "set_size_median": 1.0,
    "empty_rate": 0.4304897314375987,
    "singleton_rate": 0.5695102685624013,
    "base_top1_acc": 0.9440758293838862,
    "top1_acc_non_empty": 0.9902912621359223,
    "hir": 0.0
  },
  "num_test_defined": 6330,
  "num_test_used": 6330,
  "class_labels": [
    "fam:Android",
    "fam:Linux",
    "fam:Windows",
    "fam:iOS",
    "fam:macOS"
  ]
}