{
  "level": "family",
  "alpha": 0.02,
  "m_k": 6329,
  "j": 6204,
  "quantile_step": 0.0001579778830963665,
  "q_hat": 0.9111160039901733,
  "metrics": {
    "coverage": 0.9799368088467615,
    "set_size_mean": 1.1003159557661928,
    "set_size_median": 1.0,
    "empty_rate": 0.0,
    "singleton_rate": 0.9086887835703001,
    "top1_acc_non_empty": 0.956872037914692,
    "base_top1_acc": 0.956872037914692,
    "hir": 0.4003159557661927
  },
  "num_test_defined": 6330,
  "num_test_used": 6330,
  "class_labels": [
    "fam:Android",
    "fam:Linux",
    "fam:Windows",
    "fam:iOS",
    "fam:macOS"
  ]
}