{
  "level": "family",
  "alpha_B": 0.1,
  "m_cal": 6329,
  "q_hat_leaf_B": 0.8357875347137451,
  "metrics": {
    "coverage": 0.9641390205371249,
    "set_size_mean": 1.0671406003159558,
    "set_size_median": 1.0,
    "empty_rate": 0.001579778830963665,
    "singleton_rate": 0.9320695102685624,
    "base_top1_acc": 0.9423380726698263,
    "top1_acc_non_empty": 0.9435126582278481,
    "hir": 0.0
  },
  "num_test_defined": 6330,
  "num_test_used": 6330,
  "class_labels": [
    "fam:Android",
    "fam:Linux",
    "fam:Windows",
    "fam:iOS",
    "fam:macOS"
  ]
}