{
  "level": "family",
  "alpha": 0.25,
  "m_k": 6329,
  "j": 4748,
  "quantile_step": 0.0001579778830963665,
  "q_hat": 0.010146796703338623,
  "metrics": {
    "coverage": 0.7545023696682465,
    "set_size_mean": 0.7567140600315956,
    "set_size_median": 1.0,
    "empty_rate": 0.24328593996840442,
    "singleton_rate": 0.7567140600315956,
    "top1_acc_non_empty": 0.9970772442588727,
    "base_top1_acc": 0.9552922590837283,
    "hir": 0.3688783570300158
  },
  "num_test_defined": 6330,
  "num_test_used": 6330,
  "class_labels": [
    "fam:Android",
    "fam:Linux",
    "fam:Windows",
    "fam:iOS",
    "fam:macOS"
  ]
}