{
  "level": "family",
  "alpha": 0.15,
  "m_k": 6329,
  "j": 5381,
  "quantile_step": 0.0001579778830963665,
  "q_hat": 0.08120948076248169,
  "metrics": {
    "coverage": 0.8472353870458136,
    "set_size_mean": 0.8567140600315956,
    "set_size_median": 1.0,
    "empty_rate": 0.1432859399684044,
    "singleton_rate": 0.8567140600315956,
    "top1_acc_non_empty": 0.988936013276784,
    "base_top1_acc": 0.9529225908372828,
    "hir": 0.28151658767772514
  },
  "num_test_defined": 6330,
  "num_test_used": 6330,
  "class_labels": [
    "fam:Android",
    "fam:Linux",
    "fam:Windows",
    "fam:iOS",
    "fam:macOS"
  ]
}