{
  "level": "family",
  "alpha_LoUPCP": 0.1,
  "m_cal": 6329,
  "q_hat_leaf_LoUPCP": 0.836630642414093,
  "metrics": {
    "coverage": 0.9652448657187994,
    "set_size_mean": 1.067614533965245,
    "set_size_median": 1.0,
    "empty_rate": 0.0011058451816745656,
    "singleton_rate": 0.9325434439178515,
    "base_top1_acc": 0.9447077409162717,
    "top1_acc_non_empty": 0.9455954452000632,
    "hir": 0.0
  },
  "num_test_defined": 6330,
  "num_test_used": 6330,
  "class_labels": [
    "fam:Android",
    "fam:Linux",
    "fam:Windows",
    "fam:iOS",
    "fam:macOS"
  ]
}