{
  "level": "family",
  "alpha": 0.075,
  "m_k": 6329,
  "j": 5856,
  "quantile_step": 0.0001579778830963665,
  "q_hat": 0.2085912823677063,
  "metrics": {
    "coverage": 0.9320695102685624,
    "set_size_mean": 0.9529225908372828,
    "set_size_median": 1.0,
    "empty_rate": 0.04707740916271722,
    "singleton_rate": 0.9529225908372828,
    "top1_acc_non_empty": 0.9781167108753316,
    "base_top1_acc": 0.9575039494470774,
    "hir": 0.23696682464454977
  },
  "num_test_defined": 6330,
  "num_test_used": 6330,
  "class_labels": [
    "fam:Android",
    "fam:Linux",
    "fam:Windows",
    "fam:iOS",
    "fam:macOS"
  ]
}