{
  "level": "family",
  "alpha_B": 0.25,
  "m_cal": 6329,
  "q_hat_leaf_B": 0.693274974822998,
  "metrics": {
    "coverage": 0.8676145339652449,
    "set_size_mean": 0.933649289099526,
    "set_size_median": 1.0,
    "empty_rate": 0.095260663507109,
    "singleton_rate": 0.875829383886256,
    "base_top1_acc": 0.9447077409162717,
    "top1_acc_non_empty": 0.9495372795529946,
    "hir": 0.0
  },
  "num_test_defined": 6330,
  "num_test_used": 6330,
  "class_labels": [
    "fam:Android",
    "fam:Linux",
    "fam:Windows",
    "fam:iOS",
    "fam:macOS"
  ]
}