{
  "level": "family",
  "alpha_B": 0.5,
  "m_cal": 6329,
  "q_hat_leaf_B": 0.05918443202972412,
  "metrics": {
    "coverage": 0.4909952606635071,
    "set_size_mean": 0.4933649289099526,
    "set_size_median": 0.0,
    "empty_rate": 0.5066350710900474,
    "singleton_rate": 0.4933649289099526,
    "base_top1_acc": 0.9428120063191153,
    "top1_acc_non_empty": 0.9951969260326609,
    "hir": 0.0
  },
  "num_test_defined": 6330,
  "num_test_used": 6330,
  "class_labels": [
    "fam:Android",
    "fam:Linux",
    "fam:Windows",
    "fam:iOS",
    "fam:macOS"
  ]
}