{
  "level": "family",
  "alpha": 0.4,
  "m_k": 6329,
  "j": 3798,
  "quantile_step": 0.0001579778830963665,
  "q_hat": 0.0009213685989379883,
  "metrics": {
    "coverage": 0.5954186413902054,
    "set_size_mean": 0.5957345971563981,
    "set_size_median": 1.0,
    "empty_rate": 0.4042654028436019,
    "singleton_rate": 0.5957345971563981,
    "top1_acc_non_empty": 0.9994696367011403,
    "base_top1_acc": 0.9565560821484992,
    "hir": 0.23902053712480253
  },
  "num_test_defined": 6330,
  "num_test_used": 6330,
  "class_labels": [
    "fam:Android",
    "fam:Linux",
    "fam:Windows",
    "fam:iOS",
    "fam:macOS"
  ]
}