{
  "level": "family",
  "alpha_B": 0.3,
  "m_cal": 6329,
  "q_hat_leaf_B": 0.631425678730011,
  "metrics": {
    "coverage": 0.798736176935229,
    "set_size_mean": 0.8445497630331753,
    "set_size_median": 1.0,
    "empty_rate": 0.1703001579778831,
    "singleton_rate": 0.8148499210110585,
    "base_top1_acc": 0.9428120063191153,
    "top1_acc_non_empty": 0.9556359482102056,
    "hir": 0.0
  },
  "num_test_defined": 6330,
  "num_test_used": 6330,
  "class_labels": [
    "fam:Android",
    "fam:Linux",
    "fam:Windows",
    "fam:iOS",
    "fam:macOS"
  ]
}