{
  "level": "family",
  "alpha": 0.03,
  "m_k": 6329,
  "j": 6141,
  "quantile_step": 0.0001579778830963665,
  "q_hat": 0.7784717679023743,
  "metrics": {
    "coverage": 0.9674565560821485,
    "set_size_mean": 1.0327014218009478,
    "set_size_median": 1.0,
    "empty_rate": 0.0,
    "singleton_rate": 0.9679304897314376,
    "top1_acc_non_empty": 0.9546603475513428,
    "base_top1_acc": 0.9546603475513428,
    "hir": 0.35102685624012636
  },
  "num_test_defined": 6330,
  "num_test_used": 6330,
  "class_labels": [
    "fam:Android",
    "fam:Linux",
    "fam:Windows",
    "fam:iOS",
    "fam:macOS"
  ]
}