{
  "level": "family",
  "alpha_B": 0.5,
  "m_cal": 6329,
  "q_hat_leaf_B": 0.06859976053237915,
  "metrics": {
    "coverage": 0.5052132701421801,
    "set_size_mean": 0.5071090047393365,
    "set_size_median": 1.0,
    "empty_rate": 0.4928909952606635,
    "singleton_rate": 0.5071090047393365,
    "base_top1_acc": 0.9448657187993681,
    "top1_acc_non_empty": 0.9962616822429906,
    "hir": 0.0
  },
  "num_test_defined": 6330,
  "num_test_used": 6330,
  "class_labels": [
    "fam:Android",
    "fam:Linux",
    "fam:Windows",
    "fam:iOS",
    "fam:macOS"
  ]
}