{
  "level": "family",
  "alpha_B": 0.15,
  "m_cal": 6329,
  "q_hat_leaf_B": 0.7830459475517273,
  "metrics": {
    "coverage": 0.9507109004739337,
    "set_size_mean": 1.0298578199052133,
    "set_size_median": 1.0,
    "empty_rate": 0.011374407582938388,
    "singleton_rate": 0.9473933649289099,
    "base_top1_acc": 0.9423380726698263,
    "top1_acc_non_empty": 0.9464685202940236,
    "hir": 0.0
  },
  "num_test_defined": 6330,
  "num_test_used": 6330,
  "class_labels": [
    "fam:Android",
    "fam:Linux",
    "fam:Windows",
    "fam:iOS",
    "fam:macOS"
  ]
}