{
  "level": "family",
  "alpha_B": 0.3,
  "m_cal": 6329,
  "q_hat_leaf_B": 0.6133052706718445,
  "metrics": {
    "coverage": 0.7862559241706161,
    "set_size_mean": 0.8312796208530806,
    "set_size_median": 1.0,
    "empty_rate": 0.17993680884676144,
    "singleton_rate": 0.8088467614533965,
    "base_top1_acc": 0.9432859399684044,
    "top1_acc_non_empty": 0.9549219803506068,
    "hir": 0.0
  },
  "num_test_defined": 6330,
  "num_test_used": 6330,
  "class_labels": [
    "fam:Android",
    "fam:Linux",
    "fam:Windows",
    "fam:iOS",
    "fam:macOS"
  ]
}