{
  "level": "family",
  "alpha": 0.15,
  "m_k": 6329,
  "j": 5381,
  "quantile_step": 0.0001579778830963665,
  "q_hat": 0.08374375104904175,
  "metrics": {
    "coverage": 0.8636650868878357,
    "set_size_mean": 0.8748815165876778,
    "set_size_median": 1.0,
    "empty_rate": 0.12511848341232226,
    "singleton_rate": 0.8748815165876778,
    "top1_acc_non_empty": 0.9871794871794872,
    "base_top1_acc": 0.9540284360189574,
    "hir": 0.2685624012638231
  },
  "num_test_defined": 6330,
  "num_test_used": 6330,
  "class_labels": [
    "fam:Android",
    "fam:Linux",
    "fam:Windows",
    "fam:iOS",
    "fam:macOS"
  ]
}