{
  "level": "family",
  "alpha_B": 0.1,
  "m_cal": 6329,
  "q_hat_leaf_B": 0.831507682800293,
  "metrics": {
    "coverage": 0.9625592417061611,
    "set_size_mean": 1.0631911532385465,
    "set_size_median": 1.0,
    "empty_rate": 0.00047393364928909954,
    "singleton_rate": 0.9368088467614534,
    "base_top1_acc": 0.9429699842022117,
    "top1_acc_non_empty": 0.9431009957325747,
    "hir": 0.0
  },
  "num_test_defined": 6330,
  "num_test_used": 6330,
  "class_labels": [
    "fam:Android",
    "fam:Linux",
    "fam:Windows",
    "fam:iOS",
    "fam:macOS"
  ]
}