level,alpha,m_k,j,quantile_step,q_hat,num_test_defined,num_test_used
family,0.3,6329,4431,0.0001579778830963665,0.00405806303024292,6330,6330
