coverage_mean,coverage_std,set_size_mean_mean,set_size_mean_std,set_size_median_mean,set_size_median_std,empty_rate_mean,empty_rate_std,singleton_rate_mean,singleton_rate_std,top1_acc_non_empty_mean,top1_acc_non_empty_std,base_top1_acc_mean,base_top1_acc_std,hir_mean,hir_std
0.9025276461295414,0.004489185541353012,1.5668878357030012,0.00724772501585211,1.0,0.0,0.0010742496050546,0.0004791706441738171,0.6292575039494469,0.00113590382383876,0.7253913135969328,0.003649051486260913,0.7246129541864135,0.0038751301717744593,,
