coverage,set_size_mean,set_size_median,empty_rate,singleton_rate,top1_acc_non_empty,base_top1_acc,hir,level,alpha,run
0.9232227488151651,1.310900473933649,1.0,0.000315955766192,0.760031595576619,0.8260113780025281,0.825750394944707,,major,0.1,1
