coverage,set_size_mean,set_size_median,empty_rate,singleton_rate,top1_acc_non_empty,base_top1_acc,hir,level,alpha,run
0.9654028436018951,1.068720379146919,1.0,0.000315955766192,0.9330173775671401,0.9445322376738301,0.944391785150079,0.0,family,0.1,1
0.961453396524486,1.05781990521327,1.0,0.0015797788309630002,0.940126382306477,0.943987341772151,0.9428120063191151,0.0,family,0.1,2
0.96477093206951,1.061769352290679,1.0,0.000947867298578,0.9380726698262241,0.9451296647691331,0.944391785150079,0.0,family,0.1,3
0.96477093206951,1.067298578199052,1.0,0.0012638230647700002,0.9319115323854661,0.9449541284403671,0.9440758293838861,0.0,family,0.1,4
0.9601895734597151,1.0625592417061611,1.0,0.0012638230647700002,0.9364928909952601,0.9416323948117681,0.9406003159557661,0.0,family,0.1,5
