coverage,set_size_mean,set_size_median,empty_rate,singleton_rate,top1_acc_non_empty,base_top1_acc,hir,level,alpha,run
0.9654028436018951,1.068720379146919,1.0,0.000315955766192,0.9330173775671401,0.9445322376738301,0.944391785150079,0.0,family,0.1,1
