coverage,set_size_mean,set_size_median,empty_rate,singleton_rate,top1_acc_non_empty,base_top1_acc,hir,level,alpha,run
0.9232227488151651,1.310900473933649,1.0,0.000315955766192,0.760031595576619,0.8260113780025281,0.825750394944707,,major,0.1,1
0.9113744075829381,1.29652448657188,1.0,0.0015797788309630002,0.763349131121642,0.818196202531645,0.816903633491311,,major,0.1,2
0.9159557661927331,1.298262243285939,1.0,0.000947867298578,0.7625592417061611,0.8240037950664131,0.8232227488151651,,major,0.1,3
0.921800947867298,1.310110584518167,1.0,0.0012638230647700002,0.756556082148499,0.826478962353685,0.8254344391785151,,major,0.1,4
0.916429699842022,1.303791469194312,1.0,0.0012638230647700002,0.7614533965244861,0.8218918063903821,0.8208530805687201,,major,0.1,5
