{
  "level": "family",
  "alpha_LoUPCP": 0.4,
  "m_cal": 6329,
  "q_hat_leaf_LoUPCP": 0.3199594020843506,
  "metrics": {
    "coverage": 0.6278041074249605,
    "set_size_mean": 0.6353870458135861,
    "set_size_median": 1.0,
    "empty_rate": 0.36461295418641393,
    "singleton_rate": 0.6353870458135861,
    "base_top1_acc": 0.944391785150079,
    "top1_acc_non_empty": 0.9880656389855793,
    "hir": 0.0
  },
  "num_test_defined": 6330,
  "num_test_used": 6330,
  "class_labels": [
    "fam:Android",
    "fam:Linux",
    "fam:Windows",
    "fam:iOS",
    "fam:macOS"
  ]
}