level,alpha,m_k,j,quantile_step,q_hat,num_test_defined,num_test_used
leaf,0.2,6329,5064,0.0001579778830963665,0.7686129808425903,6330,6330
