{
  "level": "family",
  "alpha": 0.2,
  "m_k": 6329,
  "j": 5064,
  "quantile_step": 0.0001579778830963665,
  "q_hat": 0.033912062644958496,
  "metrics": {
    "coverage": 0.8007898894154818,
    "set_size_mean": 0.8060031595576619,
    "set_size_median": 1.0,
    "empty_rate": 0.19399684044233806,
    "singleton_rate": 0.8060031595576619,
    "top1_acc_non_empty": 0.993531948255586,
    "base_top1_acc": 0.9545023696682464,
    "hir": 0.33475513428120063
  },
  "num_test_defined": 6330,
  "num_test_used": 6330,
  "class_labels": [
    "fam:Android",
    "fam:Linux",
    "fam:Windows",
    "fam:iOS",
    "fam:macOS"
  ]
}