{
  "level": "family",
  "alpha": 0.3,
  "m_k": 6329,
  "j": 4431,
  "quantile_step": 0.0001579778830963665,
  "q_hat": 0.0041258931159973145,
  "metrics": {
    "coverage": 0.7061611374407583,
    "set_size_mean": 0.7074249605055293,
    "set_size_median": 1.0,
    "empty_rate": 0.2925750394944708,
    "singleton_rate": 0.7074249605055293,
    "top1_acc_non_empty": 0.9982134881643591,
    "base_top1_acc": 0.9567140600315955,
    "hir": 0.37345971563981045
  },
  "num_test_defined": 6330,
  "num_test_used": 6330,
  "class_labels": [
    "fam:Android",
    "fam:Linux",
    "fam:Windows",
    "fam:iOS",
    "fam:macOS"
  ]
}