{
  "level": "family",
  "alpha_B": 0.3,
  "m_cal": 6329,
  "q_hat_leaf_B": 0.6151184439659119,
  "metrics": {
    "coverage": 0.7872037914691943,
    "set_size_mean": 0.831437598736177,
    "set_size_median": 1.0,
    "empty_rate": 0.18120063191153238,
    "singleton_rate": 0.8061611374407583,
    "base_top1_acc": 0.9442338072669826,
    "top1_acc_non_empty": 0.9565888481574378,
    "hir": 0.0
  },
  "num_test_defined": 6330,
  "num_test_used": 6330,
  "class_labels": [
    "fam:Android",
    "fam:Linux",
    "fam:Windows",
    "fam:iOS",
    "fam:macOS"
  ]
}