{
  "level": "family",
  "alpha": 0.3,
  "m_k": 6329,
  "j": 4431,
  "quantile_step": 0.0001579778830963665,
  "q_hat": 0.003615260124206543,
  "metrics": {
    "coverage": 0.6925750394944707,
    "set_size_mean": 0.695260663507109,
    "set_size_median": 1.0,
    "empty_rate": 0.304739336492891,
    "singleton_rate": 0.695260663507109,
    "top1_acc_non_empty": 0.9961372415360146,
    "base_top1_acc": 0.9559241706161138,
    "hir": 0.3712480252764613
  },
  "num_test_defined": 6330,
  "num_test_used": 6330,
  "class_labels": [
    "fam:Android",
    "fam:Linux",
    "fam:Windows",
    "fam:iOS",
    "fam:macOS"
  ]
}