{
  "level": "family",
  "alpha_LoUPCP": 0.35,
  "m_cal": 6329,
  "q_hat_leaf_LoUPCP": 0.4970088601112366,
  "metrics": {
    "coverage": 0.7109004739336493,
    "set_size_mean": 0.7336492890995261,
    "set_size_median": 1.0,
    "empty_rate": 0.2663507109004739,
    "singleton_rate": 0.7336492890995261,
    "base_top1_acc": 0.9418641390205371,
    "top1_acc_non_empty": 0.9689922480620154,
    "hir": 0.0
  },
  "num_test_defined": 6330,
  "num_test_used": 6330,
  "class_labels": [
    "fam:Android",
    "fam:Linux",
    "fam:Windows",
    "fam:iOS",
    "fam:macOS"
  ]
}