{
  "level": "family",
  "alpha": 0.25,
  "m_k": 6329,
  "j": 4748,
  "quantile_step": 0.0001579778830963665,
  "q_hat": 0.008662819862365723,
  "metrics": {
    "coverage": 0.7426540284360189,
    "set_size_mean": 0.7453396524486572,
    "set_size_median": 1.0,
    "empty_rate": 0.2546603475513428,
    "singleton_rate": 0.7453396524486572,
    "top1_acc_non_empty": 0.9963967782958881,
    "base_top1_acc": 0.9552922590837283,
    "hir": 0.37235387045813584
  },
  "num_test_defined": 6330,
  "num_test_used": 6330,
  "class_labels": [
    "fam:Android",
    "fam:Linux",
    "fam:Windows",
    "fam:iOS",
    "fam:macOS"
  ]
}