{
  "level": "family",
  "alpha_B": 0.04,
  "m_cal": 6329,
  "q_hat_leaf_B": 0.9586490392684937,
  "metrics": {
    "coverage": 0.9890995260663508,
    "set_size_mean": 1.2783570300157978,
    "set_size_median": 1.0,
    "empty_rate": 0.0,
    "singleton_rate": 0.7753554502369668,
    "base_top1_acc": 0.9440758293838862,
    "top1_acc_non_empty": 0.9440758293838862,
    "hir": 0.0
  },
  "num_test_defined": 6330,
  "num_test_used": 6330,
  "class_labels": [
    "fam:Android",
    "fam:Linux",
    "fam:Windows",
    "fam:iOS",
    "fam:macOS"
  ]
}