{
  "level": "family",
  "alpha": 0.25,
  "m_k": 6329,
  "j": 4748,
  "quantile_step": 0.0001579778830963665,
  "q_hat": 0.010726749897003174,
  "metrics": {
    "coverage": 0.7582938388625592,
    "set_size_mean": 0.7605055292259084,
    "set_size_median": 1.0,
    "empty_rate": 0.23949447077409164,
    "singleton_rate": 0.7605055292259084,
    "top1_acc_non_empty": 0.9970918155380141,
    "base_top1_acc": 0.9565560821484992,
    "hir": 0.3688783570300158
  },
  "num_test_defined": 6330,
  "num_test_used": 6330,
  "class_labels": [
    "fam:Android",
    "fam:Linux",
    "fam:Windows",
    "fam:iOS",
    "fam:macOS"
  ]
}