{
  "level": "family",
  "alpha_LoUPCP": 0.02,
  "m_cal": 6329,
  "q_hat_leaf_LoUPCP": 0.9821786880493164,
  "metrics": {
    "coverage": 0.9927330173775671,
    "set_size_mean": 1.3774091627172196,
    "set_size_median": 1.0,
    "empty_rate": 0.0,
    "singleton_rate": 0.7169036334913113,
    "base_top1_acc": 0.9440758293838862,
    "top1_acc_non_empty": 0.9440758293838862,
    "hir": 0.0
  },
  "num_test_defined": 6330,
  "num_test_used": 6330,
  "class_labels": [
    "fam:Android",
    "fam:Linux",
    "fam:Windows",
    "fam:iOS",
    "fam:macOS"
  ]
}