{
  "level": "family",
  "alpha": 0.02,
  "m_k": 6329,
  "j": 6204,
  "quantile_step": 0.0001579778830963665,
  "q_hat": 0.8749865293502808,
  "metrics": {
    "coverage": 0.9744075829383886,
    "set_size_mean": 1.0725118483412321,
    "set_size_median": 1.0,
    "empty_rate": 0.0,
    "singleton_rate": 0.9338072669826224,
    "top1_acc_non_empty": 0.9513428120063191,
    "base_top1_acc": 0.9513428120063191,
    "hir": 0.41311216429699843
  },
  "num_test_defined": 6330,
  "num_test_used": 6330,
  "class_labels": [
    "fam:Android",
    "fam:Linux",
    "fam:Windows",
    "fam:iOS",
    "fam:macOS"
  ]
}