{
  "level": "family",
  "alpha_LoUPCP": 0.1,
  "m_cal": 6329,
  "q_hat_leaf_LoUPCP": 0.8295793533325195,
  "metrics": {
    "coverage": 0.9619273301737756,
    "set_size_mean": 1.0658767772511848,
    "set_size_median": 1.0,
    "empty_rate": 0.0011058451816745656,
    "singleton_rate": 0.9339652448657187,
    "base_top1_acc": 0.9402843601895735,
    "top1_acc_non_empty": 0.9410090147082081,
    "hir": 0.0
  },
  "num_test_defined": 6330,
  "num_test_used": 6330,
  "class_labels": [
    "fam:Android",
    "fam:Linux",
    "fam:Windows",
    "fam:iOS",
    "fam:macOS"
  ]
}