{
  "level": "family",
  "alpha": 0.35,
  "m_k": 6329,
  "j": 4115,
  "quantile_step": 0.0001579778830963665,
  "q_hat": 0.001830458641052246,
  "metrics": {
    "coverage": 0.6372827804107425,
    "set_size_mean": 0.6391785150078989,
    "set_size_median": 1.0,
    "empty_rate": 0.3608214849921011,
    "singleton_rate": 0.6391785150078989,
    "top1_acc_non_empty": 0.9970341077607514,
    "base_top1_acc": 0.9519747235387046,
    "hir": 0.2777251184834123
  },
  "num_test_defined": 6330,
  "num_test_used": 6330,
  "class_labels": [
    "fam:Android",
    "fam:Linux",
    "fam:Windows",
    "fam:iOS",
    "fam:macOS"
  ]
}