{
  "level": "family",
  "alpha_LoUPCP": 0.35,
  "m_cal": 6329,
  "q_hat_leaf_LoUPCP": 0.49723124504089355,
  "metrics": {
    "coverage": 0.7137440758293839,
    "set_size_mean": 0.735387045813586,
    "set_size_median": 1.0,
    "empty_rate": 0.2646129541864139,
    "singleton_rate": 0.735387045813586,
    "base_top1_acc": 0.9458135860979463,
    "top1_acc_non_empty": 0.9705692803437165,
    "hir": 0.0
  },
  "num_test_defined": 6330,
  "num_test_used": 6330,
  "class_labels": [
    "fam:Android",
    "fam:Linux",
    "fam:Windows",
    "fam:iOS",
    "fam:macOS"
  ]
}