{
  "level": "family",
  "alpha": 0.15,
  "m_k": 6329,
  "j": 5381,
  "quantile_step": 0.0001579778830963665,
  "q_hat": 0.08076465129852295,
  "metrics": {
    "coverage": 0.8462875197472354,
    "set_size_mean": 0.8557661927330174,
    "set_size_median": 1.0,
    "empty_rate": 0.14423380726698262,
    "singleton_rate": 0.8557661927330174,
    "top1_acc_non_empty": 0.9889237585379361,
    "base_top1_acc": 0.9524486571879937,
    "hir": 0.27898894154818327
  },
  "num_test_defined": 6330,
  "num_test_used": 6330,
  "class_labels": [
    "fam:Android",
    "fam:Linux",
    "fam:Windows",
    "fam:iOS",
    "fam:macOS"
  ]
}