{
  "level": "family",
  "alpha": 0.01,
  "m_k": 6329,
  "j": 6267,
  "quantile_step": 0.0001579778830963665,
  "q_hat": 0.9548137784004211,
  "metrics": {
    "coverage": 0.9919431279620853,
    "set_size_mean": 1.2334913112164296,
    "set_size_median": 1.0,
    "empty_rate": 0.0,
    "singleton_rate": 0.8178515007898894,
    "top1_acc_non_empty": 0.9571879936808847,
    "base_top1_acc": 0.9571879936808847,
    "hir": 0.49936808846761455
  },
  "num_test_defined": 6330,
  "num_test_used": 6330,
  "class_labels": [
    "fam:Android",
    "fam:Linux",
    "fam:Windows",
    "fam:iOS",
    "fam:macOS"
  ]
}