level,alpha,m_k,j,quantile_step,q_hat,num_test_defined,num_test_used
leaf,0.3,6329,4431,0.0001579778830963665,0.6151032447814941,6330,6330
