{
  "level": "family",
  "alpha": 0.04,
  "m_k": 6329,
  "j": 6077,
  "quantile_step": 0.0001579778830963665,
  "q_hat": 0.6159399747848511,
  "metrics": {
    "coverage": 0.9579778830963666,
    "set_size_mean": 1.0061611374407582,
    "set_size_median": 1.0,
    "empty_rate": 0.000631911532385466,
    "singleton_rate": 0.9925750394944708,
    "top1_acc_non_empty": 0.9547897565602277,
    "base_top1_acc": 0.9545023696682464,
    "hir": 0.33222748815165876
  },
  "num_test_defined": 6330,
  "num_test_used": 6330,
  "class_labels": [
    "fam:Android",
    "fam:Linux",
    "fam:Windows",
    "fam:iOS",
    "fam:macOS"
  ]
}