{
  "level": "family",
  "alpha": 0.3,
  "m_k": 6329,
  "j": 4431,
  "quantile_step": 0.0001579778830963665,
  "q_hat": 0.0035355091094970703,
  "metrics": {
    "coverage": 0.6872037914691943,
    "set_size_mean": 0.6895734597156398,
    "set_size_median": 1.0,
    "empty_rate": 0.3104265402843602,
    "singleton_rate": 0.6895734597156398,
    "top1_acc_non_empty": 0.9965635738831615,
    "base_top1_acc": 0.952132701421801,
    "hir": 0.3706161137440758
  },
  "num_test_defined": 6330,
  "num_test_used": 6330,
  "class_labels": [
    "fam:Android",
    "fam:Linux",
    "fam:Windows",
    "fam:iOS",
    "fam:macOS"
  ]
}