{
  "level": "family",
  "alpha": 0.25,
  "m_k": 6329,
  "j": 4748,
  "quantile_step": 0.0001579778830963665,
  "q_hat": 0.009838342666625977,
  "metrics": {
    "coverage": 0.75260663507109,
    "set_size_mean": 0.7562401263823065,
    "set_size_median": 1.0,
    "empty_rate": 0.24375987361769352,
    "singleton_rate": 0.7562401263823065,
    "top1_acc_non_empty": 0.9951953206601212,
    "base_top1_acc": 0.9552922590837283,
    "hir": 0.3717219589257504
  },
  "num_test_defined": 6330,
  "num_test_used": 6330,
  "class_labels": [
    "fam:Android",
    "fam:Linux",
    "fam:Windows",
    "fam:iOS",
    "fam:macOS"
  ]
}