{
  "level": "family",
  "alpha_LoUPCP": 0.0,
  "m_cal": 6329,
  "q_hat_leaf_LoUPCP": 0.9999946355819702,
  "metrics": {
    "coverage": 1.0,
    "set_size_mean": 4.73175355450237,
    "set_size_median": 5.0,
    "empty_rate": 0.0,
    "singleton_rate": 0.0036334913112164298,
    "base_top1_acc": 0.9464454976303317,
    "top1_acc_non_empty": 0.9464454976303317,
    "hir": 0.0
  },
  "num_test_defined": 6330,
  "num_test_used": 6330,
  "class_labels": [
    "fam:Android",
    "fam:Linux",
    "fam:Windows",
    "fam:iOS",
    "fam:macOS"
  ]
}