{
  "level": "family",
  "alpha": 0.45,
  "m_k": 6329,
  "j": 3482,
  "quantile_step": 0.0001579778830963665,
  "q_hat": 0.0004885196685791016,
  "metrics": {
    "coverage": 0.5522906793048973,
    "set_size_mean": 0.5526066350710901,
    "set_size_median": 1.0,
    "empty_rate": 0.44739336492890996,
    "singleton_rate": 0.5526066350710901,
    "top1_acc_non_empty": 0.9994282447112636,
    "base_top1_acc": 0.956872037914692,
    "hir": 0.23048973143759874
  },
  "num_test_defined": 6330,
  "num_test_used": 6330,
  "class_labels": [
    "fam:Android",
    "fam:Linux",
    "fam:Windows",
    "fam:iOS",
    "fam:macOS"
  ]
}