{
  "level": "family",
  "alpha": 0.1,
  "m_k": 6329,
  "j": 5697,
  "quantile_step": 0.0001579778830963665,
  "q_hat": 0.13186407089233398,
  "metrics": {
    "coverage": 0.9066350710900474,
    "set_size_mean": 0.919431279620853,
    "set_size_median": 1.0,
    "empty_rate": 0.08056872037914692,
    "singleton_rate": 0.919431279620853,
    "top1_acc_non_empty": 0.9860824742268042,
    "base_top1_acc": 0.958609794628752,
    "hir": 0.230173775671406
  },
  "num_test_defined": 6330,
  "num_test_used": 6330,
  "class_labels": [
    "fam:Android",
    "fam:Linux",
    "fam:Windows",
    "fam:iOS",
    "fam:macOS"
  ]
}