{
  "level": "family",
  "alpha": 0.05,
  "m_k": 6329,
  "j": 6014,
  "quantile_step": 0.0001579778830963665,
  "q_hat": 0.37735241651535034,
  "metrics": {
    "coverage": 0.9475513428120064,
    "set_size_mean": 0.9808846761453397,
    "set_size_median": 1.0,
    "empty_rate": 0.019115323854660346,
    "singleton_rate": 0.9808846761453397,
    "top1_acc_non_empty": 0.9660170719922693,
    "base_top1_acc": 0.9552922590837283,
    "hir": 0.3053712480252765
  },
  "num_test_defined": 6330,
  "num_test_used": 6330,
  "class_labels": [
    "fam:Android",
    "fam:Linux",
    "fam:Windows",
    "fam:iOS",
    "fam:macOS"
  ]
}