{
  "level": "family",
  "alpha": 0.15,
  "m_k": 6329,
  "j": 5381,
  "quantile_step": 0.0001579778830963665,
  "q_hat": 0.08280175924301147,
  "metrics": {
    "coverage": 0.852132701421801,
    "set_size_mean": 0.861611374407583,
    "set_size_median": 1.0,
    "empty_rate": 0.13838862559241707,
    "singleton_rate": 0.861611374407583,
    "top1_acc_non_empty": 0.988998899889989,
    "base_top1_acc": 0.9535545023696682,
    "hir": 0.27440758293838863
  },
  "num_test_defined": 6330,
  "num_test_used": 6330,
  "class_labels": [
    "fam:Android",
    "fam:Linux",
    "fam:Windows",
    "fam:iOS",
    "fam:macOS"
  ]
}