{
  "level": "family",
  "alpha_B": 0.45,
  "m_cal": 6329,
  "q_hat_leaf_B": 0.16238832473754883,
  "metrics": {
    "coverage": 0.5570300157977883,
    "set_size_mean": 0.5622432859399684,
    "set_size_median": 1.0,
    "empty_rate": 0.4377567140600316,
    "singleton_rate": 0.5622432859399684,
    "base_top1_acc": 0.9429699842022117,
    "top1_acc_non_empty": 0.9907277325091318,
    "hir": 0.0
  },
  "num_test_defined": 6330,
  "num_test_used": 6330,
  "class_labels": [
    "fam:Android",
    "fam:Linux",
    "fam:Windows",
    "fam:iOS",
    "fam:macOS"
  ]
}