{
  "level": "family",
  "alpha": 0.25,
  "m_k": 6329,
  "j": 4748,
  "quantile_step": 0.0001579778830963665,
  "q_hat": 0.009141504764556885,
  "metrics": {
    "coverage": 0.74739336492891,
    "set_size_mean": 0.7497630331753554,
    "set_size_median": 1.0,
    "empty_rate": 0.2502369668246445,
    "singleton_rate": 0.7497630331753554,
    "top1_acc_non_empty": 0.9968394437420987,
    "base_top1_acc": 0.9546603475513428,
    "hir": 0.37330173775671405
  },
  "num_test_defined": 6330,
  "num_test_used": 6330,
  "class_labels": [
    "fam:Android",
    "fam:Linux",
    "fam:Windows",
    "fam:iOS",
    "fam:macOS"
  ]
}