{
  "level": "family",
  "alpha": 0.03,
  "m_k": 6329,
  "j": 6141,
  "quantile_step": 0.0001579778830963665,
  "q_hat": 0.8033849000930786,
  "metrics": {
    "coverage": 0.9740916271721959,
    "set_size_mean": 1.041390205371248,
    "set_size_median": 1.0,
    "empty_rate": 0.0,
    "singleton_rate": 0.9608214849921011,
    "top1_acc_non_empty": 0.957345971563981,
    "base_top1_acc": 0.957345971563981,
    "hir": 0.35308056872037913
  },
  "num_test_defined": 6330,
  "num_test_used": 6330,
  "class_labels": [
    "fam:Android",
    "fam:Linux",
    "fam:Windows",
    "fam:iOS",
    "fam:macOS"
  ]
}