{
  "level": "family",
  "alpha": 0.45,
  "m_k": 6329,
  "j": 3482,
  "quantile_step": 0.0001579778830963665,
  "q_hat": 0.00046515464782714844,
  "metrics": {
    "coverage": 0.5469194312796208,
    "set_size_mean": 0.5472353870458135,
    "set_size_median": 1.0,
    "empty_rate": 0.4527646129541864,
    "singleton_rate": 0.5472353870458135,
    "top1_acc_non_empty": 0.9994226327944573,
    "base_top1_acc": 0.9554502369668246,
    "hir": 0.22985781990521326
  },
  "num_test_defined": 6330,
  "num_test_used": 6330,
  "class_labels": [
    "fam:Android",
    "fam:Linux",
    "fam:Windows",
    "fam:iOS",
    "fam:macOS"
  ]
}