{
  "level": "family",
  "alpha_LoUPCP": 0.15,
  "m_cal": 6329,
  "q_hat_leaf_LoUPCP": 0.7796874046325684,
  "metrics": {
    "coverage": 0.9499210110584518,
    "set_size_mean": 1.031121642969984,
    "set_size_median": 1.0,
    "empty_rate": 0.012164296998420221,
    "singleton_rate": 0.9445497630331754,
    "base_top1_acc": 0.9432859399684044,
    "top1_acc_non_empty": 0.9467455621301775,
    "hir": 0.0
  },
  "num_test_defined": 6330,
  "num_test_used": 6330,
  "class_labels": [
    "fam:Android",
    "fam:Linux",
    "fam:Windows",
    "fam:iOS",
    "fam:macOS"
  ]
}