{
  "level": "family",
  "alpha": 0.35,
  "m_k": 6329,
  "j": 4115,
  "quantile_step": 0.0001579778830963665,
  "q_hat": 0.002063751220703125,
  "metrics": {
    "coverage": 0.6516587677725119,
    "set_size_mean": 0.6519747235387046,
    "set_size_median": 1.0,
    "empty_rate": 0.34802527646129544,
    "singleton_rate": 0.6519747235387046,
    "top1_acc_non_empty": 0.9995153864792827,
    "base_top1_acc": 0.9567140600315955,
    "hir": 0.2848341232227488
  },
  "num_test_defined": 6330,
  "num_test_used": 6330,
  "class_labels": [
    "fam:Android",
    "fam:Linux",
    "fam:Windows",
    "fam:iOS",
    "fam:macOS"
  ]
}