{
  "level": "family",
  "alpha": 0.35,
  "m_k": 6329,
  "j": 4115,
  "quantile_step": 0.0001579778830963665,
  "q_hat": 0.0020624399185180664,
  "metrics": {
    "coverage": 0.6513428120063192,
    "set_size_mean": 0.6522906793048974,
    "set_size_median": 1.0,
    "empty_rate": 0.3477093206951027,
    "singleton_rate": 0.6522906793048974,
    "top1_acc_non_empty": 0.9985468636473722,
    "base_top1_acc": 0.9560821484992101,
    "hir": 0.27756714060031595
  },
  "num_test_defined": 6330,
  "num_test_used": 6330,
  "class_labels": [
    "fam:Android",
    "fam:Linux",
    "fam:Windows",
    "fam:iOS",
    "fam:macOS"
  ]
}