{
  "level": "family",
  "alpha": 0.3,
  "m_k": 6329,
  "j": 4431,
  "quantile_step": 0.0001579778830963665,
  "q_hat": 0.0037113428115844727,
  "metrics": {
    "coverage": 0.6966824644549763,
    "set_size_mean": 0.6985781990521327,
    "set_size_median": 1.0,
    "empty_rate": 0.3014218009478673,
    "singleton_rate": 0.6985781990521327,
    "top1_acc_non_empty": 0.9972862957937585,
    "base_top1_acc": 0.9557661927330173,
    "hir": 0.3764612954186414
  },
  "num_test_defined": 6330,
  "num_test_used": 6330,
  "class_labels": [
    "fam:Android",
    "fam:Linux",
    "fam:Windows",
    "fam:iOS",
    "fam:macOS"
  ]
}