{
  "level": "family",
  "alpha_LoUPCP": 0.35,
  "m_cal": 6329,
  "q_hat_leaf_LoUPCP": 0.4899277091026306,
  "metrics": {
    "coverage": 0.7093206951026856,
    "set_size_mean": 0.7306477093206951,
    "set_size_median": 1.0,
    "empty_rate": 0.2693522906793049,
    "singleton_rate": 0.7306477093206951,
    "base_top1_acc": 0.9402843601895735,
    "top1_acc_non_empty": 0.9708108108108108,
    "hir": 0.0
  },
  "num_test_defined": 6330,
  "num_test_used": 6330,
  "class_labels": [
    "fam:Android",
    "fam:Linux",
    "fam:Windows",
    "fam:iOS",
    "fam:macOS"
  ]
}