{
  "level": "family",
  "alpha_B": 0.5,
  "m_cal": 6329,
  "q_hat_leaf_B": 0.07003116607666016,
  "metrics": {
    "coverage": 0.5104265402843602,
    "set_size_mean": 0.512480252764613,
    "set_size_median": 1.0,
    "empty_rate": 0.48751974723538705,
    "singleton_rate": 0.512480252764613,
    "base_top1_acc": 0.944391785150079,
    "top1_acc_non_empty": 0.9959926017262639,
    "hir": 0.0
  },
  "num_test_defined": 6330,
  "num_test_used": 6330,
  "class_labels": [
    "fam:Android",
    "fam:Linux",
    "fam:Windows",
    "fam:iOS",
    "fam:macOS"
  ]
}