{
  "level": "family",
  "alpha": 0.1,
  "m_k": 6329,
  "j": 5697,
  "quantile_step": 0.0001579778830963665,
  "q_hat": 0.1318642497062683,
  "metrics": {
    "coverage": 0.9069510268562401,
    "set_size_mean": 0.9221169036334913,
    "set_size_median": 1.0,
    "empty_rate": 0.07788309636650868,
    "singleton_rate": 0.9221169036334913,
    "top1_acc_non_empty": 0.9835531951344869,
    "base_top1_acc": 0.956872037914692,
    "hir": 0.22890995260663508
  },
  "num_test_defined": 6330,
  "num_test_used": 6330,
  "class_labels": [
    "fam:Android",
    "fam:Linux",
    "fam:Windows",
    "fam:iOS",
    "fam:macOS"
  ]
}