{
  "level": "family",
  "alpha": 0.35,
  "m_k": 6329,
  "j": 4115,
  "quantile_step": 0.0001579778830963665,
  "q_hat": 0.0019347071647644043,
  "metrics": {
    "coverage": 0.6436018957345971,
    "set_size_mean": 0.6454976303317536,
    "set_size_median": 1.0,
    "empty_rate": 0.35450236966824644,
    "singleton_rate": 0.6454976303317536,
    "top1_acc_non_empty": 0.9970631424375918,
    "base_top1_acc": 0.9546603475513428,
    "hir": 0.2925750394944708
  },
  "num_test_defined": 6330,
  "num_test_used": 6330,
  "class_labels": [
    "fam:Android",
    "fam:Linux",
    "fam:Windows",
    "fam:iOS",
    "fam:macOS"
  ]
}