{
  "level": "family",
  "alpha": 0.25,
  "m_k": 6329,
  "j": 4748,
  "quantile_step": 0.0001579778830963665,
  "q_hat": 0.009923279285430908,
  "metrics": {
    "coverage": 0.7532385466034756,
    "set_size_mean": 0.7570300157977883,
    "set_size_median": 1.0,
    "empty_rate": 0.2429699842022117,
    "singleton_rate": 0.7570300157977883,
    "top1_acc_non_empty": 0.994991652754591,
    "base_top1_acc": 0.9554502369668246,
    "hir": 0.36998420221169037
  },
  "num_test_defined": 6330,
  "num_test_used": 6330,
  "class_labels": [
    "fam:Android",
    "fam:Linux",
    "fam:Windows",
    "fam:iOS",
    "fam:macOS"
  ]
}