{
  "level": "family",
  "alpha": 0.3,
  "m_k": 6329,
  "j": 4431,
  "quantile_step": 0.0001579778830963665,
  "q_hat": 0.003872692584991455,
  "metrics": {
    "coverage": 0.7,
    "set_size_mean": 0.7023696682464455,
    "set_size_median": 1.0,
    "empty_rate": 0.2976303317535545,
    "singleton_rate": 0.7023696682464455,
    "top1_acc_non_empty": 0.9966261808367072,
    "base_top1_acc": 0.9524486571879937,
    "hir": 0.3701421800947867
  },
  "num_test_defined": 6330,
  "num_test_used": 6330,
  "class_labels": [
    "fam:Android",
    "fam:Linux",
    "fam:Windows",
    "fam:iOS",
    "fam:macOS"
  ]
}