{
  "level": "family",
  "alpha": 0.4,
  "m_k": 6329,
  "j": 3798,
  "quantile_step": 0.0001579778830963665,
  "q_hat": 0.0009314417839050293,
  "metrics": {
    "coverage": 0.596998420221169,
    "set_size_mean": 0.5977883096366509,
    "set_size_median": 1.0,
    "empty_rate": 0.40221169036334914,
    "singleton_rate": 0.5977883096366509,
    "top1_acc_non_empty": 0.9986786469344608,
    "base_top1_acc": 0.9546603475513428,
    "hir": 0.2406003159557662
  },
  "num_test_defined": 6330,
  "num_test_used": 6330,
  "class_labels": [
    "fam:Android",
    "fam:Linux",
    "fam:Windows",
    "fam:iOS",
    "fam:macOS"
  ]
}