{
  "level": "family",
  "alpha": 0.2,
  "m_k": 6329,
  "j": 5064,
  "quantile_step": 0.0001579778830963665,
  "q_hat": 0.035236477851867676,
  "metrics": {
    "coverage": 0.8061611374407583,
    "set_size_mean": 0.8113744075829384,
    "set_size_median": 1.0,
    "empty_rate": 0.18862559241706162,
    "singleton_rate": 0.8113744075829384,
    "top1_acc_non_empty": 0.9935747663551402,
    "base_top1_acc": 0.957345971563981,
    "hir": 0.3268562401263823
  },
  "num_test_defined": 6330,
  "num_test_used": 6330,
  "class_labels": [
    "fam:Android",
    "fam:Linux",
    "fam:Windows",
    "fam:iOS",
    "fam:macOS"
  ]
}