{
  "level": "family",
  "alpha_LoUPCP": 0.3,
  "m_cal": 6329,
  "q_hat_leaf_LoUPCP": 0.6133052706718445,
  "metrics": {
    "coverage": 0.7875197472353871,
    "set_size_mean": 0.8306477093206951,
    "set_size_median": 1.0,
    "empty_rate": 0.18072669826224327,
    "singleton_rate": 0.8078988941548183,
    "base_top1_acc": 0.9442338072669826,
    "top1_acc_non_empty": 0.956421133821828,
    "hir": 0.0
  },
  "num_test_defined": 6330,
  "num_test_used": 6330,
  "class_labels": [
    "fam:Android",
    "fam:Linux",
    "fam:Windows",
    "fam:iOS",
    "fam:macOS"
  ]
}