coverage,set_size_mean,set_size_median,empty_rate,singleton_rate,top1_acc_non_empty,base_top1_acc,hir,level,alpha,run
0.7736176935229061,1.9900473933649292,2.0,0.0,0.36082148499210104,0.739336492890995,0.825750394944707,,major,0.2,1
0.7714060031595571,2.003633491311216,2.0,0.0,0.372985781990521,0.7334913112164291,0.816903633491311,,major,0.2,2
0.7755134281200631,2.014218009478673,2.0,0.0,0.358925750394944,0.7391785150078981,0.8232227488151651,,major,0.2,3
0.775987361769352,2.021169036334913,2.0,0.0,0.35434439178515004,0.7390205371248021,0.8254344391785151,,major,0.2,4
0.7756714060031591,2.010110584518167,2.0,0.0,0.35387045813586104,0.739652448657188,0.8208530805687201,,major,0.2,5
