coverage,set_size_mean,set_size_median,empty_rate,singleton_rate,top1_acc_non_empty,base_top1_acc,hir,level,alpha,run
0.703949447077409,4.079146919431279,4.0,0.0,0.20521327014218002,0.645813586097946,0.72780410742496,,leaf,0.2,1
0.7020537124802521,4.091943127962085,4.0,0.0,0.21090047393364902,0.6388625592417061,0.7184834123222741,,leaf,0.2,2
0.705055292259083,4.13349131121643,4.0,0.0,0.20300157977883002,0.644549763033175,0.7251184834123221,,leaf,0.2,3
0.7064770932069511,4.139494470774092,4.0,0.0,0.201579778830963,0.645655608214849,0.7279620853080561,,leaf,0.2,4
0.7075829383886251,4.118957345971564,4.0,0.0,0.20063191153238502,0.645971563981042,0.7236966824644551,,leaf,0.2,5
