coverage,set_size_mean,set_size_median,empty_rate,singleton_rate,top1_acc_non_empty,base_top1_acc,hir,level,alpha,run
0.827962085308056,1.5823064770932072,2.0,0.0,0.41848341232227404,0.8156398104265401,0.944391785150079,0.0,family,0.2,1
