coverage,set_size_mean,set_size_median,empty_rate,singleton_rate,top1_acc_non_empty,base_top1_acc,hir,level,alpha,run
0.827962085308056,1.5823064770932072,2.0,0.0,0.41848341232227404,0.8156398104265401,0.944391785150079,0.0,family,0.2,1
0.8243285939968401,1.5744075829383881,2.0,0.0,0.42669826224328505,0.814849921011058,0.9428120063191151,0.0,family,0.2,2
0.8325434439178511,1.5856240126382302,2.0,0.0,0.41627172195892503,0.8208530805687201,0.944391785150079,0.0,family,0.2,3
0.8303317535545021,1.5884676145339651,2.0,0.0,0.41421800947867304,0.8186413902053711,0.9440758293838861,0.0,family,0.2,4
0.833491311216429,1.593680884676145,2.0,0.0,0.40868878357030003,0.8219589257503951,0.9406003159557661,0.0,family,0.2,5
