{
  "level": "family",
  "alpha_B": 0.15,
  "m_cal": 6329,
  "q_hat_leaf_B": 0.7828998565673828,
  "metrics": {
    "coverage": 0.9527646129541865,
    "set_size_mean": 1.034439178515008,
    "set_size_median": 1.0,
    "empty_rate": 0.009636650868878356,
    "singleton_rate": 0.9462875197472354,
    "base_top1_acc": 0.942654028436019,
    "top1_acc_non_empty": 0.9465624501515393,
    "hir": 0.0
  },
  "num_test_defined": 6330,
  "num_test_used": 6330,
  "class_labels": [
    "fam:Android",
    "fam:Linux",
    "fam:Windows",
    "fam:iOS",
    "fam:macOS"
  ]
}