{
  "level": "family",
  "alpha_LoUPCP": 0.5,
  "m_cal": 6329,
  "q_hat_leaf_LoUPCP": 0.05914980173110962,
  "metrics": {
    "coverage": 0.48973143759873616,
    "set_size_mean": 0.49273301737756714,
    "set_size_median": 0.0,
    "empty_rate": 0.5072669826224329,
    "singleton_rate": 0.49273301737756714,
    "base_top1_acc": 0.9440758293838862,
    "top1_acc_non_empty": 0.9939083039435717,
    "hir": 0.0
  },
  "num_test_defined": 6330,
  "num_test_used": 6330,
  "class_labels": [
    "fam:Android",
    "fam:Linux",
    "fam:Windows",
    "fam:iOS",
    "fam:macOS"
  ]
}