{
  "level": "family",
  "alpha": 0.01,
  "m_k": 6329,
  "j": 6267,
  "quantile_step": 0.0001579778830963665,
  "q_hat": 0.9509957432746887,
  "metrics": {
    "coverage": 0.9894154818325435,
    "set_size_mean": 1.223696682464455,
    "set_size_median": 1.0,
    "empty_rate": 0.0,
    "singleton_rate": 0.8184834123222748,
    "top1_acc_non_empty": 0.9552922590837283,
    "base_top1_acc": 0.9552922590837283,
    "hir": 0.5295418641390205
  },
  "num_test_defined": 6330,
  "num_test_used": 6330,
  "class_labels": [
    "fam:Android",
    "fam:Linux",
    "fam:Windows",
    "fam:iOS",
    "fam:macOS"
  ]
}