{
  "level": "family",
  "alpha": 0.5,
  "m_k": 6329,
  "j": 3165,
  "quantile_step": 0.0001579778830963665,
  "q_hat": 0.00026911497116088867,
  "metrics": {
    "coverage": 0.5017377567140601,
    "set_size_mean": 0.5022116903633491,
    "set_size_median": 1.0,
    "empty_rate": 0.4977883096366509,
    "singleton_rate": 0.5022116903633491,
    "top1_acc_non_empty": 0.9990563070147845,
    "base_top1_acc": 0.9576619273301737,
    "hir": 0.27045813586097944
  },
  "num_test_defined": 6330,
  "num_test_used": 6330,
  "class_labels": [
    "fam:Android",
    "fam:Linux",
    "fam:Windows",
    "fam:iOS",
    "fam:macOS"
  ]
}