{
  "level": "family",
  "alpha_LoUPCP": 0.2,
  "m_cal": 6329,
  "q_hat_leaf_LoUPCP": 0.769537091255188,
  "metrics": {
    "coverage": 0.9462875197472354,
    "set_size_mean": 1.0186413902053713,
    "set_size_median": 1.0,
    "empty_rate": 0.020537124802527645,
    "singleton_rate": 0.9402843601895735,
    "base_top1_acc": 0.9481832543443918,
    "top1_acc_non_empty": 0.952741935483871,
    "hir": 0.0
  },
  "num_test_defined": 6330,
  "num_test_used": 6330,
  "class_labels": [
    "fam:Android",
    "fam:Linux",
    "fam:Windows",
    "fam:iOS",
    "fam:macOS"
  ]
}