{
  "level": "family",
  "alpha_B": 0.3,
  "m_cal": 6329,
  "q_hat_leaf_B": 0.6118848323822021,
  "metrics": {
    "coverage": 0.7846761453396525,
    "set_size_mean": 0.8278041074249605,
    "set_size_median": 1.0,
    "empty_rate": 0.18278041074249604,
    "singleton_rate": 0.8066350710900474,
    "base_top1_acc": 0.9442338072669826,
    "top1_acc_non_empty": 0.955538372317804,
    "hir": 0.0
  },
  "num_test_defined": 6330,
  "num_test_used": 6330,
  "class_labels": [
    "fam:Android",
    "fam:Linux",
    "fam:Windows",
    "fam:iOS",
    "fam:macOS"
  ]
}