{
  "level": "family",
  "alpha": 0.25,
  "m_k": 6329,
  "j": 4748,
  "quantile_step": 0.0001579778830963665,
  "q_hat": 0.008984506130218506,
  "metrics": {
    "coverage": 0.7458135860979462,
    "set_size_mean": 0.74913112164297,
    "set_size_median": 1.0,
    "empty_rate": 0.25086887835703003,
    "singleton_rate": 0.74913112164297,
    "top1_acc_non_empty": 0.9955714888232813,
    "base_top1_acc": 0.9540284360189574,
    "hir": 0.36998420221169037
  },
  "num_test_defined": 6330,
  "num_test_used": 6330,
  "class_labels": [
    "fam:Android",
    "fam:Linux",
    "fam:Windows",
    "fam:iOS",
    "fam:macOS"
  ]
}