{
  "level": "family",
  "alpha_LoUPCP": 0.2,
  "m_cal": 6329,
  "q_hat_leaf_LoUPCP": 0.7570700645446777,
  "metrics": {
    "coverage": 0.9295418641390205,
    "set_size_mean": 1.00695102685624,
    "set_size_median": 1.0,
    "empty_rate": 0.0325434439178515,
    "singleton_rate": 0.9279620853080569,
    "base_top1_acc": 0.943127962085308,
    "top1_acc_non_empty": 0.9464402351404311,
    "hir": 0.0
  },
  "num_test_defined": 6330,
  "num_test_used": 6330,
  "class_labels": [
    "fam:Android",
    "fam:Linux",
    "fam:Windows",
    "fam:iOS",
    "fam:macOS"
  ]
}