{
  "level": "family",
  "alpha_B": 0.45,
  "m_cal": 6329,
  "q_hat_leaf_B": 0.1560230255126953,
  "metrics": {
    "coverage": 0.5537124802527646,
    "set_size_mean": 0.5578199052132702,
    "set_size_median": 1.0,
    "empty_rate": 0.44218009478672987,
    "singleton_rate": 0.5578199052132702,
    "base_top1_acc": 0.944391785150079,
    "top1_acc_non_empty": 0.9926366468422543,
    "hir": 0.0
  },
  "num_test_defined": 6330,
  "num_test_used": 6330,
  "class_labels": [
    "fam:Android",
    "fam:Linux",
    "fam:Windows",
    "fam:iOS",
    "fam:macOS"
  ]
}