{
  "level": "family",
  "alpha": 0.25,
  "m_k": 6329,
  "j": 4748,
  "quantile_step": 0.0001579778830963665,
  "q_hat": 0.009521245956420898,
  "metrics": {
    "coverage": 0.7500789889415482,
    "set_size_mean": 0.75260663507109,
    "set_size_median": 1.0,
    "empty_rate": 0.24739336492890995,
    "singleton_rate": 0.75260663507109,
    "top1_acc_non_empty": 0.9966414777497901,
    "base_top1_acc": 0.953870458135861,
    "hir": 0.37030015797788307
  },
  "num_test_defined": 6330,
  "num_test_used": 6330,
  "class_labels": [
    "fam:Android",
    "fam:Linux",
    "fam:Windows",
    "fam:iOS",
    "fam:macOS"
  ]
}