{
  "level": "family",
  "alpha_B": 0.2,
  "m_cal": 6329,
  "q_hat_leaf_B": 0.7570700645446777,
  "metrics": {
    "coverage": 0.9249605055292259,
    "set_size_mean": 1.0063191153238547,
    "set_size_median": 1.0,
    "empty_rate": 0.03364928909952607,
    "singleton_rate": 0.9263823064770932,
    "base_top1_acc": 0.9398104265402843,
    "top1_acc_non_empty": 0.9435998038254046,
    "hir": 0.0
  },
  "num_test_defined": 6330,
  "num_test_used": 6330,
  "class_labels": [
    "fam:Android",
    "fam:Linux",
    "fam:Windows",
    "fam:iOS",
    "fam:macOS"
  ]
}