{
  "level": "family",
  "alpha": 0.075,
  "m_k": 6329,
  "j": 5856,
  "quantile_step": 0.0001579778830963665,
  "q_hat": 0.1987726092338562,
  "metrics": {
    "coverage": 0.928436018957346,
    "set_size_mean": 0.9503949447077409,
    "set_size_median": 1.0,
    "empty_rate": 0.04960505529225909,
    "singleton_rate": 0.9503949447077409,
    "top1_acc_non_empty": 0.9768949468085106,
    "base_top1_acc": 0.956872037914692,
    "hir": 0.23712480252764612
  },
  "num_test_defined": 6330,
  "num_test_used": 6330,
  "class_labels": [
    "fam:Android",
    "fam:Linux",
    "fam:Windows",
    "fam:iOS",
    "fam:macOS"
  ]
}