{
  "level": "family",
  "alpha_B": 0.05,
  "m_cal": 6329,
  "q_hat_leaf_B": 0.9364799857139587,
  "metrics": {
    "coverage": 0.9780410742496051,
    "set_size_mean": 1.1592417061611375,
    "set_size_median": 1.0,
    "empty_rate": 0.0,
    "singleton_rate": 0.8674565560821484,
    "base_top1_acc": 0.9448657187993681,
    "top1_acc_non_empty": 0.9448657187993681,
    "hir": 0.0
  },
  "num_test_defined": 6330,
  "num_test_used": 6330,
  "class_labels": [
    "fam:Android",
    "fam:Linux",
    "fam:Windows",
    "fam:iOS",
    "fam:macOS"
  ]
}