{
  "level": "family",
  "alpha": 0.05,
  "m_k": 6329,
  "j": 6014,
  "quantile_step": 0.0001579778830963665,
  "q_hat": 0.40240979194641113,
  "metrics": {
    "coverage": 0.9513428120063191,
    "set_size_mean": 0.985781990521327,
    "set_size_median": 1.0,
    "empty_rate": 0.014218009478672985,
    "singleton_rate": 0.985781990521327,
    "top1_acc_non_empty": 0.9650641025641026,
    "base_top1_acc": 0.9571879936808847,
    "hir": 0.330173775671406
  },
  "num_test_defined": 6330,
  "num_test_used": 6330,
  "class_labels": [
    "fam:Android",
    "fam:Linux",
    "fam:Windows",
    "fam:iOS",
    "fam:macOS"
  ]
}