{
  "level": "family",
  "alpha_LoUPCP": 0.1,
  "m_cal": 6329,
  "q_hat_leaf_LoUPCP": 0.8274694681167603,
  "metrics": {
    "coverage": 0.9592417061611375,
    "set_size_mean": 1.06129541864139,
    "set_size_median": 1.0,
    "empty_rate": 0.0018957345971563982,
    "singleton_rate": 0.9363349131121643,
    "base_top1_acc": 0.9383886255924171,
    "top1_acc_non_empty": 0.939696106362773,
    "hir": 0.0
  },
  "num_test_defined": 6330,
  "num_test_used": 6330,
  "class_labels": [
    "fam:Android",
    "fam:Linux",
    "fam:Windows",
    "fam:iOS",
    "fam:macOS"
  ]
}