{
  "level": "family",
  "alpha": 0.3,
  "m_k": 6329,
  "j": 4431,
  "quantile_step": 0.0001579778830963665,
  "q_hat": 0.003912806510925293,
  "metrics": {
    "coverage": 0.701263823064771,
    "set_size_mean": 0.7033175355450237,
    "set_size_median": 1.0,
    "empty_rate": 0.2966824644549763,
    "singleton_rate": 0.7033175355450237,
    "top1_acc_non_empty": 0.9970799640610961,
    "base_top1_acc": 0.9532385466034755,
    "hir": 0.369826224328594
  },
  "num_test_defined": 6330,
  "num_test_used": 6330,
  "class_labels": [
    "fam:Android",
    "fam:Linux",
    "fam:Windows",
    "fam:iOS",
    "fam:macOS"
  ]
}