{
  "level": "family",
  "alpha": 0.45,
  "m_k": 6329,
  "j": 3482,
  "quantile_step": 0.0001579778830963665,
  "q_hat": 0.00047326087951660156,
  "metrics": {
    "coverage": 0.5494470774091628,
    "set_size_mean": 0.5497630331753555,
    "set_size_median": 1.0,
    "empty_rate": 0.45023696682464454,
    "singleton_rate": 0.5497630331753555,
    "top1_acc_non_empty": 0.9994252873563219,
    "base_top1_acc": 0.9570300157977883,
    "hir": 0.23838862559241705
  },
  "num_test_defined": 6330,
  "num_test_used": 6330,
  "class_labels": [
    "fam:Android",
    "fam:Linux",
    "fam:Windows",
    "fam:iOS",
    "fam:macOS"
  ]
}