{
  "level": "family",
  "alpha": 0.45,
  "m_k": 6329,
  "j": 3482,
  "quantile_step": 0.0001579778830963665,
  "q_hat": 0.0004820823669433594,
  "metrics": {
    "coverage": 0.5513428120063191,
    "set_size_mean": 0.5515007898894155,
    "set_size_median": 1.0,
    "empty_rate": 0.4484992101105845,
    "singleton_rate": 0.5515007898894155,
    "top1_acc_non_empty": 0.9997135491263248,
    "base_top1_acc": 0.958609794628752,
    "hir": 0.2315955766192733
  },
  "num_test_defined": 6330,
  "num_test_used": 6330,
  "class_labels": [
    "fam:Android",
    "fam:Linux",
    "fam:Windows",
    "fam:iOS",
    "fam:macOS"
  ]
}