{
  "level": "family",
  "alpha": 0.4,
  "m_k": 6329,
  "j": 3798,
  "quantile_step": 0.0001579778830963665,
  "q_hat": 0.0009430050849914551,
  "metrics": {
    "coverage": 0.59826224328594,
    "set_size_mean": 0.5992101105845181,
    "set_size_median": 1.0,
    "empty_rate": 0.4007898894154818,
    "singleton_rate": 0.5992101105845181,
    "top1_acc_non_empty": 0.9984181386765094,
    "base_top1_acc": 0.9532385466034755,
    "hir": 0.24407582938388625
  },
  "num_test_defined": 6330,
  "num_test_used": 6330,
  "class_labels": [
    "fam:Android",
    "fam:Linux",
    "fam:Windows",
    "fam:iOS",
    "fam:macOS"
  ]
}