{
  "level": "family",
  "alpha_B": 0.35,
  "m_cal": 6329,
  "q_hat_leaf_B": 0.49934905767440796,
  "metrics": {
    "coverage": 0.7162717219589257,
    "set_size_mean": 0.7375987361769353,
    "set_size_median": 1.0,
    "empty_rate": 0.2624012638230648,
    "singleton_rate": 0.7375987361769353,
    "base_top1_acc": 0.944391785150079,
    "top1_acc_non_empty": 0.9710858856286143,
    "hir": 0.0
  },
  "num_test_defined": 6330,
  "num_test_used": 6330,
  "class_labels": [
    "fam:Android",
    "fam:Linux",
    "fam:Windows",
    "fam:iOS",
    "fam:macOS"
  ]
}