{
  "level": "family",
  "alpha": 0.3,
  "m_k": 6329,
  "j": 4431,
  "quantile_step": 0.0001579778830963665,
  "q_hat": 0.0041258931159973145,
  "metrics": {
    "coverage": 0.7060031595576619,
    "set_size_mean": 0.7078988941548183,
    "set_size_median": 1.0,
    "empty_rate": 0.2921011058451817,
    "singleton_rate": 0.7078988941548183,
    "top1_acc_non_empty": 0.9973220263334077,
    "base_top1_acc": 0.9543443917851501,
    "hir": 0.3652448657187994
  },
  "num_test_defined": 6330,
  "num_test_used": 6330,
  "class_labels": [
    "fam:Android",
    "fam:Linux",
    "fam:Windows",
    "fam:iOS",
    "fam:macOS"
  ]
}