{
  "level": "family",
  "alpha_B": 0.15,
  "m_cal": 6329,
  "q_hat_leaf_B": 0.7785716652870178,
  "metrics": {
    "coverage": 0.9483412322274881,
    "set_size_mean": 1.031121642969984,
    "set_size_median": 1.0,
    "empty_rate": 0.01311216429699842,
    "singleton_rate": 0.942654028436019,
    "base_top1_acc": 0.9432859399684044,
    "top1_acc_non_empty": 0.9466944133183929,
    "hir": 0.0
  },
  "num_test_defined": 6330,
  "num_test_used": 6330,
  "class_labels": [
    "fam:Android",
    "fam:Linux",
    "fam:Windows",
    "fam:iOS",
    "fam:macOS"
  ]
}