{
  "level": "family",
  "alpha_LoUPCP": 0.3,
  "m_cal": 6329,
  "q_hat_leaf_LoUPCP": 0.6151595711708069,
  "metrics": {
    "coverage": 0.788783570300158,
    "set_size_mean": 0.8352290679304897,
    "set_size_median": 1.0,
    "empty_rate": 0.17661927330173777,
    "singleton_rate": 0.8115323854660348,
    "base_top1_acc": 0.9409162717219589,
    "top1_acc_non_empty": 0.9539524174980814,
    "hir": 0.0
  },
  "num_test_defined": 6330,
  "num_test_used": 6330,
  "class_labels": [
    "fam:Android",
    "fam:Linux",
    "fam:Windows",
    "fam:iOS",
    "fam:macOS"
  ]
}