{
  "level": "family",
  "alpha_B": 0.2,
  "m_cal": 6329,
  "q_hat_leaf_B": 0.7703728675842285,
  "metrics": {
    "coverage": 0.9448657187993681,
    "set_size_mean": 1.0227488151658768,
    "set_size_median": 1.0,
    "empty_rate": 0.01864139020537125,
    "singleton_rate": 0.9399684044233807,
    "base_top1_acc": 0.9434439178515008,
    "top1_acc_non_empty": 0.9473599484867997,
    "hir": 0.0
  },
  "num_test_defined": 6330,
  "num_test_used": 6330,
  "class_labels": [
    "fam:Android",
    "fam:Linux",
    "fam:Windows",
    "fam:iOS",
    "fam:macOS"
  ]
}