{
  "level": "family",
  "alpha_B": 0.04,
  "m_cal": 6329,
  "q_hat_leaf_B": 0.9539302587509155,
  "metrics": {
    "coverage": 0.9862559241706161,
    "set_size_mean": 1.2652448657187993,
    "set_size_median": 1.0,
    "empty_rate": 0.0,
    "singleton_rate": 0.7849921011058452,
    "base_top1_acc": 0.9434439178515008,
    "top1_acc_non_empty": 0.9434439178515008,
    "hir": 0.0
  },
  "num_test_defined": 6330,
  "num_test_used": 6330,
  "class_labels": [
    "fam:Android",
    "fam:Linux",
    "fam:Windows",
    "fam:iOS",
    "fam:macOS"
  ]
}