{
  "level": "family",
  "alpha_LoUPCP": 0.15,
  "m_cal": 6329,
  "q_hat_leaf_LoUPCP": 0.782041072845459,
  "metrics": {
    "coverage": 0.9519747235387046,
    "set_size_mean": 1.034439178515008,
    "set_size_median": 1.0,
    "empty_rate": 0.009478672985781991,
    "singleton_rate": 0.9466034755134282,
    "base_top1_acc": 0.9418641390205371,
    "top1_acc_non_empty": 0.9454545454545454,
    "hir": 0.0
  },
  "num_test_defined": 6330,
  "num_test_used": 6330,
  "class_labels": [
    "fam:Android",
    "fam:Linux",
    "fam:Windows",
    "fam:iOS",
    "fam:macOS"
  ]
}