{
  "level": "family",
  "alpha": 0.075,
  "m_k": 6329,
  "j": 5856,
  "quantile_step": 0.0001579778830963665,
  "q_hat": 0.19921761751174927,
  "metrics": {
    "coverage": 0.9292259083728278,
    "set_size_mean": 0.9519747235387046,
    "set_size_median": 1.0,
    "empty_rate": 0.04802527646129542,
    "singleton_rate": 0.9519747235387046,
    "top1_acc_non_empty": 0.9761035512777962,
    "base_top1_acc": 0.9549763033175356,
    "hir": 0.2244865718799368
  },
  "num_test_defined": 6330,
  "num_test_used": 6330,
  "class_labels": [
    "fam:Android",
    "fam:Linux",
    "fam:Windows",
    "fam:iOS",
    "fam:macOS"
  ]
}