{
  "level": "family",
  "alpha_LoUPCP": 0.1,
  "m_cal": 6329,
  "q_hat_leaf_LoUPCP": 0.8334031701087952,
  "metrics": {
    "coverage": 0.963823064770932,
    "set_size_mean": 1.0654028436018956,
    "set_size_median": 1.0,
    "empty_rate": 0.00047393364928909954,
    "singleton_rate": 0.9350710900473934,
    "base_top1_acc": 0.9429699842022117,
    "top1_acc_non_empty": 0.9434171013118382,
    "hir": 0.0
  },
  "num_test_defined": 6330,
  "num_test_used": 6330,
  "class_labels": [
    "fam:Android",
    "fam:Linux",
    "fam:Windows",
    "fam:iOS",
    "fam:macOS"
  ]
}