{
  "level": "family",
  "alpha_LoUPCP": 0.25,
  "m_cal": 6329,
  "q_hat_leaf_LoUPCP": 0.7001001238822937,
  "metrics": {
    "coverage": 0.8778830963665087,
    "set_size_mean": 0.9458135860979463,
    "set_size_median": 1.0,
    "empty_rate": 0.08546603475513428,
    "singleton_rate": 0.8832543443917852,
    "base_top1_acc": 0.9445497630331754,
    "top1_acc_non_empty": 0.9502504750388668,
    "hir": 0.0
  },
  "num_test_defined": 6330,
  "num_test_used": 6330,
  "class_labels": [
    "fam:Android",
    "fam:Linux",
    "fam:Windows",
    "fam:iOS",
    "fam:macOS"
  ]
}