{
  "level": "family",
  "alpha": 0.4,
  "m_k": 6329,
  "j": 3798,
  "quantile_step": 0.0001579778830963665,
  "q_hat": 0.0009113550186157227,
  "metrics": {
    "coverage": 0.5943127962085308,
    "set_size_mean": 0.5949447077409162,
    "set_size_median": 1.0,
    "empty_rate": 0.4050552922590837,
    "singleton_rate": 0.5949447077409162,
    "top1_acc_non_empty": 0.9989378651088688,
    "base_top1_acc": 0.956872037914692,
    "hir": 0.24881516587677724
  },
  "num_test_defined": 6330,
  "num_test_used": 6330,
  "class_labels": [
    "fam:Android",
    "fam:Linux",
    "fam:Windows",
    "fam:iOS",
    "fam:macOS"
  ]
}