{
  "level": "family",
  "alpha_LoUPCP": 0.35,
  "m_cal": 6329,
  "q_hat_leaf_LoUPCP": 0.4899662733078003,
  "metrics": {
    "coverage": 0.7096366508688784,
    "set_size_mean": 0.7327014218009479,
    "set_size_median": 1.0,
    "empty_rate": 0.2672985781990521,
    "singleton_rate": 0.7327014218009479,
    "base_top1_acc": 0.940126382306477,
    "top1_acc_non_empty": 0.9685209141871496,
    "hir": 0.0
  },
  "num_test_defined": 6330,
  "num_test_used": 6330,
  "class_labels": [
    "fam:Android",
    "fam:Linux",
    "fam:Windows",
    "fam:iOS",
    "fam:macOS"
  ]
}