{
  "level": "family",
  "alpha": 0.4,
  "m_k": 6329,
  "j": 3798,
  "quantile_step": 0.0001579778830963665,
  "q_hat": 0.0010017752647399902,
  "metrics": {
    "coverage": 0.6060031595576619,
    "set_size_mean": 0.606477093206951,
    "set_size_median": 1.0,
    "empty_rate": 0.39352290679304897,
    "singleton_rate": 0.606477093206951,
    "top1_acc_non_empty": 0.9992185464964835,
    "base_top1_acc": 0.9575039494470774,
    "hir": 0.2462875197472354
  },
  "num_test_defined": 6330,
  "num_test_used": 6330,
  "class_labels": [
    "fam:Android",
    "fam:Linux",
    "fam:Windows",
    "fam:iOS",
    "fam:macOS"
  ]
}