{
  "level": "family",
  "alpha_LoUPCP": 0.5,
  "m_cal": 6329,
  "q_hat_leaf_LoUPCP": 0.06715601682662964,
  "metrics": {
    "coverage": 0.5001579778830963,
    "set_size_mean": 0.5033175355450237,
    "set_size_median": 1.0,
    "empty_rate": 0.4966824644549763,
    "singleton_rate": 0.5033175355450237,
    "base_top1_acc": 0.9440758293838862,
    "top1_acc_non_empty": 0.9937225360954175,
    "hir": 0.0
  },
  "num_test_defined": 6330,
  "num_test_used": 6330,
  "class_labels": [
    "fam:Android",
    "fam:Linux",
    "fam:Windows",
    "fam:iOS",
    "fam:macOS"
  ]
}