{
  "level": "family",
  "alpha": 0.02,
  "m_k": 6329,
  "j": 6204,
  "quantile_step": 0.0001579778830963665,
  "q_hat": 0.9121297001838684,
  "metrics": {
    "coverage": 0.9802527646129542,
    "set_size_mean": 1.1063191153238547,
    "set_size_median": 1.0,
    "empty_rate": 0.0,
    "singleton_rate": 0.9041074249605056,
    "top1_acc_non_empty": 0.9567140600315955,
    "base_top1_acc": 0.9567140600315955,
    "hir": 0.40489731437598736
  },
  "num_test_defined": 6330,
  "num_test_used": 6330,
  "class_labels": [
    "fam:Android",
    "fam:Linux",
    "fam:Windows",
    "fam:iOS",
    "fam:macOS"
  ]
}