{
  "level": "family",
  "alpha": 0.4,
  "m_k": 6329,
  "j": 3798,
  "quantile_step": 0.0001579778830963665,
  "q_hat": 0.0009961724281311035,
  "metrics": {
    "coverage": 0.604739336492891,
    "set_size_mean": 0.6055292259083729,
    "set_size_median": 1.0,
    "empty_rate": 0.3944707740916272,
    "singleton_rate": 0.6055292259083729,
    "top1_acc_non_empty": 0.9986955387424994,
    "base_top1_acc": 0.9557661927330173,
    "hir": 0.2368088467614534
  },
  "num_test_defined": 6330,
  "num_test_used": 6330,
  "class_labels": [
    "fam:Android",
    "fam:Linux",
    "fam:Windows",
    "fam:iOS",
    "fam:macOS"
  ]
}