{
  "level": "family",
  "alpha": 0.3,
  "m_k": 6329,
  "j": 4431,
  "quantile_step": 0.0001579778830963665,
  "q_hat": 0.0041258931159973145,
  "metrics": {
    "coverage": 0.7064770932069511,
    "set_size_mean": 0.7083728278041074,
    "set_size_median": 1.0,
    "empty_rate": 0.29162717219589257,
    "singleton_rate": 0.7083728278041074,
    "top1_acc_non_empty": 0.9973238180196253,
    "base_top1_acc": 0.956872037914692,
    "hir": 0.3627172195892575
  },
  "num_test_defined": 6330,
  "num_test_used": 6330,
  "class_labels": [
    "fam:Android",
    "fam:Linux",
    "fam:Windows",
    "fam:iOS",
    "fam:macOS"
  ]
}