level,alpha,m_k,j,quantile_step,q_hat,num_test_defined,num_test_used
leaf,0.075,6329,5856,0.0001579778830963665,0.9001953601837158,6330,6330
