{
  "level": "family",
  "alpha_B": 0.1,
  "m_cal": 6329,
  "q_hat_leaf_B": 0.832537055015564,
  "metrics": {
    "coverage": 0.9630331753554502,
    "set_size_mean": 1.064612954186414,
    "set_size_median": 1.0,
    "empty_rate": 0.00047393364928909954,
    "singleton_rate": 0.9364928909952607,
    "base_top1_acc": 0.943127962085308,
    "top1_acc_non_empty": 0.9435751541014699,
    "hir": 0.0
  },
  "num_test_defined": 6330,
  "num_test_used": 6330,
  "class_labels": [
    "fam:Android",
    "fam:Linux",
    "fam:Windows",
    "fam:iOS",
    "fam:macOS"
  ]
}