{
  "level": "family",
  "alpha_LoUPCP": 0.075,
  "m_cal": 6329,
  "q_hat_leaf_LoUPCP": 0.8950867652893066,
  "metrics": {
    "coverage": 0.9688783570300158,
    "set_size_mean": 1.1018957345971565,
    "set_size_median": 1.0,
    "empty_rate": 0.0,
    "singleton_rate": 0.9058451816745655,
    "base_top1_acc": 0.943127962085308,
    "top1_acc_non_empty": 0.943127962085308,
    "hir": 0.0
  },
  "num_test_defined": 6330,
  "num_test_used": 6330,
  "class_labels": [
    "fam:Android",
    "fam:Linux",
    "fam:Windows",
    "fam:iOS",
    "fam:macOS"
  ]
}