{
  "level": "family",
  "alpha_B": 0.2,
  "m_cal": 6329,
  "q_hat_leaf_B": 0.7664806246757507,
  "metrics": {
    "coverage": 0.9399684044233807,
    "set_size_mean": 1.018957345971564,
    "set_size_median": 1.0,
    "empty_rate": 0.022116903633491312,
    "singleton_rate": 0.9368088467614534,
    "base_top1_acc": 0.942654028436019,
    "top1_acc_non_empty": 0.9462035541195477,
    "hir": 0.0
  },
  "num_test_defined": 6330,
  "num_test_used": 6330,
  "class_labels": [
    "fam:Android",
    "fam:Linux",
    "fam:Windows",
    "fam:iOS",
    "fam:macOS"
  ]
}