{
  "level": "family",
  "alpha": 0.05,
  "m_k": 6329,
  "j": 6014,
  "quantile_step": 0.0001579778830963665,
  "q_hat": 0.37704575061798096,
  "metrics": {
    "coverage": 0.9473933649289099,
    "set_size_mean": 0.9835703001579779,
    "set_size_median": 1.0,
    "empty_rate": 0.016429699842022118,
    "singleton_rate": 0.9835703001579779,
    "top1_acc_non_empty": 0.963218760038548,
    "base_top1_acc": 0.9535545023696682,
    "hir": 0.29067930489731436
  },
  "num_test_defined": 6330,
  "num_test_used": 6330,
  "class_labels": [
    "fam:Android",
    "fam:Linux",
    "fam:Windows",
    "fam:iOS",
    "fam:macOS"
  ]
}