{
  "level": "family",
  "alpha": 0.04,
  "m_k": 6329,
  "j": 6077,
  "quantile_step": 0.0001579778830963665,
  "q_hat": 0.6046388149261475,
  "metrics": {
    "coverage": 0.9571879936808847,
    "set_size_mean": 1.0066350710900474,
    "set_size_median": 1.0,
    "empty_rate": 0.001263823064770932,
    "singleton_rate": 0.9908372827804107,
    "top1_acc_non_empty": 0.9538120847832964,
    "base_top1_acc": 0.9529225908372828,
    "hir": 0.3406003159557662
  },
  "num_test_defined": 6330,
  "num_test_used": 6330,
  "class_labels": [
    "fam:Android",
    "fam:Linux",
    "fam:Windows",
    "fam:iOS",
    "fam:macOS"
  ]
}