{
  "level": "family",
  "alpha_B": 0.04,
  "m_cal": 6329,
  "q_hat_leaf_B": 0.9587125778198242,
  "metrics": {
    "coverage": 0.9881516587677726,
    "set_size_mean": 1.281832543443918,
    "set_size_median": 1.0,
    "empty_rate": 0.0,
    "singleton_rate": 0.7737756714060031,
    "base_top1_acc": 0.9428120063191153,
    "top1_acc_non_empty": 0.9428120063191153,
    "hir": 0.0
  },
  "num_test_defined": 6330,
  "num_test_used": 6330,
  "class_labels": [
    "fam:Android",
    "fam:Linux",
    "fam:Windows",
    "fam:iOS",
    "fam:macOS"
  ]
}