{
  "level": "family",
  "alpha": 0.075,
  "m_k": 6329,
  "j": 5856,
  "quantile_step": 0.0001579778830963665,
  "q_hat": 0.18419671058654785,
  "metrics": {
    "coverage": 0.9213270142180094,
    "set_size_mean": 0.9394944707740917,
    "set_size_median": 1.0,
    "empty_rate": 0.06050552922590837,
    "singleton_rate": 0.9394944707740917,
    "top1_acc_non_empty": 0.9806625189171011,
    "base_top1_acc": 0.9557661927330173,
    "hir": 0.2401263823064771
  },
  "num_test_defined": 6330,
  "num_test_used": 6330,
  "class_labels": [
    "fam:Android",
    "fam:Linux",
    "fam:Windows",
    "fam:iOS",
    "fam:macOS"
  ]
}