{
  "level": "family",
  "alpha": 0.3,
  "m_k": 6329,
  "j": 4431,
  "quantile_step": 0.0001579778830963665,
  "q_hat": 0.00367051362991333,
  "metrics": {
    "coverage": 0.6944707740916272,
    "set_size_mean": 0.6971563981042654,
    "set_size_median": 1.0,
    "empty_rate": 0.3028436018957346,
    "singleton_rate": 0.6971563981042654,
    "top1_acc_non_empty": 0.9961477452979832,
    "base_top1_acc": 0.9554502369668246,
    "hir": 0.3802527646129542
  },
  "num_test_defined": 6330,
  "num_test_used": 6330,
  "class_labels": [
    "fam:Android",
    "fam:Linux",
    "fam:Windows",
    "fam:iOS",
    "fam:macOS"
  ]
}