{
  "level": "family",
  "alpha": 0.0,
  "m_k": 6329,
  "j": 6329,
  "quantile_step": 0.0001579778830963665,
  "q_hat": 0.999997615814209,
  "metrics": {
    "coverage": 0.9996840442338073,
    "set_size_mean": 3.586255924170616,
    "set_size_median": 4.0,
    "empty_rate": 0.0,
    "singleton_rate": 0.08246445497630332,
    "top1_acc_non_empty": 0.956872037914692,
    "base_top1_acc": 0.956872037914692,
    "hir": 0.8829383886255924
  },
  "num_test_defined": 6330,
  "num_test_used": 6330,
  "class_labels": [
    "fam:Android",
    "fam:Linux",
    "fam:Windows",
    "fam:iOS",
    "fam:macOS"
  ]
}