{
  "level": "family",
  "alpha": 0.15,
  "m_k": 6329,
  "j": 5381,
  "quantile_step": 0.0001579778830963665,
  "q_hat": 0.08076465129852295,
  "metrics": {
    "coverage": 0.8462875197472354,
    "set_size_mean": 0.8559241706161137,
    "set_size_median": 1.0,
    "empty_rate": 0.14407582938388624,
    "singleton_rate": 0.8559241706161137,
    "top1_acc_non_empty": 0.9887412329272794,
    "base_top1_acc": 0.9543443917851501,
    "hir": 0.28230647709320694
  },
  "num_test_defined": 6330,
  "num_test_used": 6330,
  "class_labels": [
    "fam:Android",
    "fam:Linux",
    "fam:Windows",
    "fam:iOS",
    "fam:macOS"
  ]
}