{
  "level": "family",
  "alpha_B": 0.1,
  "m_cal": 6329,
  "q_hat_leaf_B": 0.8343954086303711,
  "metrics": {
    "coverage": 0.965086887835703,
    "set_size_mean": 1.063349131121643,
    "set_size_median": 1.0,
    "empty_rate": 0.0009478672985781991,
    "singleton_rate": 0.9369668246445497,
    "base_top1_acc": 0.9451816745655608,
    "top1_acc_non_empty": 0.9457621758380772,
    "hir": 0.0
  },
  "num_test_defined": 6330,
  "num_test_used": 6330,
  "class_labels": [
    "fam:Android",
    "fam:Linux",
    "fam:Windows",
    "fam:iOS",
    "fam:macOS"
  ]
}