{
  "level": "family",
  "alpha_B": 0.4,
  "m_cal": 6329,
  "q_hat_leaf_B": 0.32884150743484497,
  "metrics": {
    "coverage": 0.633175355450237,
    "set_size_mean": 0.6436018957345971,
    "set_size_median": 1.0,
    "empty_rate": 0.35639810426540286,
    "singleton_rate": 0.6436018957345971,
    "base_top1_acc": 0.9429699842022117,
    "top1_acc_non_empty": 0.9837997054491899,
    "hir": 0.0
  },
  "num_test_defined": 6330,
  "num_test_used": 6330,
  "class_labels": [
    "fam:Android",
    "fam:Linux",
    "fam:Windows",
    "fam:iOS",
    "fam:macOS"
  ]
}