{
  "level": "family",
  "alpha": 0.03,
  "m_k": 6329,
  "j": 6141,
  "quantile_step": 0.0001579778830963665,
  "q_hat": 0.7749642133712769,
  "metrics": {
    "coverage": 0.9666666666666667,
    "set_size_mean": 1.030173775671406,
    "set_size_median": 1.0,
    "empty_rate": 0.0,
    "singleton_rate": 0.9707740916271722,
    "top1_acc_non_empty": 0.9549763033175356,
    "base_top1_acc": 0.9549763033175356,
    "hir": 0.34360189573459715
  },
  "num_test_defined": 6330,
  "num_test_used": 6330,
  "class_labels": [
    "fam:Android",
    "fam:Linux",
    "fam:Windows",
    "fam:iOS",
    "fam:macOS"
  ]
}