{
  "level": "family",
  "alpha_LoUPCP": 0.1,
  "m_cal": 6329,
  "q_hat_leaf_LoUPCP": 0.8262916803359985,
  "metrics": {
    "coverage": 0.9614533965244866,
    "set_size_mean": 1.0587677725118483,
    "set_size_median": 1.0,
    "empty_rate": 0.0014218009478672985,
    "singleton_rate": 0.9391785150078988,
    "base_top1_acc": 0.9421800947867298,
    "top1_acc_non_empty": 0.9432051890523652,
    "hir": 0.0
  },
  "num_test_defined": 6330,
  "num_test_used": 6330,
  "class_labels": [
    "fam:Android",
    "fam:Linux",
    "fam:Windows",
    "fam:iOS",
    "fam:macOS"
  ]
}