{
  "level": "family",
  "alpha": 0.04,
  "m_k": 6329,
  "j": 6077,
  "quantile_step": 0.0001579778830963665,
  "q_hat": 0.6669509410858154,
  "metrics": {
    "coverage": 0.9644549763033176,
    "set_size_mean": 1.0139020537124803,
    "set_size_median": 1.0,
    "empty_rate": 0.0,
    "singleton_rate": 0.9860979462875198,
    "top1_acc_non_empty": 0.9575039494470774,
    "base_top1_acc": 0.9575039494470774,
    "hir": 0.3341232227488152
  },
  "num_test_defined": 6330,
  "num_test_used": 6330,
  "class_labels": [
    "fam:Android",
    "fam:Linux",
    "fam:Windows",
    "fam:iOS",
    "fam:macOS"
  ]
}