{
  "level": "family",
  "alpha": 0.4,
  "m_k": 6329,
  "j": 3798,
  "quantile_step": 0.0001579778830963665,
  "q_hat": 0.0008955597877502441,
  "metrics": {
    "coverage": 0.5933649289099526,
    "set_size_mean": 0.5933649289099526,
    "set_size_median": 1.0,
    "empty_rate": 0.4066350710900474,
    "singleton_rate": 0.5933649289099526,
    "top1_acc_non_empty": 1.0,
    "base_top1_acc": 0.9537124802527646,
    "hir": 0.2368088467614534
  },
  "num_test_defined": 6330,
  "num_test_used": 6330,
  "class_labels": [
    "fam:Android",
    "fam:Linux",
    "fam:Windows",
    "fam:iOS",
    "fam:macOS"
  ]
}