{
  "level": "family",
  "alpha_B": 0.075,
  "m_cal": 6329,
  "q_hat_leaf_B": 0.909164309501648,
  "metrics": {
    "coverage": 0.9729857819905213,
    "set_size_mean": 1.127646129541864,
    "set_size_median": 1.0,
    "empty_rate": 0.0,
    "singleton_rate": 0.8838862559241706,
    "base_top1_acc": 0.9428120063191153,
    "top1_acc_non_empty": 0.9428120063191153,
    "hir": 0.0
  },
  "num_test_defined": 6330,
  "num_test_used": 6330,
  "class_labels": [
    "fam:Android",
    "fam:Linux",
    "fam:Windows",
    "fam:iOS",
    "fam:macOS"
  ]
}