{
  "level": "family",
  "alpha_LoUPCP": 0.5,
  "m_cal": 6329,
  "q_hat_leaf_LoUPCP": 0.06547290086746216,
  "metrics": {
    "coverage": 0.49889415481832544,
    "set_size_mean": 0.5006319115323855,
    "set_size_median": 1.0,
    "empty_rate": 0.49936808846761455,
    "singleton_rate": 0.5006319115323855,
    "base_top1_acc": 0.9417061611374408,
    "top1_acc_non_empty": 0.9965288734616599,
    "hir": 0.0
  },
  "num_test_defined": 6330,
  "num_test_used": 6330,
  "class_labels": [
    "fam:Android",
    "fam:Linux",
    "fam:Windows",
    "fam:iOS",
    "fam:macOS"
  ]
}