level,alpha,m_k,j,quantile_step,q_hat,num_test_defined,num_test_used
leaf,0.25,6329,4748,0.0001579778830963665,0.7001205086708069,6330,6330
