{
  "level": "family",
  "alpha": 0.25,
  "m_k": 6329,
  "j": 4748,
  "quantile_step": 0.0001579778830963665,
  "q_hat": 0.009295761585235596,
  "metrics": {
    "coverage": 0.74913112164297,
    "set_size_mean": 0.752132701421801,
    "set_size_median": 1.0,
    "empty_rate": 0.24786729857819906,
    "singleton_rate": 0.752132701421801,
    "top1_acc_non_empty": 0.9960092417559336,
    "base_top1_acc": 0.957345971563981,
    "hir": 0.37251184834123224
  },
  "num_test_defined": 6330,
  "num_test_used": 6330,
  "class_labels": [
    "fam:Android",
    "fam:Linux",
    "fam:Windows",
    "fam:iOS",
    "fam:macOS"
  ]
}