{
  "level": "family",
  "alpha": 0.075,
  "m_k": 6329,
  "j": 5856,
  "quantile_step": 0.0001579778830963665,
  "q_hat": 0.17539846897125244,
  "metrics": {
    "coverage": 0.9178515007898894,
    "set_size_mean": 0.9364928909952607,
    "set_size_median": 1.0,
    "empty_rate": 0.06350710900473934,
    "singleton_rate": 0.9364928909952607,
    "top1_acc_non_empty": 0.9800944669365722,
    "base_top1_acc": 0.9537124802527646,
    "hir": 0.24423380726698263
  },
  "num_test_defined": 6330,
  "num_test_used": 6330,
  "class_labels": [
    "fam:Android",
    "fam:Linux",
    "fam:Windows",
    "fam:iOS",
    "fam:macOS"
  ]
}