{
  "level": "family",
  "alpha_B": 0.25,
  "m_cal": 6329,
  "q_hat_leaf_B": 0.7099629640579224,
  "metrics": {
    "coverage": 0.8879936808846761,
    "set_size_mean": 0.9576619273301737,
    "set_size_median": 1.0,
    "empty_rate": 0.07424960505529225,
    "singleton_rate": 0.8938388625592417,
    "base_top1_acc": 0.944391785150079,
    "top1_acc_non_empty": 0.9488054607508533,
    "hir": 0.0
  },
  "num_test_defined": 6330,
  "num_test_used": 6330,
  "class_labels": [
    "fam:Android",
    "fam:Linux",
    "fam:Windows",
    "fam:iOS",
    "fam:macOS"
  ]
}