{
  "level": "family",
  "alpha_LoUPCP": 0.1,
  "m_cal": 6329,
  "q_hat_leaf_LoUPCP": 0.8266464471817017,
  "metrics": {
    "coverage": 0.960347551342812,
    "set_size_mean": 1.0608214849921012,
    "set_size_median": 1.0,
    "empty_rate": 0.001263823064770932,
    "singleton_rate": 0.9379146919431279,
    "base_top1_acc": 0.9407582938388626,
    "top1_acc_non_empty": 0.9416323948117684,
    "hir": 0.0
  },
  "num_test_defined": 6330,
  "num_test_used": 6330,
  "class_labels": [
    "fam:Android",
    "fam:Linux",
    "fam:Windows",
    "fam:iOS",
    "fam:macOS"
  ]
}