{
  "level": "family",
  "alpha_LoUPCP": 0.2,
  "m_cal": 6329,
  "q_hat_leaf_LoUPCP": 0.7647510766983032,
  "metrics": {
    "coverage": 0.9377567140600316,
    "set_size_mean": 1.0162717219589257,
    "set_size_median": 1.0,
    "empty_rate": 0.024328593996840443,
    "singleton_rate": 0.9350710900473934,
    "base_top1_acc": 0.9436018957345972,
    "top1_acc_non_empty": 0.946729274611399,
    "hir": 0.0
  },
  "num_test_defined": 6330,
  "num_test_used": 6330,
  "class_labels": [
    "fam:Android",
    "fam:Linux",
    "fam:Windows",
    "fam:iOS",
    "fam:macOS"
  ]
}