{
  "level": "family",
  "alpha": 0.2,
  "m_k": 6329,
  "j": 5064,
  "quantile_step": 0.0001579778830963665,
  "q_hat": 0.03105682134628296,
  "metrics": {
    "coverage": 0.7965244865718799,
    "set_size_mean": 0.8009478672985783,
    "set_size_median": 1.0,
    "empty_rate": 0.1990521327014218,
    "singleton_rate": 0.8009478672985783,
    "top1_acc_non_empty": 0.9944773175542406,
    "base_top1_acc": 0.9546603475513428,
    "hir": 0.3429699842022117
  },
  "num_test_defined": 6330,
  "num_test_used": 6330,
  "class_labels": [
    "fam:Android",
    "fam:Linux",
    "fam:Windows",
    "fam:iOS",
    "fam:macOS"
  ]
}