{
  "level": "family",
  "alpha": 0.0,
  "m_k": 6329,
  "j": 6329,
  "quantile_step": 0.0001579778830963665,
  "q_hat": 0.999969482421875,
  "metrics": {
    "coverage": 0.9987361769352291,
    "set_size_mean": 2.385781990521327,
    "set_size_median": 2.0,
    "empty_rate": 0.0,
    "singleton_rate": 0.3499210110584518,
    "top1_acc_non_empty": 0.9519747235387046,
    "base_top1_acc": 0.9519747235387046,
    "hir": 0.9982622432859399
  },
  "num_test_defined": 6330,
  "num_test_used": 6330,
  "class_labels": [
    "fam:Android",
    "fam:Linux",
    "fam:Windows",
    "fam:iOS",
    "fam:macOS"
  ]
}