{
  "level": "family",
  "alpha": 0.35,
  "m_k": 6329,
  "j": 4115,
  "quantile_step": 0.0001579778830963665,
  "q_hat": 0.002142608165740967,
  "metrics": {
    "coverage": 0.6584518167456556,
    "set_size_mean": 0.6600315955766193,
    "set_size_median": 1.0,
    "empty_rate": 0.3399684044233807,
    "singleton_rate": 0.6600315955766193,
    "top1_acc_non_empty": 0.9976065102920058,
    "base_top1_acc": 0.9540284360189574,
    "hir": 0.28088467614533963
  },
  "num_test_defined": 6330,
  "num_test_used": 6330,
  "class_labels": [
    "fam:Android",
    "fam:Linux",
    "fam:Windows",
    "fam:iOS",
    "fam:macOS"
  ]
}