{
  "level": "family",
  "alpha_B": 0.5,
  "m_cal": 6329,
  "q_hat_leaf_B": 0.06930750608444214,
  "metrics": {
    "coverage": 0.5074249605055292,
    "set_size_mean": 0.5099526066350711,
    "set_size_median": 1.0,
    "empty_rate": 0.4900473933649289,
    "singleton_rate": 0.5099526066350711,
    "base_top1_acc": 0.9451816745655608,
    "top1_acc_non_empty": 0.9950433705080545,
    "hir": 0.0
  },
  "num_test_defined": 6330,
  "num_test_used": 6330,
  "class_labels": [
    "fam:Android",
    "fam:Linux",
    "fam:Windows",
    "fam:iOS",
    "fam:macOS"
  ]
}