{
  "level": "family",
  "alpha": 0.1,
  "m_k": 6329,
  "j": 5697,
  "quantile_step": 0.0001579778830963665,
  "q_hat": 0.13139981031417847,
  "metrics": {
    "coverage": 0.9039494470774092,
    "set_size_mean": 0.9187993680884676,
    "set_size_median": 1.0,
    "empty_rate": 0.08120063191153239,
    "singleton_rate": 0.9187993680884676,
    "top1_acc_non_empty": 0.9838376891334251,
    "base_top1_acc": 0.9571879936808847,
    "hir": 0.2382306477093207
  },
  "num_test_defined": 6330,
  "num_test_used": 6330,
  "class_labels": [
    "fam:Android",
    "fam:Linux",
    "fam:Windows",
    "fam:iOS",
    "fam:macOS"
  ]
}