{
  "level": "family",
  "alpha": 0.05,
  "m_k": 6329,
  "j": 6014,
  "quantile_step": 0.0001579778830963665,
  "q_hat": 0.3966556191444397,
  "metrics": {
    "coverage": 0.9502369668246445,
    "set_size_mean": 0.9860979462875198,
    "set_size_median": 1.0,
    "empty_rate": 0.013902053712480253,
    "singleton_rate": 0.9860979462875198,
    "top1_acc_non_empty": 0.9636334508170458,
    "base_top1_acc": 0.9549763033175356,
    "hir": 0.2881516587677725
  },
  "num_test_defined": 6330,
  "num_test_used": 6330,
  "class_labels": [
    "fam:Android",
    "fam:Linux",
    "fam:Windows",
    "fam:iOS",
    "fam:macOS"
  ]
}