{
  "level": "family",
  "alpha_B": 0.15,
  "m_cal": 6329,
  "q_hat_leaf_B": 0.7828998565673828,
  "metrics": {
    "coverage": 0.9535545023696682,
    "set_size_mean": 1.034123222748815,
    "set_size_median": 1.0,
    "empty_rate": 0.010110584518167456,
    "singleton_rate": 0.94565560821485,
    "base_top1_acc": 0.9434439178515008,
    "top1_acc_non_empty": 0.947654005745292,
    "hir": 0.0
  },
  "num_test_defined": 6330,
  "num_test_used": 6330,
  "class_labels": [
    "fam:Android",
    "fam:Linux",
    "fam:Windows",
    "fam:iOS",
    "fam:macOS"
  ]
}