{
  "level": "family",
  "alpha": 0.5,
  "m_k": 6329,
  "j": 3165,
  "quantile_step": 0.0001579778830963665,
  "q_hat": 0.00025206804275512695,
  "metrics": {
    "coverage": 0.4908372827804107,
    "set_size_mean": 0.4913112164296998,
    "set_size_median": 0.0,
    "empty_rate": 0.5086887835703001,
    "singleton_rate": 0.4913112164296998,
    "top1_acc_non_empty": 0.9990353697749196,
    "base_top1_acc": 0.9554502369668246,
    "hir": 0.27883096366508686
  },
  "num_test_defined": 6330,
  "num_test_used": 6330,
  "class_labels": [
    "fam:Android",
    "fam:Linux",
    "fam:Windows",
    "fam:iOS",
    "fam:macOS"
  ]
}