{
  "level": "family",
  "alpha_LoUPCP": 0.2,
  "m_cal": 6329,
  "q_hat_leaf_LoUPCP": 0.7646516561508179,
  "metrics": {
    "coverage": 0.9382306477093207,
    "set_size_mean": 1.0199052132701423,
    "set_size_median": 1.0,
    "empty_rate": 0.023380726698262244,
    "singleton_rate": 0.9333333333333333,
    "base_top1_acc": 0.9402843601895735,
    "top1_acc_non_empty": 0.9446780977030087,
    "hir": 0.0
  },
  "num_test_defined": 6330,
  "num_test_used": 6330,
  "class_labels": [
    "fam:Android",
    "fam:Linux",
    "fam:Windows",
    "fam:iOS",
    "fam:macOS"
  ]
}