{
  "level": "family",
  "alpha": 0.1,
  "m_k": 6329,
  "j": 5697,
  "quantile_step": 0.0001579778830963665,
  "q_hat": 0.14204472303390503,
  "metrics": {
    "coverage": 0.9132701421800948,
    "set_size_mean": 0.9279620853080569,
    "set_size_median": 1.0,
    "empty_rate": 0.07203791469194312,
    "singleton_rate": 0.9279620853080569,
    "top1_acc_non_empty": 0.984167517875383,
    "base_top1_acc": 0.9587677725118483,
    "hir": 0.2311216429699842
  },
  "num_test_defined": 6330,
  "num_test_used": 6330,
  "class_labels": [
    "fam:Android",
    "fam:Linux",
    "fam:Windows",
    "fam:iOS",
    "fam:macOS"
  ]
}