{
  "level": "family",
  "alpha": 0.25,
  "m_k": 6329,
  "j": 4748,
  "quantile_step": 0.0001579778830963665,
  "q_hat": 0.009126424789428711,
  "metrics": {
    "coverage": 0.7469194312796209,
    "set_size_mean": 0.7503949447077409,
    "set_size_median": 1.0,
    "empty_rate": 0.24960505529225907,
    "singleton_rate": 0.7503949447077409,
    "top1_acc_non_empty": 0.9953684210526316,
    "base_top1_acc": 0.9533965244865719,
    "hir": 0.37867298578199055
  },
  "num_test_defined": 6330,
  "num_test_used": 6330,
  "class_labels": [
    "fam:Android",
    "fam:Linux",
    "fam:Windows",
    "fam:iOS",
    "fam:macOS"
  ]
}