{
  "level": "family",
  "alpha_B": 0.4,
  "m_cal": 6329,
  "q_hat_leaf_B": 0.3176382780075073,
  "metrics": {
    "coverage": 0.6248025276461295,
    "set_size_mean": 0.6355450236966824,
    "set_size_median": 1.0,
    "empty_rate": 0.3644549763033175,
    "singleton_rate": 0.6355450236966824,
    "base_top1_acc": 0.9440758293838862,
    "top1_acc_non_empty": 0.9830971911508825,
    "hir": 0.0
  },
  "num_test_defined": 6330,
  "num_test_used": 6330,
  "class_labels": [
    "fam:Android",
    "fam:Linux",
    "fam:Windows",
    "fam:iOS",
    "fam:macOS"
  ]
}