{
  "level": "family",
  "alpha": 0.1,
  "m_k": 6329,
  "j": 5697,
  "quantile_step": 0.0001579778830963665,
  "q_hat": 0.1293744444847107,
  "metrics": {
    "coverage": 0.8996840442338072,
    "set_size_mean": 0.9134281200631912,
    "set_size_median": 1.0,
    "empty_rate": 0.08657187993680884,
    "singleton_rate": 0.9134281200631912,
    "top1_acc_non_empty": 0.9849533033552405,
    "base_top1_acc": 0.9570300157977883,
    "hir": 0.23475513428120062
  },
  "num_test_defined": 6330,
  "num_test_used": 6330,
  "class_labels": [
    "fam:Android",
    "fam:Linux",
    "fam:Windows",
    "fam:iOS",
    "fam:macOS"
  ]
}