{
  "level": "family",
  "alpha": 0.3,
  "m_k": 6329,
  "j": 4431,
  "quantile_step": 0.0001579778830963665,
  "q_hat": 0.0035355091094970703,
  "metrics": {
    "coverage": 0.6876777251184835,
    "set_size_mean": 0.6903633491311216,
    "set_size_median": 1.0,
    "empty_rate": 0.30963665086887837,
    "singleton_rate": 0.6903633491311216,
    "top1_acc_non_empty": 0.9961098398169337,
    "base_top1_acc": 0.9513428120063191,
    "hir": 0.36761453396524485
  },
  "num_test_defined": 6330,
  "num_test_used": 6330,
  "class_labels": [
    "fam:Android",
    "fam:Linux",
    "fam:Windows",
    "fam:iOS",
    "fam:macOS"
  ]
}