{
  "level": "family",
  "alpha_B": 0.04,
  "m_cal": 6329,
  "q_hat_leaf_B": 0.9519526958465576,
  "metrics": {
    "coverage": 0.9872037914691943,
    "set_size_mean": 1.2557661927330175,
    "set_size_median": 1.0,
    "empty_rate": 0.0,
    "singleton_rate": 0.7921011058451817,
    "base_top1_acc": 0.944391785150079,
    "top1_acc_non_empty": 0.944391785150079,
    "hir": 0.0
  },
  "num_test_defined": 6330,
  "num_test_used": 6330,
  "class_labels": [
    "fam:Android",
    "fam:Linux",
    "fam:Windows",
    "fam:iOS",
    "fam:macOS"
  ]
}