{
  "level": "family",
  "alpha_B": 0.35,
  "m_cal": 6329,
  "q_hat_leaf_B": 0.4899442195892334,
  "metrics": {
    "coverage": 0.7127962085308057,
    "set_size_mean": 0.7347551342812007,
    "set_size_median": 1.0,
    "empty_rate": 0.26524486571879935,
    "singleton_rate": 0.7347551342812007,
    "base_top1_acc": 0.9436018957345972,
    "top1_acc_non_empty": 0.9701139539883896,
    "hir": 0.0
  },
  "num_test_defined": 6330,
  "num_test_used": 6330,
  "class_labels": [
    "fam:Android",
    "fam:Linux",
    "fam:Windows",
    "fam:iOS",
    "fam:macOS"
  ]
}