{
  "level": "family",
  "alpha_B": 0.25,
  "m_cal": 6329,
  "q_hat_leaf_B": 0.6979731321334839,
  "metrics": {
    "coverage": 0.8761453396524487,
    "set_size_mean": 0.9424960505529226,
    "set_size_median": 1.0,
    "empty_rate": 0.08641390205371248,
    "singleton_rate": 0.8846761453396524,
    "base_top1_acc": 0.9423380726698263,
    "top1_acc_non_empty": 0.9481238111706727,
    "hir": 0.0
  },
  "num_test_defined": 6330,
  "num_test_used": 6330,
  "class_labels": [
    "fam:Android",
    "fam:Linux",
    "fam:Windows",
    "fam:iOS",
    "fam:macOS"
  ]
}