{
  "level": "family",
  "alpha": 0.3,
  "m_k": 6329,
  "j": 4431,
  "quantile_step": 0.0001579778830963665,
  "q_hat": 0.0038320422172546387,
  "metrics": {
    "coverage": 0.698736176935229,
    "set_size_mean": 0.7011058451816745,
    "set_size_median": 1.0,
    "empty_rate": 0.29889415481832543,
    "singleton_rate": 0.7011058451816745,
    "top1_acc_non_empty": 0.9966200991437585,
    "base_top1_acc": 0.9540284360189574,
    "hir": 0.3652448657187994
  },
  "num_test_defined": 6330,
  "num_test_used": 6330,
  "class_labels": [
    "fam:Android",
    "fam:Linux",
    "fam:Windows",
    "fam:iOS",
    "fam:macOS"
  ]
}