{
  "level": "family",
  "alpha": 0.075,
  "m_k": 6329,
  "j": 5856,
  "quantile_step": 0.0001579778830963665,
  "q_hat": 0.20504844188690186,
  "metrics": {
    "coverage": 0.9296998420221169,
    "set_size_mean": 0.9510268562401264,
    "set_size_median": 1.0,
    "empty_rate": 0.04897314375987362,
    "singleton_rate": 0.9510268562401264,
    "top1_acc_non_empty": 0.9775747508305648,
    "base_top1_acc": 0.9559241706161138,
    "hir": 0.22669826224328593
  },
  "num_test_defined": 6330,
  "num_test_used": 6330,
  "class_labels": [
    "fam:Android",
    "fam:Linux",
    "fam:Windows",
    "fam:iOS",
    "fam:macOS"
  ]
}