{
  "level": "family",
  "alpha": 0.4,
  "m_k": 6329,
  "j": 3798,
  "quantile_step": 0.0001579778830963665,
  "q_hat": 0.0009428858757019043,
  "metrics": {
    "coverage": 0.5981042654028436,
    "set_size_mean": 0.5985781990521327,
    "set_size_median": 1.0,
    "empty_rate": 0.4014218009478673,
    "singleton_rate": 0.5985781990521327,
    "top1_acc_non_empty": 0.9992082343626286,
    "base_top1_acc": 0.9548183254344392,
    "hir": 0.24123222748815165
  },
  "num_test_defined": 6330,
  "num_test_used": 6330,
  "class_labels": [
    "fam:Android",
    "fam:Linux",
    "fam:Windows",
    "fam:iOS",
    "fam:macOS"
  ]
}