{
  "level": "family",
  "alpha_B": 0.35,
  "m_cal": 6329,
  "q_hat_leaf_B": 0.5108514428138733,
  "metrics": {
    "coverage": 0.731911532385466,
    "set_size_mean": 0.7545023696682465,
    "set_size_median": 1.0,
    "empty_rate": 0.24549763033175356,
    "singleton_rate": 0.7545023696682465,
    "base_top1_acc": 0.9462875197472354,
    "top1_acc_non_empty": 0.9700586264656617,
    "hir": 0.0
  },
  "num_test_defined": 6330,
  "num_test_used": 6330,
  "class_labels": [
    "fam:Android",
    "fam:Linux",
    "fam:Windows",
    "fam:iOS",
    "fam:macOS"
  ]
}