{
  "level": "family",
  "alpha_SCP": 0.2,
  "tau": 0.4040404040404041,
  "m": 1000,
  "calibration_info": {
    "tau": 0.4040404040404041,
    "coverage": 0.8001264022752409,
    "target_coverage": 0.8,
    "n_cal": 6329
  },
  "metrics": {
    "coverage": 0.8303317535545024,
    "set_size_mean": 1.5884676145339653,
    "set_size_median": 2.0,
    "empty_rate": 0.0,
    "singleton_rate": 0.414218009478673,
    "base_top1_acc": 0.9440758293838862,
    "top1_acc_non_empty": 0.8186413902053713,
    "hir": 0.0
  },
  "num_test_defined": 6330,
  "num_test_used": 6330,
  "class_labels": [
    "fam:Android",
    "fam:Linux",
    "fam:Windows",
    "fam:iOS",
    "fam:macOS"
  ]
}