{
  "level": "family",
  "alpha_B": 0.35,
  "m_cal": 6329,
  "q_hat_leaf_B": 0.4899442195892334,
  "metrics": {
    "coverage": 0.7093206951026856,
    "set_size_mean": 0.7322274881516587,
    "set_size_median": 1.0,
    "empty_rate": 0.2677725118483412,
    "singleton_rate": 0.7322274881516587,
    "base_top1_acc": 0.9412322274881516,
    "top1_acc_non_empty": 0.9687162891046386,
    "hir": 0.0
  },
  "num_test_defined": 6330,
  "num_test_used": 6330,
  "class_labels": [
    "fam:Android",
    "fam:Linux",
    "fam:Windows",
    "fam:iOS",
    "fam:macOS"
  ]
}