{
  "level": "family",
  "alpha": 0.3,
  "m_k": 6329,
  "j": 4431,
  "quantile_step": 0.0001579778830963665,
  "q_hat": 0.004346251487731934,
  "metrics": {
    "coverage": 0.7137440758293839,
    "set_size_mean": 0.7150078988941548,
    "set_size_median": 1.0,
    "empty_rate": 0.28499210110584516,
    "singleton_rate": 0.7150078988941548,
    "top1_acc_non_empty": 0.9982324348210341,
    "base_top1_acc": 0.958609794628752,
    "hir": 0.3753554502369668
  },
  "num_test_defined": 6330,
  "num_test_used": 6330,
  "class_labels": [
    "fam:Android",
    "fam:Linux",
    "fam:Windows",
    "fam:iOS",
    "fam:macOS"
  ]
}