{
  "level": "family",
  "alpha": 0.4,
  "m_k": 6329,
  "j": 3798,
  "quantile_step": 0.0001579778830963665,
  "q_hat": 0.001140594482421875,
  "metrics": {
    "coverage": 0.6162717219589258,
    "set_size_mean": 0.617219589257504,
    "set_size_median": 1.0,
    "empty_rate": 0.382780410742496,
    "singleton_rate": 0.617219589257504,
    "top1_acc_non_empty": 0.9984642948553878,
    "base_top1_acc": 0.9581358609794629,
    "hir": 0.24470774091627173
  },
  "num_test_defined": 6330,
  "num_test_used": 6330,
  "class_labels": [
    "fam:Android",
    "fam:Linux",
    "fam:Windows",
    "fam:iOS",
    "fam:macOS"
  ]
}