{
  "level": "family",
  "alpha": 0.15,
  "m_k": 6329,
  "j": 5381,
  "quantile_step": 0.0001579778830963665,
  "q_hat": 0.08374375104904175,
  "metrics": {
    "coverage": 0.8608214849921011,
    "set_size_mean": 0.8709320695102686,
    "set_size_median": 1.0,
    "empty_rate": 0.12906793048973145,
    "singleton_rate": 0.8709320695102686,
    "top1_acc_non_empty": 0.9883910756393978,
    "base_top1_acc": 0.9559241706161138,
    "hir": 0.2688783570300158
  },
  "num_test_defined": 6330,
  "num_test_used": 6330,
  "class_labels": [
    "fam:Android",
    "fam:Linux",
    "fam:Windows",
    "fam:iOS",
    "fam:macOS"
  ]
}