{
  "level": "family",
  "alpha": 0.1,
  "m_k": 6329,
  "j": 5697,
  "quantile_step": 0.0001579778830963665,
  "q_hat": 0.1314646601676941,
  "metrics": {
    "coverage": 0.9041074249605056,
    "set_size_mean": 0.9202211690363349,
    "set_size_median": 1.0,
    "empty_rate": 0.07977883096366509,
    "singleton_rate": 0.9202211690363349,
    "top1_acc_non_empty": 0.9824892703862661,
    "base_top1_acc": 0.956872037914692,
    "hir": 0.2315955766192733
  },
  "num_test_defined": 6330,
  "num_test_used": 6330,
  "class_labels": [
    "fam:Android",
    "fam:Linux",
    "fam:Windows",
    "fam:iOS",
    "fam:macOS"
  ]
}