{
  "level": "family",
  "alpha": 0.25,
  "m_k": 6329,
  "j": 4748,
  "quantile_step": 0.0001579778830963665,
  "q_hat": 0.008749127388000488,
  "metrics": {
    "coverage": 0.7442338072669826,
    "set_size_mean": 0.7470774091627173,
    "set_size_median": 1.0,
    "empty_rate": 0.2529225908372828,
    "singleton_rate": 0.7470774091627173,
    "top1_acc_non_empty": 0.9961936984563332,
    "base_top1_acc": 0.9548183254344392,
    "hir": 0.37109004739336493
  },
  "num_test_defined": 6330,
  "num_test_used": 6330,
  "class_labels": [
    "fam:Android",
    "fam:Linux",
    "fam:Windows",
    "fam:iOS",
    "fam:macOS"
  ]
}