{
  "level": "family",
  "alpha_B": 0.1,
  "m_cal": 6329,
  "q_hat_leaf_B": 0.8317283391952515,
  "metrics": {
    "coverage": 0.963349131121643,
    "set_size_mean": 1.0638230647709321,
    "set_size_median": 1.0,
    "empty_rate": 0.0009478672985781991,
    "singleton_rate": 0.9358609794628752,
    "base_top1_acc": 0.9434439178515008,
    "top1_acc_non_empty": 0.9443390259329538,
    "hir": 0.0
  },
  "num_test_defined": 6330,
  "num_test_used": 6330,
  "class_labels": [
    "fam:Android",
    "fam:Linux",
    "fam:Windows",
    "fam:iOS",
    "fam:macOS"
  ]
}