{
  "level": "family",
  "alpha": 0.3,
  "m_k": 6329,
  "j": 4431,
  "quantile_step": 0.0001579778830963665,
  "q_hat": 0.004000663757324219,
  "metrics": {
    "coverage": 0.7034755134281201,
    "set_size_mean": 0.7055292259083729,
    "set_size_median": 1.0,
    "empty_rate": 0.2944707740916272,
    "singleton_rate": 0.7055292259083729,
    "top1_acc_non_empty": 0.997089117778773,
    "base_top1_acc": 0.953870458135861,
    "hir": 0.3740916271721959
  },
  "num_test_defined": 6330,
  "num_test_used": 6330,
  "class_labels": [
    "fam:Android",
    "fam:Linux",
    "fam:Windows",
    "fam:iOS",
    "fam:macOS"
  ]
}