{
  "level": "family",
  "alpha_B": 0.05,
  "m_cal": 6329,
  "q_hat_leaf_B": 0.9425232410430908,
  "metrics": {
    "coverage": 0.9842022116903634,
    "set_size_mean": 1.2243285939968405,
    "set_size_median": 1.0,
    "empty_rate": 0.0,
    "singleton_rate": 0.8086887835703002,
    "base_top1_acc": 0.9462875197472354,
    "top1_acc_non_empty": 0.9462875197472354,
    "hir": 0.0
  },
  "num_test_defined": 6330,
  "num_test_used": 6330,
  "class_labels": [
    "fam:Android",
    "fam:Linux",
    "fam:Windows",
    "fam:iOS",
    "fam:macOS"
  ]
}