{
  "level": "family",
  "alpha": 0.075,
  "m_k": 6329,
  "j": 5856,
  "quantile_step": 0.0001579778830963665,
  "q_hat": 0.18231326341629028,
  "metrics": {
    "coverage": 0.9203791469194312,
    "set_size_mean": 0.9417061611374408,
    "set_size_median": 1.0,
    "empty_rate": 0.05829383886255924,
    "singleton_rate": 0.9417061611374408,
    "top1_acc_non_empty": 0.9773527931555108,
    "base_top1_acc": 0.9535545023696682,
    "hir": 0.24075829383886255
  },
  "num_test_defined": 6330,
  "num_test_used": 6330,
  "class_labels": [
    "fam:Android",
    "fam:Linux",
    "fam:Windows",
    "fam:iOS",
    "fam:macOS"
  ]
}