{
  "level": "family",
  "alpha": 0.05,
  "m_k": 6329,
  "j": 6014,
  "quantile_step": 0.0001579778830963665,
  "q_hat": 0.3785707354545593,
  "metrics": {
    "coverage": 0.9481832543443918,
    "set_size_mean": 0.9838862559241706,
    "set_size_median": 1.0,
    "empty_rate": 0.016113744075829384,
    "singleton_rate": 0.9838862559241706,
    "top1_acc_non_empty": 0.9637122671804753,
    "base_top1_acc": 0.9546603475513428,
    "hir": 0.296998420221169
  },
  "num_test_defined": 6330,
  "num_test_used": 6330,
  "class_labels": [
    "fam:Android",
    "fam:Linux",
    "fam:Windows",
    "fam:iOS",
    "fam:macOS"
  ]
}