{
  "level": "family",
  "alpha_LoUPCP": 0.4,
  "m_cal": 6329,
  "q_hat_leaf_LoUPCP": 0.30644547939300537,
  "metrics": {
    "coverage": 0.617693522906793,
    "set_size_mean": 0.6265402843601896,
    "set_size_median": 1.0,
    "empty_rate": 0.37345971563981045,
    "singleton_rate": 0.6265402843601896,
    "base_top1_acc": 0.9399684044233807,
    "top1_acc_non_empty": 0.9858799798285426,
    "hir": 0.0
  },
  "num_test_defined": 6330,
  "num_test_used": 6330,
  "class_labels": [
    "fam:Android",
    "fam:Linux",
    "fam:Windows",
    "fam:iOS",
    "fam:macOS"
  ]
}