{
  "level": "family",
  "alpha_SCP": 0.25,
  "tau": 0.24242424242424243,
  "m": 1000,
  "calibration_info": {
    "tau": 0.24242424242424243,
    "coverage": 0.7511455206193711,
    "target_coverage": 0.75,
    "n_cal": 6329
  },
  "metrics": {
    "coverage": 0.7854660347551343,
    "set_size_mean": 1.5101105845181675,
    "set_size_median": 2.0,
    "empty_rate": 0.0,
    "singleton_rate": 0.48988941548183257,
    "base_top1_acc": 0.9440758293838862,
    "top1_acc_non_empty": 0.7829383886255924,
    "hir": 0.0
  },
  "num_test_defined": 6330,
  "num_test_used": 6330,
  "class_labels": [
    "fam:Android",
    "fam:Linux",
    "fam:Windows",
    "fam:iOS",
    "fam:macOS"
  ]
}