{
  "level": "family",
  "alpha": 0.03,
  "m_k": 6329,
  "j": 6141,
  "quantile_step": 0.0001579778830963665,
  "q_hat": 0.7767542600631714,
  "metrics": {
    "coverage": 0.9672985781990522,
    "set_size_mean": 1.0328593996840443,
    "set_size_median": 1.0,
    "empty_rate": 0.0,
    "singleton_rate": 0.9680884676145339,
    "top1_acc_non_empty": 0.953870458135861,
    "base_top1_acc": 0.953870458135861,
    "hir": 0.36287519747235386
  },
  "num_test_defined": 6330,
  "num_test_used": 6330,
  "class_labels": [
    "fam:Android",
    "fam:Linux",
    "fam:Windows",
    "fam:iOS",
    "fam:macOS"
  ]
}