{
  "level": "family",
  "alpha_LoUPCP": 0.4,
  "m_cal": 6329,
  "q_hat_leaf_LoUPCP": 0.3211521506309509,
  "metrics": {
    "coverage": 0.6290679304897314,
    "set_size_mean": 0.6388625592417062,
    "set_size_median": 1.0,
    "empty_rate": 0.36113744075829385,
    "singleton_rate": 0.6388625592417062,
    "base_top1_acc": 0.9470774091627172,
    "top1_acc_non_empty": 0.9846686449060337,
    "hir": 0.0
  },
  "num_test_defined": 6330,
  "num_test_used": 6330,
  "class_labels": [
    "fam:Android",
    "fam:Linux",
    "fam:Windows",
    "fam:iOS",
    "fam:macOS"
  ]
}