{
  "level": "family",
  "alpha_LoUPCP": 0.4,
  "m_cal": 6329,
  "q_hat_leaf_LoUPCP": 0.3193432688713074,
  "metrics": {
    "coverage": 0.6263823064770933,
    "set_size_mean": 0.6375987361769352,
    "set_size_median": 1.0,
    "empty_rate": 0.36240126382306476,
    "singleton_rate": 0.6375987361769352,
    "base_top1_acc": 0.9407582938388626,
    "top1_acc_non_empty": 0.9824083250743311,
    "hir": 0.0
  },
  "num_test_defined": 6330,
  "num_test_used": 6330,
  "class_labels": [
    "fam:Android",
    "fam:Linux",
    "fam:Windows",
    "fam:iOS",
    "fam:macOS"
  ]
}