{
  "level": "family",
  "alpha_LoUPCP": 0.25,
  "m_cal": 6329,
  "q_hat_leaf_LoUPCP": 0.6935082077980042,
  "metrics": {
    "coverage": 0.8658767772511848,
    "set_size_mean": 0.9341232227488152,
    "set_size_median": 1.0,
    "empty_rate": 0.09589257503949447,
    "singleton_rate": 0.8740916271721959,
    "base_top1_acc": 0.9402843601895735,
    "top1_acc_non_empty": 0.9468810064651406,
    "hir": 0.0
  },
  "num_test_defined": 6330,
  "num_test_used": 6330,
  "class_labels": [
    "fam:Android",
    "fam:Linux",
    "fam:Windows",
    "fam:iOS",
    "fam:macOS"
  ]
}