{
  "level": "family",
  "alpha": 0.05,
  "m_k": 6329,
  "j": 6014,
  "quantile_step": 0.0001579778830963665,
  "q_hat": 0.4437251091003418,
  "metrics": {
    "coverage": 0.9549763033175356,
    "set_size_mean": 0.9916271721958926,
    "set_size_median": 1.0,
    "empty_rate": 0.008372827804107424,
    "singleton_rate": 0.9916271721958926,
    "top1_acc_non_empty": 0.9630396686315119,
    "base_top1_acc": 0.9570300157977883,
    "hir": 0.33238546603475516
  },
  "num_test_defined": 6330,
  "num_test_used": 6330,
  "class_labels": [
    "fam:Android",
    "fam:Linux",
    "fam:Windows",
    "fam:iOS",
    "fam:macOS"
  ]
}