{
  "level": "family",
  "alpha_B": 0.3,
  "m_cal": 6329,
  "q_hat_leaf_B": 0.616635799407959,
  "metrics": {
    "coverage": 0.7913112164296998,
    "set_size_mean": 0.8357030015797788,
    "set_size_median": 1.0,
    "empty_rate": 0.17819905213270143,
    "singleton_rate": 0.8078988941548183,
    "base_top1_acc": 0.9447077409162717,
    "top1_acc_non_empty": 0.9571318723567859,
    "hir": 0.0
  },
  "num_test_defined": 6330,
  "num_test_used": 6330,
  "class_labels": [
    "fam:Android",
    "fam:Linux",
    "fam:Windows",
    "fam:iOS",
    "fam:macOS"
  ]
}