{
  "level": "family",
  "alpha": 0.4,
  "m_k": 6329,
  "j": 3798,
  "quantile_step": 0.0001579778830963665,
  "q_hat": 0.0009883642196655273,
  "metrics": {
    "coverage": 0.6036334913112165,
    "set_size_mean": 0.6044233807266982,
    "set_size_median": 1.0,
    "empty_rate": 0.39557661927330173,
    "singleton_rate": 0.6044233807266982,
    "top1_acc_non_empty": 0.9986931521170935,
    "base_top1_acc": 0.9549763033175356,
    "hir": 0.24091627172195892
  },
  "num_test_defined": 6330,
  "num_test_used": 6330,
  "class_labels": [
    "fam:Android",
    "fam:Linux",
    "fam:Windows",
    "fam:iOS",
    "fam:macOS"
  ]
}