{
  "level": "family",
  "alpha_SCP": 0.05,
  "tau": 0.8181818181818182,
  "m": 1000,
  "calibration_info": {
    "tau": 0.8181818181818182,
    "coverage": 0.9514931268762837,
    "target_coverage": 0.95,
    "n_cal": 6329
  },
  "metrics": {
    "coverage": 0.9516587677725118,
    "set_size_mean": 1.9881516587677726,
    "set_size_median": 2.0,
    "empty_rate": 0.0,
    "singleton_rate": 0.2173775671406003,
    "base_top1_acc": 0.9406003159557662,
    "top1_acc_non_empty": 0.8955766192733018,
    "hir": 0.0
  },
  "num_test_defined": 6330,
  "num_test_used": 6330,
  "class_labels": [
    "fam:Android",
    "fam:Linux",
    "fam:Windows",
    "fam:iOS",
    "fam:macOS"
  ]
}