{
  "level": "family",
  "alpha_LoUPCP": 0.4,
  "m_cal": 6329,
  "q_hat_leaf_LoUPCP": 0.3179721236228943,
  "metrics": {
    "coverage": 0.6263823064770933,
    "set_size_mean": 0.6357030015797789,
    "set_size_median": 1.0,
    "empty_rate": 0.3642969984202212,
    "singleton_rate": 0.6357030015797789,
    "base_top1_acc": 0.9434439178515008,
    "top1_acc_non_empty": 0.985337972166998,
    "hir": 0.0
  },
  "num_test_defined": 6330,
  "num_test_used": 6330,
  "class_labels": [
    "fam:Android",
    "fam:Linux",
    "fam:Windows",
    "fam:iOS",
    "fam:macOS"
  ]
}