{
  "level": "family",
  "alpha_LoUPCP": 0.1,
  "m_cal": 6329,
  "q_hat_leaf_LoUPCP": 0.8329392671585083,
  "metrics": {
    "coverage": 0.9649289099526066,
    "set_size_mean": 1.0614533965244866,
    "set_size_median": 1.0,
    "empty_rate": 0.0007898894154818325,
    "singleton_rate": 0.9383886255924171,
    "base_top1_acc": 0.9459715639810427,
    "top1_acc_non_empty": 0.9465612648221344,
    "hir": 0.0
  },
  "num_test_defined": 6330,
  "num_test_used": 6330,
  "class_labels": [
    "fam:Android",
    "fam:Linux",
    "fam:Windows",
    "fam:iOS",
    "fam:macOS"
  ]
}