{
  "level": "family",
  "alpha_LoUPCP": 0.1,
  "m_cal": 6329,
  "q_hat_leaf_LoUPCP": 0.8317283391952515,
  "metrics": {
    "coverage": 0.9612954186413902,
    "set_size_mean": 1.0597156398104266,
    "set_size_median": 1.0,
    "empty_rate": 0.001263823064770932,
    "singleton_rate": 0.9391785150078988,
    "base_top1_acc": 0.9428120063191153,
    "top1_acc_non_empty": 0.9440050616893388,
    "hir": 0.0
  },
  "num_test_defined": 6330,
  "num_test_used": 6330,
  "class_labels": [
    "fam:Android",
    "fam:Linux",
    "fam:Windows",
    "fam:iOS",
    "fam:macOS"
  ]
}