{
  "level": "family",
  "alpha": 0.04,
  "m_k": 6329,
  "j": 6077,
  "quantile_step": 0.0001579778830963665,
  "q_hat": 0.6058508157730103,
  "metrics": {
    "coverage": 0.9575039494470774,
    "set_size_mean": 1.00521327014218,
    "set_size_median": 1.0,
    "empty_rate": 0.0011058451816745656,
    "singleton_rate": 0.9925750394944708,
    "top1_acc_non_empty": 0.9554009172860983,
    "base_top1_acc": 0.9545023696682464,
    "hir": 0.34091627172195893
  },
  "num_test_defined": 6330,
  "num_test_used": 6330,
  "class_labels": [
    "fam:Android",
    "fam:Linux",
    "fam:Windows",
    "fam:iOS",
    "fam:macOS"
  ]
}