{
  "level": "family",
  "alpha": 0.15,
  "m_k": 6329,
  "j": 5381,
  "quantile_step": 0.0001579778830963665,
  "q_hat": 0.08076465129852295,
  "metrics": {
    "coverage": 0.8454976303317535,
    "set_size_mean": 0.8537124802527646,
    "set_size_median": 1.0,
    "empty_rate": 0.1462875197472354,
    "singleton_rate": 0.8537124802527646,
    "top1_acc_non_empty": 0.9903774981495189,
    "base_top1_acc": 0.9571879936808847,
    "hir": 0.28183254344391784
  },
  "num_test_defined": 6330,
  "num_test_used": 6330,
  "class_labels": [
    "fam:Android",
    "fam:Linux",
    "fam:Windows",
    "fam:iOS",
    "fam:macOS"
  ]
}