{
  "level": "family",
  "alpha": 0.1,
  "m_k": 6329,
  "j": 5697,
  "quantile_step": 0.0001579778830963665,
  "q_hat": 0.13139116764068604,
  "metrics": {
    "coverage": 0.9031595576619273,
    "set_size_mean": 0.9180094786729858,
    "set_size_median": 1.0,
    "empty_rate": 0.08199052132701422,
    "singleton_rate": 0.9180094786729858,
    "top1_acc_non_empty": 0.9838237824815006,
    "base_top1_acc": 0.9554502369668246,
    "hir": 0.23933649289099526
  },
  "num_test_defined": 6330,
  "num_test_used": 6330,
  "class_labels": [
    "fam:Android",
    "fam:Linux",
    "fam:Windows",
    "fam:iOS",
    "fam:macOS"
  ]
}