{
  "level": "family",
  "alpha": 0.3,
  "m_k": 6329,
  "j": 4431,
  "quantile_step": 0.0001579778830963665,
  "q_hat": 0.0037575960159301758,
  "metrics": {
    "coverage": 0.6976303317535545,
    "set_size_mean": 0.6995260663507109,
    "set_size_median": 1.0,
    "empty_rate": 0.3004739336492891,
    "singleton_rate": 0.6995260663507109,
    "top1_acc_non_empty": 0.997289972899729,
    "base_top1_acc": 0.957345971563981,
    "hir": 0.3731437598736177
  },
  "num_test_defined": 6330,
  "num_test_used": 6330,
  "class_labels": [
    "fam:Android",
    "fam:Linux",
    "fam:Windows",
    "fam:iOS",
    "fam:macOS"
  ]
}