{
  "level": "family",
  "alpha_LoUPCP": 0.3,
  "m_cal": 6329,
  "q_hat_leaf_LoUPCP": 0.6151032447814941,
  "metrics": {
    "coverage": 0.795260663507109,
    "set_size_mean": 0.8368088467614534,
    "set_size_median": 1.0,
    "empty_rate": 0.17440758293838862,
    "singleton_rate": 0.8143759873617693,
    "base_top1_acc": 0.9470774091627172,
    "top1_acc_non_empty": 0.9584768465365481,
    "hir": 0.0
  },
  "num_test_defined": 6330,
  "num_test_used": 6330,
  "class_labels": [
    "fam:Android",
    "fam:Linux",
    "fam:Windows",
    "fam:iOS",
    "fam:macOS"
  ]
}