{
  "level": "family",
  "alpha": 0.35,
  "m_k": 6329,
  "j": 4115,
  "quantile_step": 0.0001579778830963665,
  "q_hat": 0.002018451690673828,
  "metrics": {
    "coverage": 0.6492890995260664,
    "set_size_mean": 0.650394944707741,
    "set_size_median": 1.0,
    "empty_rate": 0.3496050552922591,
    "singleton_rate": 0.650394944707741,
    "top1_acc_non_empty": 0.9982997328151567,
    "base_top1_acc": 0.9535545023696682,
    "hir": 0.2824644549763033
  },
  "num_test_defined": 6330,
  "num_test_used": 6330,
  "class_labels": [
    "fam:Android",
    "fam:Linux",
    "fam:Windows",
    "fam:iOS",
    "fam:macOS"
  ]
}