{
  "level": "family",
  "alpha_LoUPCP": 0.45,
  "m_cal": 6329,
  "q_hat_leaf_LoUPCP": 0.1719440221786499,
  "metrics": {
    "coverage": 0.5619273301737757,
    "set_size_mean": 0.566824644549763,
    "set_size_median": 1.0,
    "empty_rate": 0.43317535545023694,
    "singleton_rate": 0.566824644549763,
    "base_top1_acc": 0.940126382306477,
    "top1_acc_non_empty": 0.9913600891861761,
    "hir": 0.0
  },
  "num_test_defined": 6330,
  "num_test_used": 6330,
  "class_labels": [
    "fam:Android",
    "fam:Linux",
    "fam:Windows",
    "fam:iOS",
    "fam:macOS"
  ]
}