{
  "level": "family",
  "alpha_LoUPCP": 0.3,
  "m_cal": 6329,
  "q_hat_leaf_LoUPCP": 0.6151545643806458,
  "metrics": {
    "coverage": 0.7894154818325434,
    "set_size_mean": 0.8333333333333334,
    "set_size_median": 1.0,
    "empty_rate": 0.18041074249605055,
    "singleton_rate": 0.8058451816745655,
    "base_top1_acc": 0.9440758293838862,
    "top1_acc_non_empty": 0.9579799537393986,
    "hir": 0.0
  },
  "num_test_defined": 6330,
  "num_test_used": 6330,
  "class_labels": [
    "fam:Android",
    "fam:Linux",
    "fam:Windows",
    "fam:iOS",
    "fam:macOS"
  ]
}