{
  "level": "family",
  "alpha": 0.25,
  "m_k": 6329,
  "j": 4748,
  "quantile_step": 0.0001579778830963665,
  "q_hat": 0.009334146976470947,
  "metrics": {
    "coverage": 0.7492890995260664,
    "set_size_mean": 0.7516587677725118,
    "set_size_median": 1.0,
    "empty_rate": 0.24834123222748816,
    "singleton_rate": 0.7516587677725118,
    "top1_acc_non_empty": 0.9968474148802018,
    "base_top1_acc": 0.9571879936808847,
    "hir": 0.37203791469194314
  },
  "num_test_defined": 6330,
  "num_test_used": 6330,
  "class_labels": [
    "fam:Android",
    "fam:Linux",
    "fam:Windows",
    "fam:iOS",
    "fam:macOS"
  ]
}