{
  "level": "family",
  "alpha": 0.15,
  "m_k": 6329,
  "j": 5381,
  "quantile_step": 0.0001579778830963665,
  "q_hat": 0.08076465129852295,
  "metrics": {
    "coverage": 0.8470774091627172,
    "set_size_mean": 0.8571879936808847,
    "set_size_median": 1.0,
    "empty_rate": 0.14281200631911534,
    "singleton_rate": 0.8571879936808847,
    "top1_acc_non_empty": 0.9882049391817177,
    "base_top1_acc": 0.9541864139020537,
    "hir": 0.27677725118483415
  },
  "num_test_defined": 6330,
  "num_test_used": 6330,
  "class_labels": [
    "fam:Android",
    "fam:Linux",
    "fam:Windows",
    "fam:iOS",
    "fam:macOS"
  ]
}