{
  "level": "family",
  "alpha_LoUPCP": 0.1,
  "m_cal": 6329,
  "q_hat_leaf_LoUPCP": 0.8314675688743591,
  "metrics": {
    "coverage": 0.9636650868878357,
    "set_size_mean": 1.064612954186414,
    "set_size_median": 1.0,
    "empty_rate": 0.0009478672985781991,
    "singleton_rate": 0.9353870458135861,
    "base_top1_acc": 0.9429699842022117,
    "top1_acc_non_empty": 0.9437065148640101,
    "hir": 0.0
  },
  "num_test_defined": 6330,
  "num_test_used": 6330,
  "class_labels": [
    "fam:Android",
    "fam:Linux",
    "fam:Windows",
    "fam:iOS",
    "fam:macOS"
  ]
}