{
  "level": "family",
  "alpha": 0.15,
  "m_k": 6329,
  "j": 5381,
  "quantile_step": 0.0001579778830963665,
  "q_hat": 0.08374375104904175,
  "metrics": {
    "coverage": 0.8592417061611375,
    "set_size_mean": 0.8688783570300158,
    "set_size_median": 1.0,
    "empty_rate": 0.13112164296998421,
    "singleton_rate": 0.8688783570300158,
    "top1_acc_non_empty": 0.988909090909091,
    "base_top1_acc": 0.957345971563981,
    "hir": 0.2663507109004739
  },
  "num_test_defined": 6330,
  "num_test_used": 6330,
  "class_labels": [
    "fam:Android",
    "fam:Linux",
    "fam:Windows",
    "fam:iOS",
    "fam:macOS"
  ]
}