{
  "level": "family",
  "alpha_B": 0.45,
  "m_cal": 6329,
  "q_hat_leaf_B": 0.16582125425338745,
  "metrics": {
    "coverage": 0.5570300157977883,
    "set_size_mean": 0.5614533965244866,
    "set_size_median": 1.0,
    "empty_rate": 0.43854660347551344,
    "singleton_rate": 0.5614533965244866,
    "base_top1_acc": 0.9448657187993681,
    "top1_acc_non_empty": 0.992121553179516,
    "hir": 0.0
  },
  "num_test_defined": 6330,
  "num_test_used": 6330,
  "class_labels": [
    "fam:Android",
    "fam:Linux",
    "fam:Windows",
    "fam:iOS",
    "fam:macOS"
  ]
}