{
  "level": "family",
  "alpha": 0.4,
  "m_k": 6329,
  "j": 3798,
  "quantile_step": 0.0001579778830963665,
  "q_hat": 0.0008781552314758301,
  "metrics": {
    "coverage": 0.5908372827804107,
    "set_size_mean": 0.5916271721958926,
    "set_size_median": 1.0,
    "empty_rate": 0.40837282780410744,
    "singleton_rate": 0.5916271721958926,
    "top1_acc_non_empty": 0.9986648865153538,
    "base_top1_acc": 0.9552922590837283,
    "hir": 0.24407582938388625
  },
  "num_test_defined": 6330,
  "num_test_used": 6330,
  "class_labels": [
    "fam:Android",
    "fam:Linux",
    "fam:Windows",
    "fam:iOS",
    "fam:macOS"
  ]
}