{
  "level": "family",
  "alpha_LoUPCP": 0.3,
  "m_cal": 6329,
  "q_hat_leaf_LoUPCP": 0.6214731931686401,
  "metrics": {
    "coverage": 0.7927330173775672,
    "set_size_mean": 0.8415481832543444,
    "set_size_median": 1.0,
    "empty_rate": 0.17187993680884675,
    "singleton_rate": 0.8146919431279621,
    "base_top1_acc": 0.9382306477093207,
    "top1_acc_non_empty": 0.9507821442197635,
    "hir": 0.0
  },
  "num_test_defined": 6330,
  "num_test_used": 6330,
  "class_labels": [
    "fam:Android",
    "fam:Linux",
    "fam:Windows",
    "fam:iOS",
    "fam:macOS"
  ]
}