{
  "level": "family",
  "alpha": 0.1,
  "m_k": 6329,
  "j": 5697,
  "quantile_step": 0.0001579778830963665,
  "q_hat": 0.12937426567077637,
  "metrics": {
    "coverage": 0.89826224328594,
    "set_size_mean": 0.9121642969984203,
    "set_size_median": 1.0,
    "empty_rate": 0.08783570300157978,
    "singleton_rate": 0.9121642969984203,
    "top1_acc_non_empty": 0.9847592656737097,
    "base_top1_acc": 0.9557661927330173,
    "hir": 0.23696682464454977
  },
  "num_test_defined": 6330,
  "num_test_used": 6330,
  "class_labels": [
    "fam:Android",
    "fam:Linux",
    "fam:Windows",
    "fam:iOS",
    "fam:macOS"
  ]
}