{
  "level": "family",
  "alpha": 0.4,
  "m_k": 6329,
  "j": 3798,
  "quantile_step": 0.0001579778830963665,
  "q_hat": 0.0009536147117614746,
  "metrics": {
    "coverage": 0.6001579778830963,
    "set_size_mean": 0.6009478672985782,
    "set_size_median": 1.0,
    "empty_rate": 0.3990521327014218,
    "singleton_rate": 0.6009478672985782,
    "top1_acc_non_empty": 0.9986855941114616,
    "base_top1_acc": 0.9549763033175356,
    "hir": 0.23981042654028437
  },
  "num_test_defined": 6330,
  "num_test_used": 6330,
  "class_labels": [
    "fam:Android",
    "fam:Linux",
    "fam:Windows",
    "fam:iOS",
    "fam:macOS"
  ]
}