{
  "level": "family",
  "alpha": 0.2,
  "m_k": 6329,
  "j": 5064,
  "quantile_step": 0.0001579778830963665,
  "q_hat": 0.031227707862854004,
  "metrics": {
    "coverage": 0.7976303317535545,
    "set_size_mean": 0.8031595576619274,
    "set_size_median": 1.0,
    "empty_rate": 0.19684044233807266,
    "singleton_rate": 0.8031595576619274,
    "top1_acc_non_empty": 0.9931156569630213,
    "base_top1_acc": 0.9554502369668246,
    "hir": 0.3372827804107425
  },
  "num_test_defined": 6330,
  "num_test_used": 6330,
  "class_labels": [
    "fam:Android",
    "fam:Linux",
    "fam:Windows",
    "fam:iOS",
    "fam:macOS"
  ]
}