{
  "level": "family",
  "alpha": 0.04,
  "m_k": 6329,
  "j": 6077,
  "quantile_step": 0.0001579778830963665,
  "q_hat": 0.6669509410858154,
  "metrics": {
    "coverage": 0.9639810426540284,
    "set_size_mean": 1.0126382306477093,
    "set_size_median": 1.0,
    "empty_rate": 0.0001579778830963665,
    "singleton_rate": 0.987045813586098,
    "top1_acc_non_empty": 0.9576552377942803,
    "base_top1_acc": 0.9575039494470774,
    "hir": 0.33143759873617695
  },
  "num_test_defined": 6330,
  "num_test_used": 6330,
  "class_labels": [
    "fam:Android",
    "fam:Linux",
    "fam:Windows",
    "fam:iOS",
    "fam:macOS"
  ]
}