{
  "level": "family",
  "alpha_LoUPCP": 0.02,
  "m_cal": 6329,
  "q_hat_leaf_LoUPCP": 0.9831520318984985,
  "metrics": {
    "coverage": 0.9921011058451816,
    "set_size_mean": 1.373301737756714,
    "set_size_median": 1.0,
    "empty_rate": 0.0,
    "singleton_rate": 0.715955766192733,
    "base_top1_acc": 0.9436018957345972,
    "top1_acc_non_empty": 0.9436018957345972,
    "hir": 0.0
  },
  "num_test_defined": 6330,
  "num_test_used": 6330,
  "class_labels": [
    "fam:Android",
    "fam:Linux",
    "fam:Windows",
    "fam:iOS",
    "fam:macOS"
  ]
}