{
  "level": "family",
  "alpha_B": 0.25,
  "m_cal": 6329,
  "q_hat_leaf_B": 0.6958154439926147,
  "metrics": {
    "coverage": 0.8759873617693523,
    "set_size_mean": 0.9415481832543444,
    "set_size_median": 1.0,
    "empty_rate": 0.0867298578199052,
    "singleton_rate": 0.8849921011058451,
    "base_top1_acc": 0.9436018957345972,
    "top1_acc_non_empty": 0.9491437467566165,
    "hir": 0.0
  },
  "num_test_defined": 6330,
  "num_test_used": 6330,
  "class_labels": [
    "fam:Android",
    "fam:Linux",
    "fam:Windows",
    "fam:iOS",
    "fam:macOS"
  ]
}