{
  "level": "family",
  "alpha": 0.02,
  "m_k": 6329,
  "j": 6204,
  "quantile_step": 0.0001579778830963665,
  "q_hat": 0.9163421392440796,
  "metrics": {
    "coverage": 0.9846761453396524,
    "set_size_mean": 1.144865718799368,
    "set_size_median": 1.0,
    "empty_rate": 0.0,
    "singleton_rate": 0.8682464454976303,
    "top1_acc_non_empty": 0.957345971563981,
    "base_top1_acc": 0.957345971563981,
    "hir": 0.37725118483412323
  },
  "num_test_defined": 6330,
  "num_test_used": 6330,
  "class_labels": [
    "fam:Android",
    "fam:Linux",
    "fam:Windows",
    "fam:iOS",
    "fam:macOS"
  ]
}