{
  "level": "family",
  "alpha": 0.25,
  "m_k": 6329,
  "j": 4748,
  "quantile_step": 0.0001579778830963665,
  "q_hat": 0.010518789291381836,
  "metrics": {
    "coverage": 0.7573459715639811,
    "set_size_mean": 0.7600315955766193,
    "set_size_median": 1.0,
    "empty_rate": 0.23996840442338072,
    "singleton_rate": 0.7600315955766193,
    "top1_acc_non_empty": 0.9964664310954063,
    "base_top1_acc": 0.9554502369668246,
    "hir": 0.3709320695102686
  },
  "num_test_defined": 6330,
  "num_test_used": 6330,
  "class_labels": [
    "fam:Android",
    "fam:Linux",
    "fam:Windows",
    "fam:iOS",
    "fam:macOS"
  ]
}