{
  "level": "family",
  "alpha_LoUPCP": 0.25,
  "m_cal": 6329,
  "q_hat_leaf_LoUPCP": 0.7094338536262512,
  "metrics": {
    "coverage": 0.8864139020537125,
    "set_size_mean": 0.95086887835703,
    "set_size_median": 1.0,
    "empty_rate": 0.07930489731437598,
    "singleton_rate": 0.890521327014218,
    "base_top1_acc": 0.9481832543443918,
    "top1_acc_non_empty": 0.9531571722717913,
    "hir": 0.0
  },
  "num_test_defined": 6330,
  "num_test_used": 6330,
  "class_labels": [
    "fam:Android",
    "fam:Linux",
    "fam:Windows",
    "fam:iOS",
    "fam:macOS"
  ]
}