{
  "level": "family",
  "alpha_LoUPCP": 0.4,
  "m_cal": 6329,
  "q_hat_leaf_LoUPCP": 0.3449011445045471,
  "metrics": {
    "coverage": 0.6423380726698262,
    "set_size_mean": 0.6519747235387046,
    "set_size_median": 1.0,
    "empty_rate": 0.34802527646129544,
    "singleton_rate": 0.6519747235387046,
    "base_top1_acc": 0.9447077409162717,
    "top1_acc_non_empty": 0.9852192876181245,
    "hir": 0.0
  },
  "num_test_defined": 6330,
  "num_test_used": 6330,
  "class_labels": [
    "fam:Android",
    "fam:Linux",
    "fam:Windows",
    "fam:iOS",
    "fam:macOS"
  ]
}