{
  "level": "family",
  "alpha": 0.4,
  "m_k": 6329,
  "j": 3798,
  "quantile_step": 0.0001579778830963665,
  "q_hat": 0.0009620189666748047,
  "metrics": {
    "coverage": 0.6009478672985782,
    "set_size_mean": 0.6015797788309637,
    "set_size_median": 1.0,
    "empty_rate": 0.39842022116903636,
    "singleton_rate": 0.6015797788309637,
    "top1_acc_non_empty": 0.9989495798319328,
    "base_top1_acc": 0.9571879936808847,
    "hir": 0.24170616113744076
  },
  "num_test_defined": 6330,
  "num_test_used": 6330,
  "class_labels": [
    "fam:Android",
    "fam:Linux",
    "fam:Windows",
    "fam:iOS",
    "fam:macOS"
  ]
}