{
  "level": "family",
  "alpha": 0.35,
  "m_k": 6329,
  "j": 4115,
  "quantile_step": 0.0001579778830963665,
  "q_hat": 0.0018469691276550293,
  "metrics": {
    "coverage": 0.639652448657188,
    "set_size_mean": 0.6412322274881517,
    "set_size_median": 1.0,
    "empty_rate": 0.3587677725118483,
    "singleton_rate": 0.6412322274881517,
    "top1_acc_non_empty": 0.9975363389997536,
    "base_top1_acc": 0.9548183254344392,
    "hir": 0.2774091627172196
  },
  "num_test_defined": 6330,
  "num_test_used": 6330,
  "class_labels": [
    "fam:Android",
    "fam:Linux",
    "fam:Windows",
    "fam:iOS",
    "fam:macOS"
  ]
}