{
  "level": "family",
  "alpha": 0.1,
  "m_k": 6329,
  "j": 5697,
  "quantile_step": 0.0001579778830963665,
  "q_hat": 0.1298472285270691,
  "metrics": {
    "coverage": 0.9014218009478673,
    "set_size_mean": 0.9151658767772511,
    "set_size_median": 1.0,
    "empty_rate": 0.08483412322274882,
    "singleton_rate": 0.9151658767772511,
    "top1_acc_non_empty": 0.9849818746763335,
    "base_top1_acc": 0.955608214849921,
    "hir": 0.23744075829383887
  },
  "num_test_defined": 6330,
  "num_test_used": 6330,
  "class_labels": [
    "fam:Android",
    "fam:Linux",
    "fam:Windows",
    "fam:iOS",
    "fam:macOS"
  ]
}