{
  "level": "family",
  "alpha_B": 0.35,
  "m_cal": 6329,
  "q_hat_leaf_B": 0.5068538784980774,
  "metrics": {
    "coverage": 0.7246445497630332,
    "set_size_mean": 0.7477093206951027,
    "set_size_median": 1.0,
    "empty_rate": 0.2522906793048973,
    "singleton_rate": 0.7477093206951027,
    "base_top1_acc": 0.9428120063191153,
    "top1_acc_non_empty": 0.9691527572364251,
    "hir": 0.0
  },
  "num_test_defined": 6330,
  "num_test_used": 6330,
  "class_labels": [
    "fam:Android",
    "fam:Linux",
    "fam:Windows",
    "fam:iOS",
    "fam:macOS"
  ]
}