{
  "level": "family",
  "alpha_LoUPCP": 0.1,
  "m_cal": 6329,
  "q_hat_leaf_LoUPCP": 0.8343625068664551,
  "metrics": {
    "coverage": 0.9674565560821485,
    "set_size_mean": 1.060347551342812,
    "set_size_median": 1.0,
    "empty_rate": 0.001263823064770932,
    "singleton_rate": 0.9383886255924171,
    "base_top1_acc": 0.9470774091627172,
    "top1_acc_non_empty": 0.9481176842771275,
    "hir": 0.0
  },
  "num_test_defined": 6330,
  "num_test_used": 6330,
  "class_labels": [
    "fam:Android",
    "fam:Linux",
    "fam:Windows",
    "fam:iOS",
    "fam:macOS"
  ]
}