{
  "level": "family",
  "alpha_LoUPCP": 0.2,
  "m_cal": 6329,
  "q_hat_leaf_LoUPCP": 0.7630101442337036,
  "metrics": {
    "coverage": 0.9355450236966825,
    "set_size_mean": 1.018167456556082,
    "set_size_median": 1.0,
    "empty_rate": 0.02353870458135861,
    "singleton_rate": 0.9347551342812006,
    "base_top1_acc": 0.9399684044233807,
    "top1_acc_non_empty": 0.942565927843391,
    "hir": 0.0
  },
  "num_test_defined": 6330,
  "num_test_used": 6330,
  "class_labels": [
    "fam:Android",
    "fam:Linux",
    "fam:Windows",
    "fam:iOS",
    "fam:macOS"
  ]
}