{
  "level": "family",
  "alpha_B": 0.15,
  "m_cal": 6329,
  "q_hat_leaf_B": 0.781592071056366,
  "metrics": {
    "coverage": 0.9535545023696682,
    "set_size_mean": 1.0339652448657188,
    "set_size_median": 1.0,
    "empty_rate": 0.00995260663507109,
    "singleton_rate": 0.946129541864139,
    "base_top1_acc": 0.9462875197472354,
    "top1_acc_non_empty": 0.9492580181905218,
    "hir": 0.0
  },
  "num_test_defined": 6330,
  "num_test_used": 6330,
  "class_labels": [
    "fam:Android",
    "fam:Linux",
    "fam:Windows",
    "fam:iOS",
    "fam:macOS"
  ]
}