{
  "level": "family",
  "alpha_LoUPCP": 0.15,
  "m_cal": 6329,
  "q_hat_leaf_LoUPCP": 0.778551459312439,
  "metrics": {
    "coverage": 0.9519747235387046,
    "set_size_mean": 1.0312796208530806,
    "set_size_median": 1.0,
    "empty_rate": 0.011532385466034755,
    "singleton_rate": 0.94565560821485,
    "base_top1_acc": 0.9448657187993681,
    "top1_acc_non_empty": 0.9480581748441745,
    "hir": 0.0
  },
  "num_test_defined": 6330,
  "num_test_used": 6330,
  "class_labels": [
    "fam:Android",
    "fam:Linux",
    "fam:Windows",
    "fam:iOS",
    "fam:macOS"
  ]
}