{
  "level": "family",
  "alpha": 0.15,
  "m_k": 6329,
  "j": 5381,
  "quantile_step": 0.0001579778830963665,
  "q_hat": 0.08122354745864868,
  "metrics": {
    "coverage": 0.8473933649289099,
    "set_size_mean": 0.8560821484992102,
    "set_size_median": 1.0,
    "empty_rate": 0.1439178515007899,
    "singleton_rate": 0.8560821484992102,
    "top1_acc_non_empty": 0.9898505259272928,
    "base_top1_acc": 0.9533965244865719,
    "hir": 0.28451816745655606
  },
  "num_test_defined": 6330,
  "num_test_used": 6330,
  "class_labels": [
    "fam:Android",
    "fam:Linux",
    "fam:Windows",
    "fam:iOS",
    "fam:macOS"
  ]
}