{
  "level": "family",
  "alpha": 0.3,
  "m_k": 6329,
  "j": 4431,
  "quantile_step": 0.0001579778830963665,
  "q_hat": 0.003606140613555908,
  "metrics": {
    "coverage": 0.6919431279620853,
    "set_size_mean": 0.6936808846761453,
    "set_size_median": 1.0,
    "empty_rate": 0.30631911532385464,
    "singleton_rate": 0.6936808846761453,
    "top1_acc_non_empty": 0.9974948758824869,
    "base_top1_acc": 0.9565560821484992,
    "hir": 0.36856240126382306
  },
  "num_test_defined": 6330,
  "num_test_used": 6330,
  "class_labels": [
    "fam:Android",
    "fam:Linux",
    "fam:Windows",
    "fam:iOS",
    "fam:macOS"
  ]
}