{
  "level": "family",
  "alpha": 0.05,
  "m_k": 6329,
  "j": 6014,
  "quantile_step": 0.0001579778830963665,
  "q_hat": 0.39043521881103516,
  "metrics": {
    "coverage": 0.9500789889415482,
    "set_size_mean": 0.9859399684044233,
    "set_size_median": 1.0,
    "empty_rate": 0.01406003159557662,
    "singleton_rate": 0.9859399684044233,
    "top1_acc_non_empty": 0.9636276237782406,
    "base_top1_acc": 0.9552922590837283,
    "hir": 0.30300157977883097
  },
  "num_test_defined": 6330,
  "num_test_used": 6330,
  "class_labels": [
    "fam:Android",
    "fam:Linux",
    "fam:Windows",
    "fam:iOS",
    "fam:macOS"
  ]
}