{
  "level": "family",
  "alpha": 0.05,
  "m_k": 6329,
  "j": 6014,
  "quantile_step": 0.0001579778830963665,
  "q_hat": 0.3683428168296814,
  "metrics": {
    "coverage": 0.9467614533965245,
    "set_size_mean": 0.982306477093207,
    "set_size_median": 1.0,
    "empty_rate": 0.01769352290679305,
    "singleton_rate": 0.982306477093207,
    "top1_acc_non_empty": 0.9638147314248955,
    "base_top1_acc": 0.9537124802527646,
    "hir": 0.30078988941548185
  },
  "num_test_defined": 6330,
  "num_test_used": 6330,
  "class_labels": [
    "fam:Android",
    "fam:Linux",
    "fam:Windows",
    "fam:iOS",
    "fam:macOS"
  ]
}