{
  "level": "family",
  "alpha_LoUPCP": 0.15,
  "m_cal": 6329,
  "q_hat_leaf_LoUPCP": 0.7832801938056946,
  "metrics": {
    "coverage": 0.9554502369668246,
    "set_size_mean": 1.0352290679304896,
    "set_size_median": 1.0,
    "empty_rate": 0.008372827804107424,
    "singleton_rate": 0.9480252764612954,
    "base_top1_acc": 0.9459715639810427,
    "top1_acc_non_empty": 0.9483829855026287,
    "hir": 0.0
  },
  "num_test_defined": 6330,
  "num_test_used": 6330,
  "class_labels": [
    "fam:Android",
    "fam:Linux",
    "fam:Windows",
    "fam:iOS",
    "fam:macOS"
  ]
}