{
  "level": "family",
  "alpha": 0.02,
  "m_k": 6329,
  "j": 6204,
  "quantile_step": 0.0001579778830963665,
  "q_hat": 0.9111160039901733,
  "metrics": {
    "coverage": 0.9796208530805687,
    "set_size_mean": 1.1058451816745656,
    "set_size_median": 1.0,
    "empty_rate": 0.0,
    "singleton_rate": 0.9045813586097946,
    "top1_acc_non_empty": 0.9545023696682464,
    "base_top1_acc": 0.9545023696682464,
    "hir": 0.3883096366508689
  },
  "num_test_defined": 6330,
  "num_test_used": 6330,
  "class_labels": [
    "fam:Android",
    "fam:Linux",
    "fam:Windows",
    "fam:iOS",
    "fam:macOS"
  ]
}