{
  "level": "family",
  "alpha_B": 0.35,
  "m_cal": 6329,
  "q_hat_leaf_B": 0.4978199601173401,
  "metrics": {
    "coverage": 0.7124802527646129,
    "set_size_mean": 0.734439178515008,
    "set_size_median": 1.0,
    "empty_rate": 0.2655608214849921,
    "singleton_rate": 0.734439178515008,
    "base_top1_acc": 0.9442338072669826,
    "top1_acc_non_empty": 0.9701010970101097,
    "hir": 0.0
  },
  "num_test_defined": 6330,
  "num_test_used": 6330,
  "class_labels": [
    "fam:Android",
    "fam:Linux",
    "fam:Windows",
    "fam:iOS",
    "fam:macOS"
  ]
}