{
  "level": "family",
  "alpha": 0.1,
  "m_k": 6329,
  "j": 5697,
  "quantile_step": 0.0001579778830963665,
  "q_hat": 0.12493735551834106,
  "metrics": {
    "coverage": 0.895260663507109,
    "set_size_mean": 0.9096366508688783,
    "set_size_median": 1.0,
    "empty_rate": 0.09036334913112164,
    "singleton_rate": 0.9096366508688783,
    "top1_acc_non_empty": 0.9841959013546371,
    "base_top1_acc": 0.9565560821484992,
    "hir": 0.23507109004739338
  },
  "num_test_defined": 6330,
  "num_test_used": 6330,
  "class_labels": [
    "fam:Android",
    "fam:Linux",
    "fam:Windows",
    "fam:iOS",
    "fam:macOS"
  ]
}