{
  "level": "family",
  "alpha_B": 0.2,
  "m_cal": 6329,
  "q_hat_leaf_B": 0.7686129808425903,
  "metrics": {
    "coverage": 0.9428120063191153,
    "set_size_mean": 1.021958925750395,
    "set_size_median": 1.0,
    "empty_rate": 0.021484992101105844,
    "singleton_rate": 0.9350710900473934,
    "base_top1_acc": 0.944391785150079,
    "top1_acc_non_empty": 0.9476913141750081,
    "hir": 0.0
  },
  "num_test_defined": 6330,
  "num_test_used": 6330,
  "class_labels": [
    "fam:Android",
    "fam:Linux",
    "fam:Windows",
    "fam:iOS",
    "fam:macOS"
  ]
}