{
  "level": "family",
  "alpha": 0.1,
  "m_k": 6329,
  "j": 5697,
  "quantile_step": 0.0001579778830963665,
  "q_hat": 0.1313948631286621,
  "metrics": {
    "coverage": 0.9036334913112164,
    "set_size_mean": 0.9199052132701422,
    "set_size_median": 1.0,
    "empty_rate": 0.08009478672985781,
    "singleton_rate": 0.9199052132701422,
    "top1_acc_non_empty": 0.9823115232697922,
    "base_top1_acc": 0.9540284360189574,
    "hir": 0.2387045813586098
  },
  "num_test_defined": 6330,
  "num_test_used": 6330,
  "class_labels": [
    "fam:Android",
    "fam:Linux",
    "fam:Windows",
    "fam:iOS",
    "fam:macOS"
  ]
}