{
  "level": "family",
  "alpha_LoUPCP": 0.1,
  "m_cal": 6329,
  "q_hat_leaf_LoUPCP": 0.8289503455162048,
  "metrics": {
    "coverage": 0.9598736176935229,
    "set_size_mean": 1.0644549763033175,
    "set_size_median": 1.0,
    "empty_rate": 0.0011058451816745656,
    "singleton_rate": 0.934913112164297,
    "base_top1_acc": 0.9391785150078988,
    "top1_acc_non_empty": 0.9400600980547209,
    "hir": 0.0
  },
  "num_test_defined": 6330,
  "num_test_used": 6330,
  "class_labels": [
    "fam:Android",
    "fam:Linux",
    "fam:Windows",
    "fam:iOS",
    "fam:macOS"
  ]
}