{
  "level": "family",
  "alpha_LoUPCP": 0.2,
  "m_cal": 6329,
  "q_hat_leaf_LoUPCP": 0.7582022547721863,
  "metrics": {
    "coverage": 0.9279620853080569,
    "set_size_mean": 1.0101105845181675,
    "set_size_median": 1.0,
    "empty_rate": 0.030805687203791468,
    "singleton_rate": 0.9282780410742496,
    "base_top1_acc": 0.940126382306477,
    "top1_acc_non_empty": 0.943276283618582,
    "hir": 0.0
  },
  "num_test_defined": 6330,
  "num_test_used": 6330,
  "class_labels": [
    "fam:Android",
    "fam:Linux",
    "fam:Windows",
    "fam:iOS",
    "fam:macOS"
  ]
}