{
  "level": "family",
  "alpha_LoUPCP": 0.4,
  "m_cal": 6329,
  "q_hat_leaf_LoUPCP": 0.3035215735435486,
  "metrics": {
    "coverage": 0.6186413902053712,
    "set_size_mean": 0.6263823064770933,
    "set_size_median": 1.0,
    "empty_rate": 0.3736176935229068,
    "singleton_rate": 0.6263823064770933,
    "base_top1_acc": 0.9447077409162717,
    "top1_acc_non_empty": 0.987641866330391,
    "hir": 0.0
  },
  "num_test_defined": 6330,
  "num_test_used": 6330,
  "class_labels": [
    "fam:Android",
    "fam:Linux",
    "fam:Windows",
    "fam:iOS",
    "fam:macOS"
  ]
}