{
  "level": "family",
  "alpha": 0.35,
  "m_k": 6329,
  "j": 4115,
  "quantile_step": 0.0001579778830963665,
  "q_hat": 0.0021295547485351562,
  "metrics": {
    "coverage": 0.6559241706161137,
    "set_size_mean": 0.6576619273301738,
    "set_size_median": 1.0,
    "empty_rate": 0.34233807266982624,
    "singleton_rate": 0.6576619273301738,
    "top1_acc_non_empty": 0.9973576747537833,
    "base_top1_acc": 0.9560821484992101,
    "hir": 0.292259083728278
  },
  "num_test_defined": 6330,
  "num_test_used": 6330,
  "class_labels": [
    "fam:Android",
    "fam:Linux",
    "fam:Windows",
    "fam:iOS",
    "fam:macOS"
  ]
}