{
  "level": "family",
  "alpha": 0.35,
  "m_k": 6329,
  "j": 4115,
  "quantile_step": 0.0001579778830963665,
  "q_hat": 0.002137124538421631,
  "metrics": {
    "coverage": 0.657345971563981,
    "set_size_mean": 0.6584518167456556,
    "set_size_median": 1.0,
    "empty_rate": 0.3415481832543444,
    "singleton_rate": 0.6584518167456556,
    "top1_acc_non_empty": 0.9983205374280231,
    "base_top1_acc": 0.9546603475513428,
    "hir": 0.28467614533965246
  },
  "num_test_defined": 6330,
  "num_test_used": 6330,
  "class_labels": [
    "fam:Android",
    "fam:Linux",
    "fam:Windows",
    "fam:iOS",
    "fam:macOS"
  ]
}