{
  "level": "family",
  "alpha": 0.5,
  "m_k": 6329,
  "j": 3165,
  "quantile_step": 0.0001579778830963665,
  "q_hat": 0.00023680925369262695,
  "metrics": {
    "coverage": 0.4843601895734597,
    "set_size_mean": 0.4849921011058452,
    "set_size_median": 0.0,
    "empty_rate": 0.5150078988941548,
    "singleton_rate": 0.4849921011058452,
    "top1_acc_non_empty": 0.9986970684039088,
    "base_top1_acc": 0.952132701421801,
    "hir": 0.27661927330173774
  },
  "num_test_defined": 6330,
  "num_test_used": 6330,
  "class_labels": [
    "fam:Android",
    "fam:Linux",
    "fam:Windows",
    "fam:iOS",
    "fam:macOS"
  ]
}