{
  "level": "family",
  "alpha_B": 0.5,
  "m_cal": 6329,
  "q_hat_leaf_B": 0.059042155742645264,
  "metrics": {
    "coverage": 0.48941548183254346,
    "set_size_mean": 0.49178515007898893,
    "set_size_median": 0.0,
    "empty_rate": 0.5082148499210111,
    "singleton_rate": 0.49178515007898893,
    "base_top1_acc": 0.9390205371248025,
    "top1_acc_non_empty": 0.9951814969482814,
    "hir": 0.0
  },
  "num_test_defined": 6330,
  "num_test_used": 6330,
  "class_labels": [
    "fam:Android",
    "fam:Linux",
    "fam:Windows",
    "fam:iOS",
    "fam:macOS"
  ]
}