{
  "level": "family",
  "alpha": 0.075,
  "m_k": 6329,
  "j": 5856,
  "quantile_step": 0.0001579778830963665,
  "q_hat": 0.18443584442138672,
  "metrics": {
    "coverage": 0.921958925750395,
    "set_size_mean": 0.942654028436019,
    "set_size_median": 1.0,
    "empty_rate": 0.057345971563981045,
    "singleton_rate": 0.942654028436019,
    "top1_acc_non_empty": 0.9780459192223898,
    "base_top1_acc": 0.9560821484992101,
    "hir": 0.23617693522906794
  },
  "num_test_defined": 6330,
  "num_test_used": 6330,
  "class_labels": [
    "fam:Android",
    "fam:Linux",
    "fam:Windows",
    "fam:iOS",
    "fam:macOS"
  ]
}