{
  "level": "family",
  "alpha": 0.1,
  "m_k": 6329,
  "j": 5697,
  "quantile_step": 0.0001579778830963665,
  "q_hat": 0.11922281980514526,
  "metrics": {
    "coverage": 0.8927330173775672,
    "set_size_mean": 0.9053712480252765,
    "set_size_median": 1.0,
    "empty_rate": 0.09462875197472354,
    "singleton_rate": 0.9053712480252765,
    "top1_acc_non_empty": 0.986040830570581,
    "base_top1_acc": 0.9537124802527646,
    "hir": 0.24549763033175356
  },
  "num_test_defined": 6330,
  "num_test_used": 6330,
  "class_labels": [
    "fam:Android",
    "fam:Linux",
    "fam:Windows",
    "fam:iOS",
    "fam:macOS"
  ]
}