{
  "level": "family",
  "alpha": 0.03,
  "m_k": 6329,
  "j": 6141,
  "quantile_step": 0.0001579778830963665,
  "q_hat": 0.833833634853363,
  "metrics": {
    "coverage": 0.9789889415481833,
    "set_size_mean": 1.0502369668246445,
    "set_size_median": 1.0,
    "empty_rate": 0.0,
    "singleton_rate": 0.9527646129541865,
    "top1_acc_non_empty": 0.958609794628752,
    "base_top1_acc": 0.958609794628752,
    "hir": 0.3641390205371248
  },
  "num_test_defined": 6330,
  "num_test_used": 6330,
  "class_labels": [
    "fam:Android",
    "fam:Linux",
    "fam:Windows",
    "fam:iOS",
    "fam:macOS"
  ]
}