{
  "level": "family",
  "alpha_LoUPCP": 0.25,
  "m_cal": 6329,
  "q_hat_leaf_LoUPCP": 0.6960443258285522,
  "metrics": {
    "coverage": 0.8740916271721959,
    "set_size_mean": 0.9421800947867298,
    "set_size_median": 1.0,
    "empty_rate": 0.0867298578199052,
    "singleton_rate": 0.8843601895734597,
    "base_top1_acc": 0.9404423380726699,
    "top1_acc_non_empty": 0.9463760595052759,
    "hir": 0.0
  },
  "num_test_defined": 6330,
  "num_test_used": 6330,
  "class_labels": [
    "fam:Android",
    "fam:Linux",
    "fam:Windows",
    "fam:iOS",
    "fam:macOS"
  ]
}