{
  "level": "family",
  "alpha": 0.2,
  "m_k": 6329,
  "j": 5064,
  "quantile_step": 0.0001579778830963665,
  "q_hat": 0.02761012315750122,
  "metrics": {
    "coverage": 0.788783570300158,
    "set_size_mean": 0.7941548183254344,
    "set_size_median": 1.0,
    "empty_rate": 0.20584518167456556,
    "singleton_rate": 0.7941548183254344,
    "top1_acc_non_empty": 0.9932365227770041,
    "base_top1_acc": 0.9529225908372828,
    "hir": 0.34265402843601894
  },
  "num_test_defined": 6330,
  "num_test_used": 6330,
  "class_labels": [
    "fam:Android",
    "fam:Linux",
    "fam:Windows",
    "fam:iOS",
    "fam:macOS"
  ]
}