{
  "level": "family",
  "alpha": 0.01,
  "m_k": 6329,
  "j": 6267,
  "quantile_step": 0.0001579778830963665,
  "q_hat": 0.9546328783035278,
  "metrics": {
    "coverage": 0.9914691943127962,
    "set_size_mean": 1.2221169036334913,
    "set_size_median": 1.0,
    "empty_rate": 0.0,
    "singleton_rate": 0.8257503949447077,
    "top1_acc_non_empty": 0.9587677725118483,
    "base_top1_acc": 0.9587677725118483,
    "hir": 0.5001579778830963
  },
  "num_test_defined": 6330,
  "num_test_used": 6330,
  "class_labels": [
    "fam:Android",
    "fam:Linux",
    "fam:Windows",
    "fam:iOS",
    "fam:macOS"
  ]
}