{
  "level": "family",
  "alpha": 0.05,
  "m_k": 6329,
  "j": 6014,
  "quantile_step": 0.0001579778830963665,
  "q_hat": 0.3889200687408447,
  "metrics": {
    "coverage": 0.9497630331753555,
    "set_size_mean": 0.9862559241706161,
    "set_size_median": 1.0,
    "empty_rate": 0.013744075829383886,
    "singleton_rate": 0.9862559241706161,
    "top1_acc_non_empty": 0.9629985583853916,
    "base_top1_acc": 0.955608214849921,
    "hir": 0.29889415481832543
  },
  "num_test_defined": 6330,
  "num_test_used": 6330,
  "class_labels": [
    "fam:Android",
    "fam:Linux",
    "fam:Windows",
    "fam:iOS",
    "fam:macOS"
  ]
}