{
  "level": "family",
  "alpha": 0.2,
  "m_k": 6329,
  "j": 5064,
  "quantile_step": 0.0001579778830963665,
  "q_hat": 0.03002750873565674,
  "metrics": {
    "coverage": 0.7941548183254344,
    "set_size_mean": 0.7990521327014218,
    "set_size_median": 1.0,
    "empty_rate": 0.2009478672985782,
    "singleton_rate": 0.7990521327014218,
    "top1_acc_non_empty": 0.9938710952945828,
    "base_top1_acc": 0.9513428120063191,
    "hir": 0.3456556082148499
  },
  "num_test_defined": 6330,
  "num_test_used": 6330,
  "class_labels": [
    "fam:Android",
    "fam:Linux",
    "fam:Windows",
    "fam:iOS",
    "fam:macOS"
  ]
}