{
  "level": "family",
  "alpha_LoUPCP": 0.25,
  "m_cal": 6329,
  "q_hat_leaf_LoUPCP": 0.693006694316864,
  "metrics": {
    "coverage": 0.8638230647709321,
    "set_size_mean": 0.931911532385466,
    "set_size_median": 1.0,
    "empty_rate": 0.09636650868878358,
    "singleton_rate": 0.8753554502369668,
    "base_top1_acc": 0.9383886255924171,
    "top1_acc_non_empty": 0.9449300699300699,
    "hir": 0.0
  },
  "num_test_defined": 6330,
  "num_test_used": 6330,
  "class_labels": [
    "fam:Android",
    "fam:Linux",
    "fam:Windows",
    "fam:iOS",
    "fam:macOS"
  ]
}