{
  "level": "family",
  "alpha_B": 0.4,
  "m_cal": 6329,
  "q_hat_leaf_B": 0.298051118850708,
  "metrics": {
    "coverage": 0.6151658767772512,
    "set_size_mean": 0.6244865718799368,
    "set_size_median": 1.0,
    "empty_rate": 0.37551342812006316,
    "singleton_rate": 0.6244865718799368,
    "base_top1_acc": 0.9417061611374408,
    "top1_acc_non_empty": 0.9850746268656716,
    "hir": 0.0
  },
  "num_test_defined": 6330,
  "num_test_used": 6330,
  "class_labels": [
    "fam:Android",
    "fam:Linux",
    "fam:Windows",
    "fam:iOS",
    "fam:macOS"
  ]
}