{
  "level": "family",
  "alpha_LoUPCP": 0.3,
  "m_cal": 6329,
  "q_hat_leaf_LoUPCP": 0.6241344213485718,
  "metrics": {
    "coverage": 0.7935229067930489,
    "set_size_mean": 0.8375987361769353,
    "set_size_median": 1.0,
    "empty_rate": 0.17519747235387045,
    "singleton_rate": 0.8120063191153238,
    "base_top1_acc": 0.9475513428120064,
    "top1_acc_non_empty": 0.9567132733192875,
    "hir": 0.0
  },
  "num_test_defined": 6330,
  "num_test_used": 6330,
  "class_labels": [
    "fam:Android",
    "fam:Linux",
    "fam:Windows",
    "fam:iOS",
    "fam:macOS"
  ]
}