{
  "level": "family",
  "alpha": 0.2,
  "m_k": 6329,
  "j": 5064,
  "quantile_step": 0.0001579778830963665,
  "q_hat": 0.035236477851867676,
  "metrics": {
    "coverage": 0.8061611374407583,
    "set_size_mean": 0.8104265402843602,
    "set_size_median": 1.0,
    "empty_rate": 0.1895734597156398,
    "singleton_rate": 0.8104265402843602,
    "top1_acc_non_empty": 0.9947368421052631,
    "base_top1_acc": 0.956872037914692,
    "hir": 0.33364928909952607
  },
  "num_test_defined": 6330,
  "num_test_used": 6330,
  "class_labels": [
    "fam:Android",
    "fam:Linux",
    "fam:Windows",
    "fam:iOS",
    "fam:macOS"
  ]
}