{
  "level": "family",
  "alpha_B": 0.03,
  "m_cal": 6329,
  "q_hat_leaf_B": 0.9716678857803345,
  "metrics": {
    "coverage": 0.9894154818325435,
    "set_size_mean": 1.3156398104265403,
    "set_size_median": 1.0,
    "empty_rate": 0.0,
    "singleton_rate": 0.7522906793048973,
    "base_top1_acc": 0.9412322274881516,
    "top1_acc_non_empty": 0.9412322274881516,
    "hir": 0.0
  },
  "num_test_defined": 6330,
  "num_test_used": 6330,
  "class_labels": [
    "fam:Android",
    "fam:Linux",
    "fam:Windows",
    "fam:iOS",
    "fam:macOS"
  ]
}