{
  "level": "family",
  "alpha": 0.1,
  "m_k": 6329,
  "j": 5697,
  "quantile_step": 0.0001579778830963665,
  "q_hat": 0.12937432527542114,
  "metrics": {
    "coverage": 0.8990521327014218,
    "set_size_mean": 0.9135860979462875,
    "set_size_median": 1.0,
    "empty_rate": 0.08641390205371248,
    "singleton_rate": 0.9135860979462875,
    "top1_acc_non_empty": 0.9840913020923396,
    "base_top1_acc": 0.9533965244865719,
    "hir": 0.24470774091627173
  },
  "num_test_defined": 6330,
  "num_test_used": 6330,
  "class_labels": [
    "fam:Android",
    "fam:Linux",
    "fam:Windows",
    "fam:iOS",
    "fam:macOS"
  ]
}