{
  "level": "family",
  "alpha_LoUPCP": 0.5,
  "m_cal": 6329,
  "q_hat_leaf_LoUPCP": 0.0675806999206543,
  "metrics": {
    "coverage": 0.5023696682464455,
    "set_size_mean": 0.504739336492891,
    "set_size_median": 1.0,
    "empty_rate": 0.495260663507109,
    "singleton_rate": 0.504739336492891,
    "base_top1_acc": 0.946129541864139,
    "top1_acc_non_empty": 0.9953051643192489,
    "hir": 0.0
  },
  "num_test_defined": 6330,
  "num_test_used": 6330,
  "class_labels": [
    "fam:Android",
    "fam:Linux",
    "fam:Windows",
    "fam:iOS",
    "fam:macOS"
  ]
}