{
  "level": "family",
  "alpha": 0.3,
  "m_k": 6329,
  "j": 4431,
  "quantile_step": 0.0001579778830963665,
  "q_hat": 0.004346251487731934,
  "metrics": {
    "coverage": 0.7139020537124803,
    "set_size_mean": 0.715955766192733,
    "set_size_median": 1.0,
    "empty_rate": 0.284044233807267,
    "singleton_rate": 0.715955766192733,
    "top1_acc_non_empty": 0.9971315092674315,
    "base_top1_acc": 0.9557661927330173,
    "hir": 0.3750394944707741
  },
  "num_test_defined": 6330,
  "num_test_used": 6330,
  "class_labels": [
    "fam:Android",
    "fam:Linux",
    "fam:Windows",
    "fam:iOS",
    "fam:macOS"
  ]
}