{
  "level": "family",
  "alpha_B": 0.3,
  "m_cal": 6329,
  "q_hat_leaf_B": 0.6218039989471436,
  "metrics": {
    "coverage": 0.79478672985782,
    "set_size_mean": 0.8402843601895734,
    "set_size_median": 1.0,
    "empty_rate": 0.1731437598736177,
    "singleton_rate": 0.8134281200631912,
    "base_top1_acc": 0.946129541864139,
    "top1_acc_non_empty": 0.9558654948414215,
    "hir": 0.0
  },
  "num_test_defined": 6330,
  "num_test_used": 6330,
  "class_labels": [
    "fam:Android",
    "fam:Linux",
    "fam:Windows",
    "fam:iOS",
    "fam:macOS"
  ]
}