{
  "level": "family",
  "alpha": 0.02,
  "m_k": 6329,
  "j": 6204,
  "quantile_step": 0.0001579778830963665,
  "q_hat": 0.9125713109970093,
  "metrics": {
    "coverage": 0.981042654028436,
    "set_size_mean": 1.1113744075829384,
    "set_size_median": 1.0,
    "empty_rate": 0.0,
    "singleton_rate": 0.8995260663507109,
    "top1_acc_non_empty": 0.9548183254344392,
    "base_top1_acc": 0.9548183254344392,
    "hir": 0.4023696682464455
  },
  "num_test_defined": 6330,
  "num_test_used": 6330,
  "class_labels": [
    "fam:Android",
    "fam:Linux",
    "fam:Windows",
    "fam:iOS",
    "fam:macOS"
  ]
}