{
  "level": "family",
  "alpha_B": 0.25,
  "m_cal": 6329,
  "q_hat_leaf_B": 0.706635057926178,
  "metrics": {
    "coverage": 0.8834123222748815,
    "set_size_mean": 0.9507109004739337,
    "set_size_median": 1.0,
    "empty_rate": 0.08120063191153239,
    "singleton_rate": 0.8868878357030016,
    "base_top1_acc": 0.9473933649289099,
    "top1_acc_non_empty": 0.9515130674002751,
    "hir": 0.0
  },
  "num_test_defined": 6330,
  "num_test_used": 6330,
  "class_labels": [
    "fam:Android",
    "fam:Linux",
    "fam:Windows",
    "fam:iOS",
    "fam:macOS"
  ]
}