{
  "level": "family",
  "alpha_B": 0.03,
  "m_cal": 6329,
  "q_hat_leaf_B": 0.9746350049972534,
  "metrics": {
    "coverage": 0.9917851500789889,
    "set_size_mean": 1.321958925750395,
    "set_size_median": 1.0,
    "empty_rate": 0.0,
    "singleton_rate": 0.7503949447077409,
    "base_top1_acc": 0.9466034755134282,
    "top1_acc_non_empty": 0.9466034755134282,
    "hir": 0.0
  },
  "num_test_defined": 6330,
  "num_test_used": 6330,
  "class_labels": [
    "fam:Android",
    "fam:Linux",
    "fam:Windows",
    "fam:iOS",
    "fam:macOS"
  ]
}