{
  "level": "family",
  "alpha_B": 0.4,
  "m_cal": 6329,
  "q_hat_leaf_B": 0.3154495358467102,
  "metrics": {
    "coverage": 0.6225908372827804,
    "set_size_mean": 0.631911532385466,
    "set_size_median": 1.0,
    "empty_rate": 0.36808846761453395,
    "singleton_rate": 0.631911532385466,
    "base_top1_acc": 0.9432859399684044,
    "top1_acc_non_empty": 0.98525,
    "hir": 0.0
  },
  "num_test_defined": 6330,
  "num_test_used": 6330,
  "class_labels": [
    "fam:Android",
    "fam:Linux",
    "fam:Windows",
    "fam:iOS",
    "fam:macOS"
  ]
}