{
  "level": "family",
  "alpha_B": 0.1,
  "m_cal": 6329,
  "q_hat_leaf_B": 0.8322339653968811,
  "metrics": {
    "coverage": 0.9639810426540284,
    "set_size_mean": 1.061611374407583,
    "set_size_median": 1.0,
    "empty_rate": 0.00047393364928909954,
    "singleton_rate": 0.9382306477093207,
    "base_top1_acc": 0.9434439178515008,
    "top1_acc_non_empty": 0.9437332068911016,
    "hir": 0.0
  },
  "num_test_defined": 6330,
  "num_test_used": 6330,
  "class_labels": [
    "fam:Android",
    "fam:Linux",
    "fam:Windows",
    "fam:iOS",
    "fam:macOS"
  ]
}