{
  "level": "family",
  "alpha": 0.075,
  "m_k": 6329,
  "j": 5856,
  "quantile_step": 0.0001579778830963665,
  "q_hat": 0.19119489192962646,
  "metrics": {
    "coverage": 0.9251184834123223,
    "set_size_mean": 0.9451816745655608,
    "set_size_median": 1.0,
    "empty_rate": 0.05481832543443918,
    "singleton_rate": 0.9451816745655608,
    "top1_acc_non_empty": 0.9787731907070032,
    "base_top1_acc": 0.9546603475513428,
    "hir": 0.23096366508688784
  },
  "num_test_defined": 6330,
  "num_test_used": 6330,
  "class_labels": [
    "fam:Android",
    "fam:Linux",
    "fam:Windows",
    "fam:iOS",
    "fam:macOS"
  ]
}