{
  "level": "family",
  "alpha": 0.35,
  "m_k": 6329,
  "j": 4115,
  "quantile_step": 0.0001579778830963665,
  "q_hat": 0.0021383166313171387,
  "metrics": {
    "coverage": 0.6576619273301738,
    "set_size_mean": 0.6595576619273301,
    "set_size_median": 1.0,
    "empty_rate": 0.3404423380726698,
    "singleton_rate": 0.6595576619273301,
    "top1_acc_non_empty": 0.997125748502994,
    "base_top1_acc": 0.9554502369668246,
    "hir": 0.2804107424960506
  },
  "num_test_defined": 6330,
  "num_test_used": 6330,
  "class_labels": [
    "fam:Android",
    "fam:Linux",
    "fam:Windows",
    "fam:iOS",
    "fam:macOS"
  ]
}