{
  "level": "family",
  "alpha": 0.1,
  "m_k": 6329,
  "j": 5697,
  "quantile_step": 0.0001579778830963665,
  "q_hat": 0.11458134651184082,
  "metrics": {
    "coverage": 0.8913112164296998,
    "set_size_mean": 0.9056872037914692,
    "set_size_median": 1.0,
    "empty_rate": 0.09431279620853081,
    "singleton_rate": 0.9056872037914692,
    "top1_acc_non_empty": 0.9841269841269841,
    "base_top1_acc": 0.9549763033175356,
    "hir": 0.24044233807266982
  },
  "num_test_defined": 6330,
  "num_test_used": 6330,
  "class_labels": [
    "fam:Android",
    "fam:Linux",
    "fam:Windows",
    "fam:iOS",
    "fam:macOS"
  ]
}