{
  "level": "family",
  "alpha_LoUPCP": 0.5,
  "m_cal": 6329,
  "q_hat_leaf_LoUPCP": 0.06924349069595337,
  "metrics": {
    "coverage": 0.5052132701421801,
    "set_size_mean": 0.5080568720379147,
    "set_size_median": 1.0,
    "empty_rate": 0.4919431279620853,
    "singleton_rate": 0.5080568720379147,
    "base_top1_acc": 0.9432859399684044,
    "top1_acc_non_empty": 0.9944029850746269,
    "hir": 0.0
  },
  "num_test_defined": 6330,
  "num_test_used": 6330,
  "class_labels": [
    "fam:Android",
    "fam:Linux",
    "fam:Windows",
    "fam:iOS",
    "fam:macOS"
  ]
}