{
  "level": "family",
  "alpha_LoUPCP": 0.25,
  "m_cal": 6329,
  "q_hat_leaf_LoUPCP": 0.6979787349700928,
  "metrics": {
    "coverage": 0.8791469194312796,
    "set_size_mean": 0.9489731437598736,
    "set_size_median": 1.0,
    "empty_rate": 0.08293838862559241,
    "singleton_rate": 0.8851500789889416,
    "base_top1_acc": 0.9420221169036335,
    "top1_acc_non_empty": 0.947114556416882,
    "hir": 0.0
  },
  "num_test_defined": 6330,
  "num_test_used": 6330,
  "class_labels": [
    "fam:Android",
    "fam:Linux",
    "fam:Windows",
    "fam:iOS",
    "fam:macOS"
  ]
}