{
  "level": "family",
  "alpha_B": 0.01,
  "m_cal": 6329,
  "q_hat_leaf_B": 0.9952746033668518,
  "metrics": {
    "coverage": 0.996998420221169,
    "set_size_mean": 1.6385466034755134,
    "set_size_median": 1.0,
    "empty_rate": 0.0,
    "singleton_rate": 0.5622432859399684,
    "base_top1_acc": 0.9447077409162717,
    "top1_acc_non_empty": 0.9447077409162717,
    "hir": 0.0
  },
  "num_test_defined": 6330,
  "num_test_used": 6330,
  "class_labels": [
    "fam:Android",
    "fam:Linux",
    "fam:Windows",
    "fam:iOS",
    "fam:macOS"
  ]
}