{
  "level": "family",
  "alpha": 0.45,
  "m_k": 6329,
  "j": 3482,
  "quantile_step": 0.0001579778830963665,
  "q_hat": 0.0004457831382751465,
  "metrics": {
    "coverage": 0.5423380726698263,
    "set_size_mean": 0.542654028436019,
    "set_size_median": 1.0,
    "empty_rate": 0.45734597156398105,
    "singleton_rate": 0.542654028436019,
    "top1_acc_non_empty": 0.9994177583697235,
    "base_top1_acc": 0.9524486571879937,
    "hir": 0.23459715639810427
  },
  "num_test_defined": 6330,
  "num_test_used": 6330,
  "class_labels": [
    "fam:Android",
    "fam:Linux",
    "fam:Windows",
    "fam:iOS",
    "fam:macOS"
  ]
}