{
  "level": "family",
  "alpha": 0.03,
  "m_k": 6329,
  "j": 6141,
  "quantile_step": 0.0001579778830963665,
  "q_hat": 0.7839017510414124,
  "metrics": {
    "coverage": 0.9687203791469194,
    "set_size_mean": 1.0336492890995261,
    "set_size_median": 1.0,
    "empty_rate": 0.0,
    "singleton_rate": 0.966824644549763,
    "top1_acc_non_empty": 0.9554502369668246,
    "base_top1_acc": 0.9554502369668246,
    "hir": 0.3513428120063191
  },
  "num_test_defined": 6330,
  "num_test_used": 6330,
  "class_labels": [
    "fam:Android",
    "fam:Linux",
    "fam:Windows",
    "fam:iOS",
    "fam:macOS"
  ]
}