{
  "level": "family",
  "alpha_B": 0.45,
  "m_cal": 6329,
  "q_hat_leaf_B": 0.15140241384506226,
  "metrics": {
    "coverage": 0.5483412322274882,
    "set_size_mean": 0.5527646129541864,
    "set_size_median": 1.0,
    "empty_rate": 0.44723538704581356,
    "singleton_rate": 0.5527646129541864,
    "base_top1_acc": 0.9423380726698263,
    "top1_acc_non_empty": 0.9919977136324665,
    "hir": 0.0
  },
  "num_test_defined": 6330,
  "num_test_used": 6330,
  "class_labels": [
    "fam:Android",
    "fam:Linux",
    "fam:Windows",
    "fam:iOS",
    "fam:macOS"
  ]
}