{
  "level": "family",
  "alpha_B": 0.25,
  "m_cal": 6329,
  "q_hat_leaf_B": 0.7068541049957275,
  "metrics": {
    "coverage": 0.8821484992101106,
    "set_size_mean": 0.9515007898894154,
    "set_size_median": 1.0,
    "empty_rate": 0.08167456556082149,
    "singleton_rate": 0.8851500789889416,
    "base_top1_acc": 0.9434439178515008,
    "top1_acc_non_empty": 0.9494237054876999,
    "hir": 0.0
  },
  "num_test_defined": 6330,
  "num_test_used": 6330,
  "class_labels": [
    "fam:Android",
    "fam:Linux",
    "fam:Windows",
    "fam:iOS",
    "fam:macOS"
  ]
}