{
  "level": "family",
  "alpha": 0.02,
  "m_k": 6329,
  "j": 6204,
  "quantile_step": 0.0001579778830963665,
  "q_hat": 0.9103361964225769,
  "metrics": {
    "coverage": 0.9788309636650869,
    "set_size_mean": 1.0985781990521326,
    "set_size_median": 1.0,
    "empty_rate": 0.0,
    "singleton_rate": 0.9093206951026856,
    "top1_acc_non_empty": 0.9543443917851501,
    "base_top1_acc": 0.9543443917851501,
    "hir": 0.42148499210110585
  },
  "num_test_defined": 6330,
  "num_test_used": 6330,
  "class_labels": [
    "fam:Android",
    "fam:Linux",
    "fam:Windows",
    "fam:iOS",
    "fam:macOS"
  ]
}