{
  "level": "family",
  "alpha_B": 0.5,
  "m_cal": 6329,
  "q_hat_leaf_B": 0.0643303394317627,
  "metrics": {
    "coverage": 0.49842022116903634,
    "set_size_mean": 0.5014218009478673,
    "set_size_median": 1.0,
    "empty_rate": 0.4985781990521327,
    "singleton_rate": 0.5014218009478673,
    "base_top1_acc": 0.9434439178515008,
    "top1_acc_non_empty": 0.9940138626339005,
    "hir": 0.0
  },
  "num_test_defined": 6330,
  "num_test_used": 6330,
  "class_labels": [
    "fam:Android",
    "fam:Linux",
    "fam:Windows",
    "fam:iOS",
    "fam:macOS"
  ]
}