{
  "level": "family",
  "alpha": 0.15,
  "m_k": 6329,
  "j": 5381,
  "quantile_step": 0.0001579778830963665,
  "q_hat": 0.08151358366012573,
  "metrics": {
    "coverage": 0.8475513428120063,
    "set_size_mean": 0.8563981042654029,
    "set_size_median": 1.0,
    "empty_rate": 0.14360189573459717,
    "singleton_rate": 0.8563981042654029,
    "top1_acc_non_empty": 0.9896698026194429,
    "base_top1_acc": 0.9557661927330173,
    "hir": 0.27851500789889416
  },
  "num_test_defined": 6330,
  "num_test_used": 6330,
  "class_labels": [
    "fam:Android",
    "fam:Linux",
    "fam:Windows",
    "fam:iOS",
    "fam:macOS"
  ]
}