{
  "level": "family",
  "alpha": 0.25,
  "m_k": 6329,
  "j": 4748,
  "quantile_step": 0.0001579778830963665,
  "q_hat": 0.008959591388702393,
  "metrics": {
    "coverage": 0.7454976303317535,
    "set_size_mean": 0.7483412322274882,
    "set_size_median": 1.0,
    "empty_rate": 0.25165876777251184,
    "singleton_rate": 0.7483412322274882,
    "top1_acc_non_empty": 0.9962001266624446,
    "base_top1_acc": 0.9524486571879937,
    "hir": 0.374565560821485
  },
  "num_test_defined": 6330,
  "num_test_used": 6330,
  "class_labels": [
    "fam:Android",
    "fam:Linux",
    "fam:Windows",
    "fam:iOS",
    "fam:macOS"
  ]
}