{
  "level": "family",
  "alpha": 0.25,
  "m_k": 6329,
  "j": 4748,
  "quantile_step": 0.0001579778830963665,
  "q_hat": 0.009666025638580322,
  "metrics": {
    "coverage": 0.7515007898894155,
    "set_size_mean": 0.7537124802527646,
    "set_size_median": 1.0,
    "empty_rate": 0.2462875197472354,
    "singleton_rate": 0.7537124802527646,
    "top1_acc_non_empty": 0.9970656046950325,
    "base_top1_acc": 0.9567140600315955,
    "hir": 0.3714060031595577
  },
  "num_test_defined": 6330,
  "num_test_used": 6330,
  "class_labels": [
    "fam:Android",
    "fam:Linux",
    "fam:Windows",
    "fam:iOS",
    "fam:macOS"
  ]
}