{
  "level": "family",
  "alpha": 0.5,
  "m_k": 6329,
  "j": 3165,
  "quantile_step": 0.0001579778830963665,
  "q_hat": 0.0002942681312561035,
  "metrics": {
    "coverage": 0.5101105845181675,
    "set_size_mean": 0.5102685624012638,
    "set_size_median": 1.0,
    "empty_rate": 0.48973143759873616,
    "singleton_rate": 0.5102685624012638,
    "top1_acc_non_empty": 0.9996904024767802,
    "base_top1_acc": 0.9557661927330173,
    "hir": 0.27282780410742496
  },
  "num_test_defined": 6330,
  "num_test_used": 6330,
  "class_labels": [
    "fam:Android",
    "fam:Linux",
    "fam:Windows",
    "fam:iOS",
    "fam:macOS"
  ]
}