{
  "level": "family",
  "alpha": 0.3,
  "m_k": 6329,
  "j": 4431,
  "quantile_step": 0.0001579778830963665,
  "q_hat": 0.0041258931159973145,
  "metrics": {
    "coverage": 0.7066350710900474,
    "set_size_mean": 0.708214849921011,
    "set_size_median": 1.0,
    "empty_rate": 0.2917851500789889,
    "singleton_rate": 0.708214849921011,
    "top1_acc_non_empty": 0.9977693508811064,
    "base_top1_acc": 0.9554502369668246,
    "hir": 0.36729857819905215
  },
  "num_test_defined": 6330,
  "num_test_used": 6330,
  "class_labels": [
    "fam:Android",
    "fam:Linux",
    "fam:Windows",
    "fam:iOS",
    "fam:macOS"
  ]
}