{
  "level": "family",
  "alpha": 0.3,
  "m_k": 6329,
  "j": 4431,
  "quantile_step": 0.0001579778830963665,
  "q_hat": 0.0037824511528015137,
  "metrics": {
    "coverage": 0.6979462875197472,
    "set_size_mean": 0.6995260663507109,
    "set_size_median": 1.0,
    "empty_rate": 0.3004739336492891,
    "singleton_rate": 0.6995260663507109,
    "top1_acc_non_empty": 0.9977416440831075,
    "base_top1_acc": 0.9546603475513428,
    "hir": 0.37330173775671405
  },
  "num_test_defined": 6330,
  "num_test_used": 6330,
  "class_labels": [
    "fam:Android",
    "fam:Linux",
    "fam:Windows",
    "fam:iOS",
    "fam:macOS"
  ]
}