{
  "level": "family",
  "alpha": 0.25,
  "m_k": 6329,
  "j": 4748,
  "quantile_step": 0.0001579778830963665,
  "q_hat": 0.009030401706695557,
  "metrics": {
    "coverage": 0.7464454976303317,
    "set_size_mean": 0.7497630331753554,
    "set_size_median": 1.0,
    "empty_rate": 0.2502369668246445,
    "singleton_rate": 0.7497630331753554,
    "top1_acc_non_empty": 0.995575221238938,
    "base_top1_acc": 0.9543443917851501,
    "hir": 0.36998420221169037
  },
  "num_test_defined": 6330,
  "num_test_used": 6330,
  "class_labels": [
    "fam:Android",
    "fam:Linux",
    "fam:Windows",
    "fam:iOS",
    "fam:macOS"
  ]
}