{
  "level": "family",
  "alpha": 0.1,
  "m_k": 6329,
  "j": 5697,
  "quantile_step": 0.0001579778830963665,
  "q_hat": 0.11922281980514526,
  "metrics": {
    "coverage": 0.8927330173775672,
    "set_size_mean": 0.9058451816745655,
    "set_size_median": 1.0,
    "empty_rate": 0.09415481832543444,
    "singleton_rate": 0.9058451816745655,
    "top1_acc_non_empty": 0.985524938960586,
    "base_top1_acc": 0.9540284360189574,
    "hir": 0.24091627172195892
  },
  "num_test_defined": 6330,
  "num_test_used": 6330,
  "class_labels": [
    "fam:Android",
    "fam:Linux",
    "fam:Windows",
    "fam:iOS",
    "fam:macOS"
  ]
}