{
  "level": "family",
  "alpha_B": 0.04,
  "m_cal": 6329,
  "q_hat_leaf_B": 0.9513100981712341,
  "metrics": {
    "coverage": 0.9835703001579779,
    "set_size_mean": 1.261611374407583,
    "set_size_median": 1.0,
    "empty_rate": 0.0,
    "singleton_rate": 0.7894154818325434,
    "base_top1_acc": 0.9417061611374408,
    "top1_acc_non_empty": 0.9417061611374408,
    "hir": 0.0
  },
  "num_test_defined": 6330,
  "num_test_used": 6330,
  "class_labels": [
    "fam:Android",
    "fam:Linux",
    "fam:Windows",
    "fam:iOS",
    "fam:macOS"
  ]
}