{
  "level": "family",
  "alpha_B": 0.3,
  "m_cal": 6329,
  "q_hat_leaf_B": 0.6184424757957458,
  "metrics": {
    "coverage": 0.7924170616113744,
    "set_size_mean": 0.8383886255924171,
    "set_size_median": 1.0,
    "empty_rate": 0.17582938388625594,
    "singleton_rate": 0.8099526066350711,
    "base_top1_acc": 0.9428120063191153,
    "top1_acc_non_empty": 0.9541882307839754,
    "hir": 0.0
  },
  "num_test_defined": 6330,
  "num_test_used": 6330,
  "class_labels": [
    "fam:Android",
    "fam:Linux",
    "fam:Windows",
    "fam:iOS",
    "fam:macOS"
  ]
}