{
  "level": "family",
  "alpha": 0.4,
  "m_k": 6329,
  "j": 3798,
  "quantile_step": 0.0001579778830963665,
  "q_hat": 0.0009300112724304199,
  "metrics": {
    "coverage": 0.5966824644549763,
    "set_size_mean": 0.5971563981042654,
    "set_size_median": 1.0,
    "empty_rate": 0.4028436018957346,
    "singleton_rate": 0.5971563981042654,
    "top1_acc_non_empty": 0.9992063492063492,
    "base_top1_acc": 0.9560821484992101,
    "hir": 0.24360189573459715
  },
  "num_test_defined": 6330,
  "num_test_used": 6330,
  "class_labels": [
    "fam:Android",
    "fam:Linux",
    "fam:Windows",
    "fam:iOS",
    "fam:macOS"
  ]
}