{
  "level": "family",
  "alpha": 0.3,
  "m_k": 6329,
  "j": 4431,
  "quantile_step": 0.0001579778830963665,
  "q_hat": 0.0037099123001098633,
  "metrics": {
    "coverage": 0.6965244865718799,
    "set_size_mean": 0.6981042654028436,
    "set_size_median": 1.0,
    "empty_rate": 0.3018957345971564,
    "singleton_rate": 0.6981042654028436,
    "top1_acc_non_empty": 0.9977370445802217,
    "base_top1_acc": 0.9570300157977883,
    "hir": 0.3706161137440758
  },
  "num_test_defined": 6330,
  "num_test_used": 6330,
  "class_labels": [
    "fam:Android",
    "fam:Linux",
    "fam:Windows",
    "fam:iOS",
    "fam:macOS"
  ]
}