{
  "level": "family",
  "alpha_LoUPCP": 0.5,
  "m_cal": 6329,
  "q_hat_leaf_LoUPCP": 0.06996655464172363,
  "metrics": {
    "coverage": 0.5090047393364929,
    "set_size_mean": 0.511216429699842,
    "set_size_median": 1.0,
    "empty_rate": 0.48878357030015795,
    "singleton_rate": 0.511216429699842,
    "base_top1_acc": 0.9447077409162717,
    "top1_acc_non_empty": 0.9956736711990112,
    "hir": 0.0
  },
  "num_test_defined": 6330,
  "num_test_used": 6330,
  "class_labels": [
    "fam:Android",
    "fam:Linux",
    "fam:Windows",
    "fam:iOS",
    "fam:macOS"
  ]
}