level,alpha,m_k,j,quantile_step,q_hat,num_test_defined,num_test_used
leaf,0.03,6329,6141,0.0001579778830963665,0.9688180685043335,6330,6330
