{
  "level": "family",
  "alpha_LoUPCP": 0.35,
  "m_cal": 6329,
  "q_hat_leaf_LoUPCP": 0.4899112582206726,
  "metrics": {
    "coverage": 0.7075829383886256,
    "set_size_mean": 0.7312796208530805,
    "set_size_median": 1.0,
    "empty_rate": 0.26872037914691943,
    "singleton_rate": 0.7312796208530805,
    "base_top1_acc": 0.9407582938388626,
    "top1_acc_non_empty": 0.9675955930006481,
    "hir": 0.0
  },
  "num_test_defined": 6330,
  "num_test_used": 6330,
  "class_labels": [
    "fam:Android",
    "fam:Linux",
    "fam:Windows",
    "fam:iOS",
    "fam:macOS"
  ]
}