{
  "level": "family",
  "alpha": 0.01,
  "m_k": 6329,
  "j": 6267,
  "quantile_step": 0.0001579778830963665,
  "q_hat": 0.9449997544288635,
  "metrics": {
    "coverage": 0.9867298578199052,
    "set_size_mean": 1.1990521327014219,
    "set_size_median": 1.0,
    "empty_rate": 0.0,
    "singleton_rate": 0.8334913112164297,
    "top1_acc_non_empty": 0.953870458135861,
    "base_top1_acc": 0.953870458135861,
    "hir": 0.512954186413902
  },
  "num_test_defined": 6330,
  "num_test_used": 6330,
  "class_labels": [
    "fam:Android",
    "fam:Linux",
    "fam:Windows",
    "fam:iOS",
    "fam:macOS"
  ]
}