{
  "level": "family",
  "alpha": 0.075,
  "m_k": 6329,
  "j": 5856,
  "quantile_step": 0.0001579778830963665,
  "q_hat": 0.20817923545837402,
  "metrics": {
    "coverage": 0.9309636650868879,
    "set_size_mean": 0.9527646129541865,
    "set_size_median": 1.0,
    "empty_rate": 0.047235387045813586,
    "singleton_rate": 0.9527646129541865,
    "top1_acc_non_empty": 0.9771182225169955,
    "base_top1_acc": 0.957345971563981,
    "hir": 0.2486571879936809
  },
  "num_test_defined": 6330,
  "num_test_used": 6330,
  "class_labels": [
    "fam:Android",
    "fam:Linux",
    "fam:Windows",
    "fam:iOS",
    "fam:macOS"
  ]
}