{
  "level": "family",
  "alpha_LoUPCP": 0.35,
  "m_cal": 6329,
  "q_hat_leaf_LoUPCP": 0.49725478887557983,
  "metrics": {
    "coverage": 0.7126382306477094,
    "set_size_mean": 0.7364928909952607,
    "set_size_median": 1.0,
    "empty_rate": 0.26350710900473934,
    "singleton_rate": 0.7364928909952607,
    "base_top1_acc": 0.9428120063191153,
    "top1_acc_non_empty": 0.9676104676104677,
    "hir": 0.0
  },
  "num_test_defined": 6330,
  "num_test_used": 6330,
  "class_labels": [
    "fam:Android",
    "fam:Linux",
    "fam:Windows",
    "fam:iOS",
    "fam:macOS"
  ]
}