{
  "level": "family",
  "alpha_LoUPCP": 0.15,
  "m_cal": 6329,
  "q_hat_leaf_LoUPCP": 0.7817790508270264,
  "metrics": {
    "coverage": 0.9499210110584518,
    "set_size_mean": 1.0358609794628753,
    "set_size_median": 1.0,
    "empty_rate": 0.010110584518167456,
    "singleton_rate": 0.9439178515007899,
    "base_top1_acc": 0.9382306477093207,
    "top1_acc_non_empty": 0.942227896584743,
    "hir": 0.0
  },
  "num_test_defined": 6330,
  "num_test_used": 6330,
  "class_labels": [
    "fam:Android",
    "fam:Linux",
    "fam:Windows",
    "fam:iOS",
    "fam:macOS"
  ]
}