{
  "level": "family",
  "alpha_B": 0.01,
  "m_cal": 6329,
  "q_hat_leaf_B": 0.9955558776855469,
  "metrics": {
    "coverage": 0.996998420221169,
    "set_size_mean": 1.6617693522906793,
    "set_size_median": 1.0,
    "empty_rate": 0.0,
    "singleton_rate": 0.5507109004739337,
    "base_top1_acc": 0.9464454976303317,
    "top1_acc_non_empty": 0.9464454976303317,
    "hir": 0.0
  },
  "num_test_defined": 6330,
  "num_test_used": 6330,
  "class_labels": [
    "fam:Android",
    "fam:Linux",
    "fam:Windows",
    "fam:iOS",
    "fam:macOS"
  ]
}