{
  "level": "family",
  "alpha": 0.075,
  "m_k": 6329,
  "j": 5856,
  "quantile_step": 0.0001579778830963665,
  "q_hat": 0.2085912823677063,
  "metrics": {
    "coverage": 0.9317535545023696,
    "set_size_mean": 0.9522906793048973,
    "set_size_median": 1.0,
    "empty_rate": 0.04770932069510268,
    "singleton_rate": 0.9522906793048973,
    "top1_acc_non_empty": 0.9784339747843398,
    "base_top1_acc": 0.957345971563981,
    "hir": 0.2368088467614534
  },
  "num_test_defined": 6330,
  "num_test_used": 6330,
  "class_labels": [
    "fam:Android",
    "fam:Linux",
    "fam:Windows",
    "fam:iOS",
    "fam:macOS"
  ]
}