{
  "level": "family",
  "alpha": 0.02,
  "m_k": 6329,
  "j": 6204,
  "quantile_step": 0.0001579778830963665,
  "q_hat": 0.9143019914627075,
  "metrics": {
    "coverage": 0.9813586097946287,
    "set_size_mean": 1.119747235387046,
    "set_size_median": 1.0,
    "empty_rate": 0.0,
    "singleton_rate": 0.8919431279620853,
    "top1_acc_non_empty": 0.9540284360189574,
    "base_top1_acc": 0.9540284360189574,
    "hir": 0.395260663507109
  },
  "num_test_defined": 6330,
  "num_test_used": 6330,
  "class_labels": [
    "fam:Android",
    "fam:Linux",
    "fam:Windows",
    "fam:iOS",
    "fam:macOS"
  ]
}