{
  "level": "family",
  "alpha_LoUPCP": 0.45,
  "m_cal": 6329,
  "q_hat_leaf_LoUPCP": 0.17544764280319214,
  "metrics": {
    "coverage": 0.5641390205371248,
    "set_size_mean": 0.5685624012638231,
    "set_size_median": 1.0,
    "empty_rate": 0.43143759873617693,
    "singleton_rate": 0.5685624012638231,
    "base_top1_acc": 0.9447077409162717,
    "top1_acc_non_empty": 0.9922200611280911,
    "hir": 0.0
  },
  "num_test_defined": 6330,
  "num_test_used": 6330,
  "class_labels": [
    "fam:Android",
    "fam:Linux",
    "fam:Windows",
    "fam:iOS",
    "fam:macOS"
  ]
}