{
  "level": "family",
  "alpha_B": 0.04,
  "m_cal": 6329,
  "q_hat_leaf_B": 0.9487273097038269,
  "metrics": {
    "coverage": 0.9832543443917852,
    "set_size_mean": 1.24913112164297,
    "set_size_median": 1.0,
    "empty_rate": 0.0,
    "singleton_rate": 0.7933649289099526,
    "base_top1_acc": 0.9393364928909953,
    "top1_acc_non_empty": 0.9393364928909953,
    "hir": 0.0
  },
  "num_test_defined": 6330,
  "num_test_used": 6330,
  "class_labels": [
    "fam:Android",
    "fam:Linux",
    "fam:Windows",
    "fam:iOS",
    "fam:macOS"
  ]
}