{
  "level": "family",
  "alpha": 0.5,
  "m_k": 6329,
  "j": 3165,
  "quantile_step": 0.0001579778830963665,
  "q_hat": 0.0002593398094177246,
  "metrics": {
    "coverage": 0.49541864139020536,
    "set_size_mean": 0.4955766192733017,
    "set_size_median": 0.0,
    "empty_rate": 0.5044233807266982,
    "singleton_rate": 0.4955766192733017,
    "top1_acc_non_empty": 0.999681224099458,
    "base_top1_acc": 0.957345971563981,
    "hir": 0.27535545023696684
  },
  "num_test_defined": 6330,
  "num_test_used": 6330,
  "class_labels": [
    "fam:Android",
    "fam:Linux",
    "fam:Windows",
    "fam:iOS",
    "fam:macOS"
  ]
}