{
  "level": "family",
  "alpha": 0.02,
  "m_k": 6329,
  "j": 6204,
  "quantile_step": 0.0001579778830963665,
  "q_hat": 0.9120247960090637,
  "metrics": {
    "coverage": 0.9800947867298578,
    "set_size_mean": 1.1037914691943127,
    "set_size_median": 1.0,
    "empty_rate": 0.0,
    "singleton_rate": 0.9056872037914692,
    "top1_acc_non_empty": 0.9554502369668246,
    "base_top1_acc": 0.9554502369668246,
    "hir": 0.4003159557661927
  },
  "num_test_defined": 6330,
  "num_test_used": 6330,
  "class_labels": [
    "fam:Android",
    "fam:Linux",
    "fam:Windows",
    "fam:iOS",
    "fam:macOS"
  ]
}