{
  "level": "family",
  "alpha": 0.5,
  "m_k": 6329,
  "j": 3165,
  "quantile_step": 0.0001579778830963665,
  "q_hat": 0.00026410818099975586,
  "metrics": {
    "coverage": 0.49936808846761455,
    "set_size_mean": 0.49968404423380725,
    "set_size_median": 0.0,
    "empty_rate": 0.5003159557661927,
    "singleton_rate": 0.49968404423380725,
    "top1_acc_non_empty": 0.9993676889029403,
    "base_top1_acc": 0.9581358609794629,
    "hir": 0.27282780410742496
  },
  "num_test_defined": 6330,
  "num_test_used": 6330,
  "class_labels": [
    "fam:Android",
    "fam:Linux",
    "fam:Windows",
    "fam:iOS",
    "fam:macOS"
  ]
}