{
  "level": "family",
  "alpha_SCP": 0.1,
  "tau": 0.595959595959596,
  "m": 1000,
  "calibration_info": {
    "tau": 0.595959595959596,
    "coverage": 0.901722231000158,
    "target_coverage": 0.9,
    "n_cal": 6329
  },
  "metrics": {
    "coverage": 0.8909952606635071,
    "set_size_mean": 1.7605055292259084,
    "set_size_median": 2.0,
    "empty_rate": 0.0,
    "singleton_rate": 0.3078988941548183,
    "base_top1_acc": 0.9428120063191153,
    "top1_acc_non_empty": 0.8480252764612954,
    "hir": 0.0
  },
  "num_test_defined": 6330,
  "num_test_used": 6330,
  "class_labels": [
    "fam:Android",
    "fam:Linux",
    "fam:Windows",
    "fam:iOS",
    "fam:macOS"
  ]
}