{
  "level": "family",
  "alpha": 0.05,
  "m_k": 6329,
  "j": 6014,
  "quantile_step": 0.0001579778830963665,
  "q_hat": 0.3785707354545593,
  "metrics": {
    "coverage": 0.9481832543443918,
    "set_size_mean": 0.9821484992101106,
    "set_size_median": 1.0,
    "empty_rate": 0.017851500789889417,
    "singleton_rate": 0.9821484992101106,
    "top1_acc_non_empty": 0.9654174038925527,
    "base_top1_acc": 0.9551342812006319,
    "hir": 0.3018957345971564
  },
  "num_test_defined": 6330,
  "num_test_used": 6330,
  "class_labels": [
    "fam:Android",
    "fam:Linux",
    "fam:Windows",
    "fam:iOS",
    "fam:macOS"
  ]
}