{
  "level": "family",
  "alpha_B": 0.45,
  "m_cal": 6329,
  "q_hat_leaf_B": 0.15880590677261353,
  "metrics": {
    "coverage": 0.5565560821484992,
    "set_size_mean": 0.5606635071090047,
    "set_size_median": 1.0,
    "empty_rate": 0.43933649289099524,
    "singleton_rate": 0.5606635071090047,
    "base_top1_acc": 0.9448657187993681,
    "top1_acc_non_empty": 0.9926739926739927,
    "hir": 0.0
  },
  "num_test_defined": 6330,
  "num_test_used": 6330,
  "class_labels": [
    "fam:Android",
    "fam:Linux",
    "fam:Windows",
    "fam:iOS",
    "fam:macOS"
  ]
}