{
  "level": "family",
  "alpha": 0.45,
  "m_k": 6329,
  "j": 3482,
  "quantile_step": 0.0001579778830963665,
  "q_hat": 0.0004788637161254883,
  "metrics": {
    "coverage": 0.5510268562401264,
    "set_size_mean": 0.5513428120063191,
    "set_size_median": 1.0,
    "empty_rate": 0.4486571879936809,
    "singleton_rate": 0.5513428120063191,
    "top1_acc_non_empty": 0.9994269340974212,
    "base_top1_acc": 0.9554502369668246,
    "hir": 0.2315955766192733
  },
  "num_test_defined": 6330,
  "num_test_used": 6330,
  "class_labels": [
    "fam:Android",
    "fam:Linux",
    "fam:Windows",
    "fam:iOS",
    "fam:macOS"
  ]
}