{
  "level": "family",
  "alpha": 0.1,
  "m_k": 6329,
  "j": 5697,
  "quantile_step": 0.0001579778830963665,
  "q_hat": 0.12704497575759888,
  "metrics": {
    "coverage": 0.8979462875197473,
    "set_size_mean": 0.9120063191153238,
    "set_size_median": 1.0,
    "empty_rate": 0.08799368088467614,
    "singleton_rate": 0.9120063191153238,
    "top1_acc_non_empty": 0.9845834055084012,
    "base_top1_acc": 0.9551342812006319,
    "hir": 0.2353870458135861
  },
  "num_test_defined": 6330,
  "num_test_used": 6330,
  "class_labels": [
    "fam:Android",
    "fam:Linux",
    "fam:Windows",
    "fam:iOS",
    "fam:macOS"
  ]
}