{
  "level": "family",
  "alpha": 0.4,
  "m_k": 6329,
  "j": 3798,
  "quantile_step": 0.0001579778830963665,
  "q_hat": 0.000905156135559082,
  "metrics": {
    "coverage": 0.593996840442338,
    "set_size_mean": 0.5949447077409162,
    "set_size_median": 1.0,
    "empty_rate": 0.4050552922590837,
    "singleton_rate": 0.5949447077409162,
    "top1_acc_non_empty": 0.9984067976633032,
    "base_top1_acc": 0.9546603475513428,
    "hir": 0.24423380726698263
  },
  "num_test_defined": 6330,
  "num_test_used": 6330,
  "class_labels": [
    "fam:Android",
    "fam:Linux",
    "fam:Windows",
    "fam:iOS",
    "fam:macOS"
  ]
}