{
  "level": "family",
  "alpha": 0.05,
  "m_k": 6329,
  "j": 6014,
  "quantile_step": 0.0001579778830963665,
  "q_hat": 0.39894527196884155,
  "metrics": {
    "coverage": 0.95086887835703,
    "set_size_mean": 0.9879936808846761,
    "set_size_median": 1.0,
    "empty_rate": 0.012006319115323854,
    "singleton_rate": 0.9879936808846761,
    "top1_acc_non_empty": 0.9624240486088903,
    "base_top1_acc": 0.955608214849921,
    "hir": 0.33475513428120063
  },
  "num_test_defined": 6330,
  "num_test_used": 6330,
  "class_labels": [
    "fam:Android",
    "fam:Linux",
    "fam:Windows",
    "fam:iOS",
    "fam:macOS"
  ]
}