{
  "level": "family",
  "alpha_B": 0.2,
  "m_cal": 6329,
  "q_hat_leaf_B": 0.7674336433410645,
  "metrics": {
    "coverage": 0.9415481832543444,
    "set_size_mean": 1.0194312796208531,
    "set_size_median": 1.0,
    "empty_rate": 0.021011058451816746,
    "singleton_rate": 0.9385466034755134,
    "base_top1_acc": 0.9434439178515008,
    "top1_acc_non_empty": 0.9461029530417944,
    "hir": 0.0
  },
  "num_test_defined": 6330,
  "num_test_used": 6330,
  "class_labels": [
    "fam:Android",
    "fam:Linux",
    "fam:Windows",
    "fam:iOS",
    "fam:macOS"
  ]
}