coverage_mean,coverage_std,set_size_mean_mean,set_size_mean_std,set_size_median_mean,set_size_median_std,empty_rate_mean,empty_rate_std,singleton_rate_mean,singleton_rate_std,top1_acc_non_empty_mean,top1_acc_non_empty_std,base_top1_acc_mean,base_top1_acc_std,hir_mean,hir_std
0.7997788309636649,0.006454513101421546,1.184897314375987,0.014733756260525564,1.0,0.0,0.024612954186413398,0.004973669655896886,0.7713112164296996,0.004044048672697928,0.7378383138663314,0.0021321583026928507,0.7246129541864135,0.0038751301717744593,,
