coverage_mean,coverage_std,set_size_mean_mean,set_size_mean_std,set_size_median_mean,set_size_median_std,empty_rate_mean,empty_rate_std,singleton_rate_mean,singleton_rate_std,top1_acc_non_empty_mean,top1_acc_non_empty_std,base_top1_acc_mean,base_top1_acc_std,hir_mean,hir_std
0.8007582938388623,0.005115898553526822,0.8056872037914689,0.005054057906175965,1.0,0.0,0.1943127962085302,0.00505405790617597,0.8056872037914689,0.005054057906175965,0.9938820133042799,0.0007666837468483207,0.9558609794628747,0.0018239434309476213,0.3342180094786726,0.004891705497252196
