coverage_mean,coverage_std,set_size_mean_mean,set_size_mean_std,set_size_median_mean,set_size_median_std,empty_rate_mean,empty_rate_std,singleton_rate_mean,singleton_rate_std,top1_acc_non_empty_mean,top1_acc_non_empty_std,base_top1_acc_mean,base_top1_acc_std,hir_mean,hir_std
0.7976935229067925,0.008747182746614034,0.8688467614533961,0.011640836980219713,1.0,0.0,0.131153238546603,0.01164083698021972,0.8688467614533961,0.011640836980219713,0.918131635739749,0.002821081376374576,0.8436966824644546,0.0035756785392201036,,
