coverage,set_size_mean,set_size_median,empty_rate,singleton_rate,top1_acc_non_empty,base_top1_acc,hir,level,alpha,run
0.805055292259083,0.8770932069510261,1.0,0.122906793048973,0.8770932069510261,0.9178674351585011,0.8475513428120061,,major,0.2,1
0.784834123222748,0.8502369668246441,1.0,0.149763033175355,0.8502369668246441,0.923076923076923,0.839652448657188,,major,0.2,2
0.796524486571879,0.869036334913112,1.0,0.130963665086887,0.869036334913112,0.916560625340847,0.842969984202211,,major,0.2,3
0.8066350710900471,0.8800947867298571,1.0,0.119905213270142,0.8800947867298571,0.9165320409262251,0.847235387045813,,major,0.2,4
0.795418641390205,0.867772511848341,1.0,0.13222748815165802,0.867772511848341,0.9166211541962491,0.8410742496050551,,major,0.2,5
