coverage,set_size_mean,set_size_median,empty_rate,singleton_rate,top1_acc_non_empty,base_top1_acc,hir,level,alpha,run
0.7949447077409161,0.7995260663507101,1.0,0.200473933649289,0.7995260663507101,0.994269907132977,0.957187993680884,0.337282780410742,family,0.2,1
0.7984202211690361,0.803159557661927,1.0,0.19684044233807202,0.803159557661927,0.9940991345397321,0.9546603475513421,0.33981042654028404,family,0.2,2
0.806161137440758,0.8113744075829381,1.0,0.188625592417061,0.8113744075829381,0.9935747663551401,0.957345971563981,0.32685624012638204,family,0.2,3
0.806161137440758,0.81042654028436,1.0,0.18957345971563902,0.81042654028436,0.994736842105263,0.9568720379146921,0.333649289099526,family,0.2,4
0.7981042654028431,0.803949447077409,1.0,0.19605055292259002,0.803949447077409,0.992729416388288,0.9532385466034751,0.333491311216429,family,0.2,5
