coverage,set_size_mean,set_size_median,empty_rate,singleton_rate,top1_acc_non_empty,base_top1_acc,hir,level,alpha,run
0.8047393364928911,1.193522906793049,1.0,0.021484992101105,0.7701421800947861,0.7402324830481111,0.72780410742496,,leaf,0.2,1
