coverage,set_size_mean,set_size_median,empty_rate,singleton_rate,top1_acc_non_empty,base_top1_acc,hir,level,alpha,run
0.8047393364928911,1.193522906793049,1.0,0.021484992101105,0.7701421800947861,0.7402324830481111,0.72780410742496,,leaf,0.2,1
0.7897314375987361,1.161927330173775,1.0,0.03301737756714,0.775039494470774,0.7353373631759511,0.7184834123222741,,leaf,0.2,2
0.8014218009478671,1.195260663507109,1.0,0.021169036334913002,0.768720379146919,0.7367656552614591,0.7251184834123221,,leaf,0.2,3
0.8055292259083721,1.195576619273301,1.0,0.022116903633491003,0.766666666666666,0.7399030694668821,0.7279620853080561,,leaf,0.2,4
0.7974723538704581,1.178199052132701,1.0,0.025276461295418003,0.775987361769352,0.7369529983792541,0.7236966824644551,,leaf,0.2,5
