coverage,set_size_mean,set_size_median,empty_rate,singleton_rate,top1_acc_non_empty,base_top1_acc,hir,level,alpha,run
0.805055292259083,0.8770932069510261,1.0,0.122906793048973,0.8770932069510261,0.9178674351585011,0.8475513428120061,,major,0.2,1
