coverage,set_size_mean,set_size_median,empty_rate,singleton_rate,top1_acc_non_empty,base_top1_acc,hir,level,alpha,run
0.7949447077409161,0.7995260663507101,1.0,0.200473933649289,0.7995260663507101,0.994269907132977,0.957187993680884,0.337282780410742,family,0.2,1
