{
  "level": "family",
  "alpha": 0.01,
  "m_k": 6329,
  "j": 6267,
  "quantile_step": 0.0001579778830963665,
  "q_hat": 0.9523134231567383,
  "metrics": {
    "coverage": 0.9897314375987362,
    "set_size_mean": 1.2251184834123223,
    "set_size_median": 1.0,
    "empty_rate": 0.0,
    "singleton_rate": 0.8192733017377567,
    "top1_acc_non_empty": 0.955608214849921,
    "base_top1_acc": 0.955608214849921,
    "hir": 0.5338072669826225
  },
  "num_test_defined": 6330,
  "num_test_used": 6330,
  "class_labels": [
    "fam:Android",
    "fam:Linux",
    "fam:Windows",
    "fam:iOS",
    "fam:macOS"
  ]
}