{
  "level": "family",
  "alpha_B": 0.3,
  "m_cal": 6329,
  "q_hat_leaf_B": 0.6218039989471436,
  "metrics": {
    "coverage": 0.7914691943127962,
    "set_size_mean": 0.8371248025276461,
    "set_size_median": 1.0,
    "empty_rate": 0.1774091627172196,
    "singleton_rate": 0.8080568720379147,
    "base_top1_acc": 0.9451816745655608,
    "top1_acc_non_empty": 0.955636642980603,
    "hir": 0.0
  },
  "num_test_defined": 6330,
  "num_test_used": 6330,
  "class_labels": [
    "fam:Android",
    "fam:Linux",
    "fam:Windows",
    "fam:iOS",
    "fam:macOS"
  ]
}