{
  "level": "family",
  "alpha_LoUPCP": 0.15,
  "m_cal": 6329,
  "q_hat_leaf_LoUPCP": 0.7837523818016052,
  "metrics": {
    "coverage": 0.9554502369668246,
    "set_size_mean": 1.039652448657188,
    "set_size_median": 1.0,
    "empty_rate": 0.007740916271721959,
    "singleton_rate": 0.9448657187993681,
    "base_top1_acc": 0.944391785150079,
    "top1_acc_non_empty": 0.9466645438624423,
    "hir": 0.0
  },
  "num_test_defined": 6330,
  "num_test_used": 6330,
  "class_labels": [
    "fam:Android",
    "fam:Linux",
    "fam:Windows",
    "fam:iOS",
    "fam:macOS"
  ]
}