{
  "level": "family",
  "alpha": 0.35,
  "m_k": 6329,
  "j": 4115,
  "quantile_step": 0.0001579778830963665,
  "q_hat": 0.0020871758460998535,
  "metrics": {
    "coverage": 0.6537124802527646,
    "set_size_mean": 0.6549763033175355,
    "set_size_median": 1.0,
    "empty_rate": 0.34502369668246446,
    "singleton_rate": 0.6549763033175355,
    "top1_acc_non_empty": 0.9980704293294742,
    "base_top1_acc": 0.9551342812006319,
    "hir": 0.2921011058451817
  },
  "num_test_defined": 6330,
  "num_test_used": 6330,
  "class_labels": [
    "fam:Android",
    "fam:Linux",
    "fam:Windows",
    "fam:iOS",
    "fam:macOS"
  ]
}