level,alpha,m_k,j,quantile_step,q_hat,num_test_defined,num_test_used
leaf,0.02,6329,6204,0.0001579778830963665,0.9830609560012817,6330,6330
