{
  "level": "family",
  "alpha": 0.3,
  "m_k": 6329,
  "j": 4431,
  "quantile_step": 0.0001579778830963665,
  "q_hat": 0.004048347473144531,
  "metrics": {
    "coverage": 0.704265402843602,
    "set_size_mean": 0.7063191153238546,
    "set_size_median": 1.0,
    "empty_rate": 0.29368088467614534,
    "singleton_rate": 0.7063191153238546,
    "top1_acc_non_empty": 0.9970923730709014,
    "base_top1_acc": 0.9545023696682464,
    "hir": 0.3726698262243286
  },
  "num_test_defined": 6330,
  "num_test_used": 6330,
  "class_labels": [
    "fam:Android",
    "fam:Linux",
    "fam:Windows",
    "fam:iOS",
    "fam:macOS"
  ]
}