{
  "level": "family",
  "alpha_B": 0.03,
  "m_cal": 6329,
  "q_hat_leaf_B": 0.9742105007171631,
  "metrics": {
    "coverage": 0.9921011058451816,
    "set_size_mean": 1.3270142180094786,
    "set_size_median": 1.0,
    "empty_rate": 0.0,
    "singleton_rate": 0.7458135860979462,
    "base_top1_acc": 0.9447077409162717,
    "top1_acc_non_empty": 0.9447077409162717,
    "hir": 0.0
  },
  "num_test_defined": 6330,
  "num_test_used": 6330,
  "class_labels": [
    "fam:Android",
    "fam:Linux",
    "fam:Windows",
    "fam:iOS",
    "fam:macOS"
  ]
}