{
  "level": "family",
  "alpha_LoUPCP": 0.5,
  "m_cal": 6329,
  "q_hat_leaf_LoUPCP": 0.06582087278366089,
  "metrics": {
    "coverage": 0.4985781990521327,
    "set_size_mean": 0.5009478672985782,
    "set_size_median": 1.0,
    "empty_rate": 0.4990521327014218,
    "singleton_rate": 0.5009478672985782,
    "base_top1_acc": 0.9470774091627172,
    "top1_acc_non_empty": 0.9952696310312205,
    "hir": 0.0
  },
  "num_test_defined": 6330,
  "num_test_used": 6330,
  "class_labels": [
    "fam:Android",
    "fam:Linux",
    "fam:Windows",
    "fam:iOS",
    "fam:macOS"
  ]
}