{
  "level": "family",
  "alpha_B": 0.15,
  "m_cal": 6329,
  "q_hat_leaf_B": 0.7790663838386536,
  "metrics": {
    "coverage": 0.9477093206951027,
    "set_size_mean": 1.0306477093206952,
    "set_size_median": 1.0,
    "empty_rate": 0.012322274881516588,
    "singleton_rate": 0.9447077409162717,
    "base_top1_acc": 0.9406003159557662,
    "top1_acc_non_empty": 0.9448176583493282,
    "hir": 0.0
  },
  "num_test_defined": 6330,
  "num_test_used": 6330,
  "class_labels": [
    "fam:Android",
    "fam:Linux",
    "fam:Windows",
    "fam:iOS",
    "fam:macOS"
  ]
}