{
  "level": "family",
  "alpha": 0.3,
  "m_k": 6329,
  "j": 4431,
  "quantile_step": 0.0001579778830963665,
  "q_hat": 0.004237234592437744,
  "metrics": {
    "coverage": 0.709478672985782,
    "set_size_mean": 0.7120063191153239,
    "set_size_median": 1.0,
    "empty_rate": 0.28799368088467614,
    "singleton_rate": 0.7120063191153239,
    "top1_acc_non_empty": 0.996449966718438,
    "base_top1_acc": 0.9587677725118483,
    "hir": 0.3788309636650869
  },
  "num_test_defined": 6330,
  "num_test_used": 6330,
  "class_labels": [
    "fam:Android",
    "fam:Linux",
    "fam:Windows",
    "fam:iOS",
    "fam:macOS"
  ]
}