{
  "level": "family",
  "alpha_B": 0.3,
  "m_cal": 6329,
  "q_hat_leaf_B": 0.6317288875579834,
  "metrics": {
    "coverage": 0.7995260663507109,
    "set_size_mean": 0.8424960505529225,
    "set_size_median": 1.0,
    "empty_rate": 0.1721958925750395,
    "singleton_rate": 0.8131121642969984,
    "base_top1_acc": 0.9464454976303317,
    "top1_acc_non_empty": 0.9595419847328245,
    "hir": 0.0
  },
  "num_test_defined": 6330,
  "num_test_used": 6330,
  "class_labels": [
    "fam:Android",
    "fam:Linux",
    "fam:Windows",
    "fam:iOS",
    "fam:macOS"
  ]
}