{
  "level": "family",
  "alpha": 0.4,
  "m_k": 6329,
  "j": 3798,
  "quantile_step": 0.0001579778830963665,
  "q_hat": 0.0009634494781494141,
  "metrics": {
    "coverage": 0.6012638230647709,
    "set_size_mean": 0.6014218009478673,
    "set_size_median": 1.0,
    "empty_rate": 0.3985781990521327,
    "singleton_rate": 0.6014218009478673,
    "top1_acc_non_empty": 0.9997373259784608,
    "base_top1_acc": 0.9567140600315955,
    "hir": 0.23949447077409164
  },
  "num_test_defined": 6330,
  "num_test_used": 6330,
  "class_labels": [
    "fam:Android",
    "fam:Linux",
    "fam:Windows",
    "fam:iOS",
    "fam:macOS"
  ]
}