{
  "level": "family",
  "alpha": 0.05,
  "m_k": 6329,
  "j": 6014,
  "quantile_step": 0.0001579778830963665,
  "q_hat": 0.39894527196884155,
  "metrics": {
    "coverage": 0.95086887835703,
    "set_size_mean": 0.9867298578199052,
    "set_size_median": 1.0,
    "empty_rate": 0.013270142180094787,
    "singleton_rate": 0.9867298578199052,
    "top1_acc_non_empty": 0.9636567403138009,
    "base_top1_acc": 0.9554502369668246,
    "hir": 0.29241706161137443
  },
  "num_test_defined": 6330,
  "num_test_used": 6330,
  "class_labels": [
    "fam:Android",
    "fam:Linux",
    "fam:Windows",
    "fam:iOS",
    "fam:macOS"
  ]
}