{
  "level": "family",
  "alpha": 0.02,
  "m_k": 6329,
  "j": 6204,
  "quantile_step": 0.0001579778830963665,
  "q_hat": 0.9002596139907837,
  "metrics": {
    "coverage": 0.976303317535545,
    "set_size_mean": 1.089257503949447,
    "set_size_median": 1.0,
    "empty_rate": 0.0,
    "singleton_rate": 0.9176935229067931,
    "top1_acc_non_empty": 0.9519747235387046,
    "base_top1_acc": 0.9519747235387046,
    "hir": 0.385781990521327
  },
  "num_test_defined": 6330,
  "num_test_used": 6330,
  "class_labels": [
    "fam:Android",
    "fam:Linux",
    "fam:Windows",
    "fam:iOS",
    "fam:macOS"
  ]
}