{
  "level": "family",
  "alpha_LoUPCP": 0.2,
  "m_cal": 6329,
  "q_hat_leaf_LoUPCP": 0.764785647392273,
  "metrics": {
    "coverage": 0.9383886255924171,
    "set_size_mean": 1.0169036334913113,
    "set_size_median": 1.0,
    "empty_rate": 0.023222748815165877,
    "singleton_rate": 0.936650868878357,
    "base_top1_acc": 0.9434439178515008,
    "top1_acc_non_empty": 0.9469513181303574,
    "hir": 0.0
  },
  "num_test_defined": 6330,
  "num_test_used": 6330,
  "class_labels": [
    "fam:Android",
    "fam:Linux",
    "fam:Windows",
    "fam:iOS",
    "fam:macOS"
  ]
}