{
  "level": "family",
  "alpha": 0.1,
  "m_k": 6329,
  "j": 5697,
  "quantile_step": 0.0001579778830963665,
  "q_hat": 0.13508820533752441,
  "metrics": {
    "coverage": 0.9077409162717219,
    "set_size_mean": 0.9238546603475514,
    "set_size_median": 1.0,
    "empty_rate": 0.07614533965244866,
    "singleton_rate": 0.9238546603475514,
    "top1_acc_non_empty": 0.9825581395348837,
    "base_top1_acc": 0.9559241706161138,
    "hir": 0.2358609794628752
  },
  "num_test_defined": 6330,
  "num_test_used": 6330,
  "class_labels": [
    "fam:Android",
    "fam:Linux",
    "fam:Windows",
    "fam:iOS",
    "fam:macOS"
  ]
}