{
  "level": "family",
  "alpha": 0.45,
  "m_k": 6329,
  "j": 3482,
  "quantile_step": 0.0001579778830963665,
  "q_hat": 0.00047600269317626953,
  "metrics": {
    "coverage": 0.5497630331753555,
    "set_size_mean": 0.5502369668246445,
    "set_size_median": 1.0,
    "empty_rate": 0.44976303317535543,
    "singleton_rate": 0.5502369668246445,
    "top1_acc_non_empty": 0.9991386735572783,
    "base_top1_acc": 0.9575039494470774,
    "hir": 0.23080568720379147
  },
  "num_test_defined": 6330,
  "num_test_used": 6330,
  "class_labels": [
    "fam:Android",
    "fam:Linux",
    "fam:Windows",
    "fam:iOS",
    "fam:macOS"
  ]
}