{
  "level": "family",
  "alpha": 0.35,
  "m_k": 6329,
  "j": 4115,
  "quantile_step": 0.0001579778830963665,
  "q_hat": 0.0021325349807739258,
  "metrics": {
    "coverage": 0.6565560821484993,
    "set_size_mean": 0.6582938388625592,
    "set_size_median": 1.0,
    "empty_rate": 0.34170616113744073,
    "singleton_rate": 0.6582938388625592,
    "top1_acc_non_empty": 0.9973602111831054,
    "base_top1_acc": 0.9532385466034755,
    "hir": 0.2772511848341232
  },
  "num_test_defined": 6330,
  "num_test_used": 6330,
  "class_labels": [
    "fam:Android",
    "fam:Linux",
    "fam:Windows",
    "fam:iOS",
    "fam:macOS"
  ]
}