{
  "level": "family",
  "alpha": 0.3,
  "m_k": 6329,
  "j": 4431,
  "quantile_step": 0.0001579778830963665,
  "q_hat": 0.003591597080230713,
  "metrics": {
    "coverage": 0.6911532385466035,
    "set_size_mean": 0.6930489731437599,
    "set_size_median": 1.0,
    "empty_rate": 0.30695102685624015,
    "singleton_rate": 0.6930489731437599,
    "top1_acc_non_empty": 0.9972646455436517,
    "base_top1_acc": 0.9552922590837283,
    "hir": 0.381042654028436
  },
  "num_test_defined": 6330,
  "num_test_used": 6330,
  "class_labels": [
    "fam:Android",
    "fam:Linux",
    "fam:Windows",
    "fam:iOS",
    "fam:macOS"
  ]
}