{
  "level": "family",
  "alpha": 0.25,
  "m_k": 6329,
  "j": 4748,
  "quantile_step": 0.0001579778830963665,
  "q_hat": 0.008820712566375732,
  "metrics": {
    "coverage": 0.7445497630331753,
    "set_size_mean": 0.747867298578199,
    "set_size_median": 1.0,
    "empty_rate": 0.25213270142180094,
    "singleton_rate": 0.747867298578199,
    "top1_acc_non_empty": 0.9955640050697085,
    "base_top1_acc": 0.9513428120063191,
    "hir": 0.3830963665086888
  },
  "num_test_defined": 6330,
  "num_test_used": 6330,
  "class_labels": [
    "fam:Android",
    "fam:Linux",
    "fam:Windows",
    "fam:iOS",
    "fam:macOS"
  ]
}