{
  "level": "family",
  "alpha_B": 0.25,
  "m_cal": 6329,
  "q_hat_leaf_B": 0.7068643569946289,
  "metrics": {
    "coverage": 0.8846761453396524,
    "set_size_mean": 0.9515007898894154,
    "set_size_median": 1.0,
    "empty_rate": 0.07962085308056872,
    "singleton_rate": 0.889257503949447,
    "base_top1_acc": 0.9462875197472354,
    "top1_acc_non_empty": 0.9509097150703741,
    "hir": 0.0
  },
  "num_test_defined": 6330,
  "num_test_used": 6330,
  "class_labels": [
    "fam:Android",
    "fam:Linux",
    "fam:Windows",
    "fam:iOS",
    "fam:macOS"
  ]
}