{
  "level": "family",
  "alpha": 0.15,
  "m_k": 6329,
  "j": 5381,
  "quantile_step": 0.0001579778830963665,
  "q_hat": 0.08076465129852295,
  "metrics": {
    "coverage": 0.8467614533965245,
    "set_size_mean": 0.855608214849921,
    "set_size_median": 1.0,
    "empty_rate": 0.144391785150079,
    "singleton_rate": 0.855608214849921,
    "top1_acc_non_empty": 0.9896602658788775,
    "base_top1_acc": 0.9545023696682464,
    "hir": 0.2821484992101106
  },
  "num_test_defined": 6330,
  "num_test_used": 6330,
  "class_labels": [
    "fam:Android",
    "fam:Linux",
    "fam:Windows",
    "fam:iOS",
    "fam:macOS"
  ]
}