{
  "level": "family",
  "alpha_LoUPCP": 0.5,
  "m_cal": 6329,
  "q_hat_leaf_LoUPCP": 0.0697101354598999,
  "metrics": {
    "coverage": 0.5071090047393365,
    "set_size_mean": 0.5091627172195893,
    "set_size_median": 1.0,
    "empty_rate": 0.4908372827804107,
    "singleton_rate": 0.5091627172195893,
    "base_top1_acc": 0.9429699842022117,
    "top1_acc_non_empty": 0.9959664908470369,
    "hir": 0.0
  },
  "num_test_defined": 6330,
  "num_test_used": 6330,
  "class_labels": [
    "fam:Android",
    "fam:Linux",
    "fam:Windows",
    "fam:iOS",
    "fam:macOS"
  ]
}