{
  "level": "family",
  "alpha_LoUPCP": 0.3,
  "m_cal": 6329,
  "q_hat_leaf_LoUPCP": 0.621425211429596,
  "metrics": {
    "coverage": 0.795734597156398,
    "set_size_mean": 0.8428120063191153,
    "set_size_median": 1.0,
    "empty_rate": 0.1707740916271722,
    "singleton_rate": 0.8156398104265403,
    "base_top1_acc": 0.9432859399684044,
    "top1_acc_non_empty": 0.9537054677081349,
    "hir": 0.0
  },
  "num_test_defined": 6330,
  "num_test_used": 6330,
  "class_labels": [
    "fam:Android",
    "fam:Linux",
    "fam:Windows",
    "fam:iOS",
    "fam:macOS"
  ]
}