{
  "level": "family",
  "alpha_B": 0.1,
  "m_cal": 6329,
  "q_hat_leaf_B": 0.828831672668457,
  "metrics": {
    "coverage": 0.9649289099526066,
    "set_size_mean": 1.0605055292259085,
    "set_size_median": 1.0,
    "empty_rate": 0.00047393364928909954,
    "singleton_rate": 0.9399684044233807,
    "base_top1_acc": 0.9448657187993681,
    "top1_acc_non_empty": 0.9451556819977872,
    "hir": 0.0
  },
  "num_test_defined": 6330,
  "num_test_used": 6330,
  "class_labels": [
    "fam:Android",
    "fam:Linux",
    "fam:Windows",
    "fam:iOS",
    "fam:macOS"
  ]
}