{
  "level": "family",
  "alpha": 0.04,
  "m_k": 6329,
  "j": 6077,
  "quantile_step": 0.0001579778830963665,
  "q_hat": 0.6058508157730103,
  "metrics": {
    "coverage": 0.9575039494470774,
    "set_size_mean": 1.0058451816745655,
    "set_size_median": 1.0,
    "empty_rate": 0.0009478672985781991,
    "singleton_rate": 0.9922590837282781,
    "top1_acc_non_empty": 0.954775458570525,
    "base_top1_acc": 0.9543443917851501,
    "hir": 0.3341232227488152
  },
  "num_test_defined": 6330,
  "num_test_used": 6330,
  "class_labels": [
    "fam:Android",
    "fam:Linux",
    "fam:Windows",
    "fam:iOS",
    "fam:macOS"
  ]
}