{
  "level": "family",
  "alpha_B": 0.3,
  "m_cal": 6329,
  "q_hat_leaf_B": 0.6300901174545288,
  "metrics": {
    "coverage": 0.7946287519747235,
    "set_size_mean": 0.8406003159557662,
    "set_size_median": 1.0,
    "empty_rate": 0.17424960505529227,
    "singleton_rate": 0.8109004739336493,
    "base_top1_acc": 0.9440758293838862,
    "top1_acc_non_empty": 0.9559977042280466,
    "hir": 0.0
  },
  "num_test_defined": 6330,
  "num_test_used": 6330,
  "class_labels": [
    "fam:Android",
    "fam:Linux",
    "fam:Windows",
    "fam:iOS",
    "fam:macOS"
  ]
}