{
  "level": "family",
  "alpha_B": 0.15,
  "m_cal": 6329,
  "q_hat_leaf_B": 0.7829243540763855,
  "metrics": {
    "coverage": 0.9530805687203792,
    "set_size_mean": 1.0338072669826224,
    "set_size_median": 1.0,
    "empty_rate": 0.00900473933649289,
    "singleton_rate": 0.9481832543443918,
    "base_top1_acc": 0.9453396524486571,
    "top1_acc_non_empty": 0.9489877251713693,
    "hir": 0.0
  },
  "num_test_defined": 6330,
  "num_test_used": 6330,
  "class_labels": [
    "fam:Android",
    "fam:Linux",
    "fam:Windows",
    "fam:iOS",
    "fam:macOS"
  ]
}