{
  "level": "family",
  "alpha": 0.4,
  "m_k": 6329,
  "j": 3798,
  "quantile_step": 0.0001579778830963665,
  "q_hat": 0.0009634494781494141,
  "metrics": {
    "coverage": 0.6012638230647709,
    "set_size_mean": 0.6020537124802527,
    "set_size_median": 1.0,
    "empty_rate": 0.39794628751974725,
    "singleton_rate": 0.6020537124802527,
    "top1_acc_non_empty": 0.9986880083967462,
    "base_top1_acc": 0.9559241706161138,
    "hir": 0.2451816745655608
  },
  "num_test_defined": 6330,
  "num_test_used": 6330,
  "class_labels": [
    "fam:Android",
    "fam:Linux",
    "fam:Windows",
    "fam:iOS",
    "fam:macOS"
  ]
}