{
  "level": "family",
  "alpha_B": 0.05,
  "m_cal": 6329,
  "q_hat_leaf_B": 0.9417054057121277,
  "metrics": {
    "coverage": 0.9824644549763033,
    "set_size_mean": 1.224170616113744,
    "set_size_median": 1.0,
    "empty_rate": 0.0,
    "singleton_rate": 0.8104265402843602,
    "base_top1_acc": 0.9418641390205371,
    "top1_acc_non_empty": 0.9418641390205371,
    "hir": 0.0
  },
  "num_test_defined": 6330,
  "num_test_used": 6330,
  "class_labels": [
    "fam:Android",
    "fam:Linux",
    "fam:Windows",
    "fam:iOS",
    "fam:macOS"
  ]
}