{
  "level": "family",
  "alpha_B": 0.1,
  "m_cal": 6329,
  "q_hat_leaf_B": 0.8286099433898926,
  "metrics": {
    "coverage": 0.9627172195892575,
    "set_size_mean": 1.0608214849921012,
    "set_size_median": 1.0,
    "empty_rate": 0.0007898894154818325,
    "singleton_rate": 0.9390205371248025,
    "base_top1_acc": 0.9436018957345972,
    "top1_acc_non_empty": 0.9443478260869566,
    "hir": 0.0
  },
  "num_test_defined": 6330,
  "num_test_used": 6330,
  "class_labels": [
    "fam:Android",
    "fam:Linux",
    "fam:Windows",
    "fam:iOS",
    "fam:macOS"
  ]
}