{
  "level": "family",
  "alpha": 0.075,
  "m_k": 6329,
  "j": 5856,
  "quantile_step": 0.0001579778830963665,
  "q_hat": 0.2072279453277588,
  "metrics": {
    "coverage": 0.9300157977883097,
    "set_size_mean": 0.94913112164297,
    "set_size_median": 1.0,
    "empty_rate": 0.050868878357030016,
    "singleton_rate": 0.94913112164297,
    "top1_acc_non_empty": 0.9798601864181092,
    "base_top1_acc": 0.9541864139020537,
    "hir": 0.25387045813586095
  },
  "num_test_defined": 6330,
  "num_test_used": 6330,
  "class_labels": [
    "fam:Android",
    "fam:Linux",
    "fam:Windows",
    "fam:iOS",
    "fam:macOS"
  ]
}