{
  "level": "family",
  "alpha": 0.1,
  "m_k": 6329,
  "j": 5697,
  "quantile_step": 0.0001579778830963665,
  "q_hat": 0.13138848543167114,
  "metrics": {
    "coverage": 0.9023696682464455,
    "set_size_mean": 0.9165876777251185,
    "set_size_median": 1.0,
    "empty_rate": 0.08341232227488152,
    "singleton_rate": 0.9165876777251185,
    "top1_acc_non_empty": 0.984488107549121,
    "base_top1_acc": 0.9548183254344392,
    "hir": 0.23759873617693522
  },
  "num_test_defined": 6330,
  "num_test_used": 6330,
  "class_labels": [
    "fam:Android",
    "fam:Linux",
    "fam:Windows",
    "fam:iOS",
    "fam:macOS"
  ]
}