{
  "level": "family",
  "alpha": 0.25,
  "m_k": 6329,
  "j": 4748,
  "quantile_step": 0.0001579778830963665,
  "q_hat": 0.010363757610321045,
  "metrics": {
    "coverage": 0.7557661927330174,
    "set_size_mean": 0.7589257503949447,
    "set_size_median": 1.0,
    "empty_rate": 0.2410742496050553,
    "singleton_rate": 0.7589257503949447,
    "top1_acc_non_empty": 0.9958368026644463,
    "base_top1_acc": 0.9559241706161138,
    "hir": 0.3706161137440758
  },
  "num_test_defined": 6330,
  "num_test_used": 6330,
  "class_labels": [
    "fam:Android",
    "fam:Linux",
    "fam:Windows",
    "fam:iOS",
    "fam:macOS"
  ]
}