{
  "level": "family",
  "alpha": 0.45,
  "m_k": 6329,
  "j": 3482,
  "quantile_step": 0.0001579778830963665,
  "q_hat": 0.0004951953887939453,
  "metrics": {
    "coverage": 0.5562401263823065,
    "set_size_mean": 0.5565560821484992,
    "set_size_median": 1.0,
    "empty_rate": 0.4434439178515008,
    "singleton_rate": 0.5565560821484992,
    "top1_acc_non_empty": 0.9994323020153278,
    "base_top1_acc": 0.9540284360189574,
    "hir": 0.2296998420221169
  },
  "num_test_defined": 6330,
  "num_test_used": 6330,
  "class_labels": [
    "fam:Android",
    "fam:Linux",
    "fam:Windows",
    "fam:iOS",
    "fam:macOS"
  ]
}