{
  "level": "family",
  "alpha_LoUPCP": 0.3,
  "m_cal": 6329,
  "q_hat_leaf_LoUPCP": 0.6118677854537964,
  "metrics": {
    "coverage": 0.7854660347551343,
    "set_size_mean": 0.8323854660347552,
    "set_size_median": 1.0,
    "empty_rate": 0.17883096366508688,
    "singleton_rate": 0.8099526066350711,
    "base_top1_acc": 0.940126382306477,
    "top1_acc_non_empty": 0.9526741054251635,
    "hir": 0.0
  },
  "num_test_defined": 6330,
  "num_test_used": 6330,
  "class_labels": [
    "fam:Android",
    "fam:Linux",
    "fam:Windows",
    "fam:iOS",
    "fam:macOS"
  ]
}