{
  "level": "family",
  "alpha": 0.04,
  "m_k": 6329,
  "j": 6077,
  "quantile_step": 0.0001579778830963665,
  "q_hat": 0.6669509410858154,
  "metrics": {
    "coverage": 0.9639810426540284,
    "set_size_mean": 1.0132701421800947,
    "set_size_median": 1.0,
    "empty_rate": 0.0001579778830963665,
    "singleton_rate": 0.9864139020537125,
    "top1_acc_non_empty": 0.9573392321061779,
    "base_top1_acc": 0.9571879936808847,
    "hir": 0.34012638230647707
  },
  "num_test_defined": 6330,
  "num_test_used": 6330,
  "class_labels": [
    "fam:Android",
    "fam:Linux",
    "fam:Windows",
    "fam:iOS",
    "fam:macOS"
  ]
}