{
  "level": "family",
  "alpha": 0.15,
  "m_k": 6329,
  "j": 5381,
  "quantile_step": 0.0001579778830963665,
  "q_hat": 0.08261466026306152,
  "metrics": {
    "coverage": 0.8505529225908373,
    "set_size_mean": 0.8598736176935229,
    "set_size_median": 1.0,
    "empty_rate": 0.1401263823064771,
    "singleton_rate": 0.8598736176935229,
    "top1_acc_non_empty": 0.9891603894910894,
    "base_top1_acc": 0.9546603475513428,
    "hir": 0.27883096366508686
  },
  "num_test_defined": 6330,
  "num_test_used": 6330,
  "class_labels": [
    "fam:Android",
    "fam:Linux",
    "fam:Windows",
    "fam:iOS",
    "fam:macOS"
  ]
}