{
  "level": "family",
  "alpha": 0.25,
  "m_k": 6329,
  "j": 4748,
  "quantile_step": 0.0001579778830963665,
  "q_hat": 0.009207963943481445,
  "metrics": {
    "coverage": 0.7481832543443918,
    "set_size_mean": 0.7510268562401263,
    "set_size_median": 1.0,
    "empty_rate": 0.24897314375987362,
    "singleton_rate": 0.7510268562401263,
    "top1_acc_non_empty": 0.9962137147665124,
    "base_top1_acc": 0.9540284360189574,
    "hir": 0.3726698262243286
  },
  "num_test_defined": 6330,
  "num_test_used": 6330,
  "class_labels": [
    "fam:Android",
    "fam:Linux",
    "fam:Windows",
    "fam:iOS",
    "fam:macOS"
  ]
}