{
  "level": "family",
  "alpha": 0.04,
  "m_k": 6329,
  "j": 6077,
  "quantile_step": 0.0001579778830963665,
  "q_hat": 0.617334246635437,
  "metrics": {
    "coverage": 0.9581358609794629,
    "set_size_mean": 1.0064770932069511,
    "set_size_median": 1.0,
    "empty_rate": 0.00047393364928909954,
    "singleton_rate": 0.9925750394944708,
    "top1_acc_non_empty": 0.954954954954955,
    "base_top1_acc": 0.9546603475513428,
    "hir": 0.3353870458135861
  },
  "num_test_defined": 6330,
  "num_test_used": 6330,
  "class_labels": [
    "fam:Android",
    "fam:Linux",
    "fam:Windows",
    "fam:iOS",
    "fam:macOS"
  ]
}