{
  "level": "family",
  "alpha": 0.25,
  "m_k": 6329,
  "j": 4748,
  "quantile_step": 0.0001579778830963665,
  "q_hat": 0.010130584239959717,
  "metrics": {
    "coverage": 0.7540284360189573,
    "set_size_mean": 0.7575039494470774,
    "set_size_median": 1.0,
    "empty_rate": 0.2424960505529226,
    "singleton_rate": 0.7575039494470774,
    "top1_acc_non_empty": 0.9954118873826903,
    "base_top1_acc": 0.9535545023696682,
    "hir": 0.369826224328594
  },
  "num_test_defined": 6330,
  "num_test_used": 6330,
  "class_labels": [
    "fam:Android",
    "fam:Linux",
    "fam:Windows",
    "fam:iOS",
    "fam:macOS"
  ]
}