{
  "level": "family",
  "alpha_LoUPCP": 0.05,
  "m_cal": 6329,
  "q_hat_leaf_LoUPCP": 0.9423892498016357,
  "metrics": {
    "coverage": 0.9843601895734597,
    "set_size_mean": 1.2216429699842022,
    "set_size_median": 1.0,
    "empty_rate": 0.0,
    "singleton_rate": 0.8083728278041075,
    "base_top1_acc": 0.9475513428120064,
    "top1_acc_non_empty": 0.9475513428120064,
    "hir": 0.0
  },
  "num_test_defined": 6330,
  "num_test_used": 6330,
  "class_labels": [
    "fam:Android",
    "fam:Linux",
    "fam:Windows",
    "fam:iOS",
    "fam:macOS"
  ]
}