{
  "level": "family",
  "alpha_LoUPCP": 0.25,
  "m_cal": 6329,
  "q_hat_leaf_LoUPCP": 0.6943726539611816,
  "metrics": {
    "coverage": 0.872827804107425,
    "set_size_mean": 0.9344391785150079,
    "set_size_median": 1.0,
    "empty_rate": 0.09194312796208531,
    "singleton_rate": 0.8816745655608215,
    "base_top1_acc": 0.9470774091627172,
    "top1_acc_non_empty": 0.9532011134307585,
    "hir": 0.0
  },
  "num_test_defined": 6330,
  "num_test_used": 6330,
  "class_labels": [
    "fam:Android",
    "fam:Linux",
    "fam:Windows",
    "fam:iOS",
    "fam:macOS"
  ]
}