{
  "level": "family",
  "alpha": 0.45,
  "m_k": 6329,
  "j": 3482,
  "quantile_step": 0.0001579778830963665,
  "q_hat": 0.0005058050155639648,
  "metrics": {
    "coverage": 0.5581358609794629,
    "set_size_mean": 0.5582938388625592,
    "set_size_median": 1.0,
    "empty_rate": 0.44170616113744077,
    "singleton_rate": 0.5582938388625592,
    "top1_acc_non_empty": 0.9997170345217884,
    "base_top1_acc": 0.9557661927330173,
    "hir": 0.2358609794628752
  },
  "num_test_defined": 6330,
  "num_test_used": 6330,
  "class_labels": [
    "fam:Android",
    "fam:Linux",
    "fam:Windows",
    "fam:iOS",
    "fam:macOS"
  ]
}