{
  "level": "family",
  "alpha": 0.03,
  "m_k": 6329,
  "j": 6141,
  "quantile_step": 0.0001579778830963665,
  "q_hat": 0.7899185419082642,
  "metrics": {
    "coverage": 0.970300157977883,
    "set_size_mean": 1.0323854660347551,
    "set_size_median": 1.0,
    "empty_rate": 0.0,
    "singleton_rate": 0.9688783570300158,
    "top1_acc_non_empty": 0.9575039494470774,
    "base_top1_acc": 0.9575039494470774,
    "hir": 0.3489731437598736
  },
  "num_test_defined": 6330,
  "num_test_used": 6330,
  "class_labels": [
    "fam:Android",
    "fam:Linux",
    "fam:Windows",
    "fam:iOS",
    "fam:macOS"
  ]
}