{
  "level": "family",
  "alpha_B": 0.35,
  "m_cal": 6329,
  "q_hat_leaf_B": 0.4970088601112366,
  "metrics": {
    "coverage": 0.7129541864139021,
    "set_size_mean": 0.738388625592417,
    "set_size_median": 1.0,
    "empty_rate": 0.2616113744075829,
    "singleton_rate": 0.738388625592417,
    "base_top1_acc": 0.9398104265402843,
    "top1_acc_non_empty": 0.9655541292255028,
    "hir": 0.0
  },
  "num_test_defined": 6330,
  "num_test_used": 6330,
  "class_labels": [
    "fam:Android",
    "fam:Linux",
    "fam:Windows",
    "fam:iOS",
    "fam:macOS"
  ]
}