{
  "level": "family",
  "alpha": 0.3,
  "m_k": 6329,
  "j": 4431,
  "quantile_step": 0.0001579778830963665,
  "q_hat": 0.0037412643432617188,
  "metrics": {
    "coverage": 0.6974723538704581,
    "set_size_mean": 0.69826224328594,
    "set_size_median": 1.0,
    "empty_rate": 0.30173775671406006,
    "singleton_rate": 0.69826224328594,
    "top1_acc_non_empty": 0.998868778280543,
    "base_top1_acc": 0.9575039494470774,
    "hir": 0.38041074249605056
  },
  "num_test_defined": 6330,
  "num_test_used": 6330,
  "class_labels": [
    "fam:Android",
    "fam:Linux",
    "fam:Windows",
    "fam:iOS",
    "fam:macOS"
  ]
}