{
  "level": "family",
  "alpha_LoUPCP": 0.3,
  "m_cal": 6329,
  "q_hat_leaf_LoUPCP": 0.6057528853416443,
  "metrics": {
    "coverage": 0.7785150078988942,
    "set_size_mean": 0.8200631911532386,
    "set_size_median": 1.0,
    "empty_rate": 0.18672985781990523,
    "singleton_rate": 0.806477093206951,
    "base_top1_acc": 0.9404423380726699,
    "top1_acc_non_empty": 0.9541569541569541,
    "hir": 0.0
  },
  "num_test_defined": 6330,
  "num_test_used": 6330,
  "class_labels": [
    "fam:Android",
    "fam:Linux",
    "fam:Windows",
    "fam:iOS",
    "fam:macOS"
  ]
}