{
  "level": "family",
  "alpha_LoUPCP": 0.25,
  "m_cal": 6329,
  "q_hat_leaf_LoUPCP": 0.6979787349700928,
  "metrics": {
    "coverage": 0.8788309636650868,
    "set_size_mean": 0.9464454976303317,
    "set_size_median": 1.0,
    "empty_rate": 0.08499210110584518,
    "singleton_rate": 0.8835703001579779,
    "base_top1_acc": 0.9440758293838862,
    "top1_acc_non_empty": 0.9494129834254144,
    "hir": 0.0
  },
  "num_test_defined": 6330,
  "num_test_used": 6330,
  "class_labels": [
    "fam:Android",
    "fam:Linux",
    "fam:Windows",
    "fam:iOS",
    "fam:macOS"
  ]
}