{
  "level": "family",
  "alpha_LoUPCP": 0.35,
  "m_cal": 6329,
  "q_hat_leaf_LoUPCP": 0.4859013557434082,
  "metrics": {
    "coverage": 0.7069510268562401,
    "set_size_mean": 0.728909952606635,
    "set_size_median": 1.0,
    "empty_rate": 0.27109004739336495,
    "singleton_rate": 0.728909952606635,
    "base_top1_acc": 0.9404423380726699,
    "top1_acc_non_empty": 0.96987429562202,
    "hir": 0.0
  },
  "num_test_defined": 6330,
  "num_test_used": 6330,
  "class_labels": [
    "fam:Android",
    "fam:Linux",
    "fam:Windows",
    "fam:iOS",
    "fam:macOS"
  ]
}