{
  "level": "family",
  "alpha": 0.4,
  "m_k": 6329,
  "j": 3798,
  "quantile_step": 0.0001579778830963665,
  "q_hat": 0.0010223388671875,
  "metrics": {
    "coverage": 0.6078988941548183,
    "set_size_mean": 0.6088467614533966,
    "set_size_median": 1.0,
    "empty_rate": 0.3911532385466035,
    "singleton_rate": 0.6088467614533966,
    "top1_acc_non_empty": 0.9984431759211209,
    "base_top1_acc": 0.9540284360189574,
    "hir": 0.24913112164297
  },
  "num_test_defined": 6330,
  "num_test_used": 6330,
  "class_labels": [
    "fam:Android",
    "fam:Linux",
    "fam:Windows",
    "fam:iOS",
    "fam:macOS"
  ]
}