{
  "level": "family",
  "alpha": 0.15,
  "m_k": 6329,
  "j": 5381,
  "quantile_step": 0.0001579778830963665,
  "q_hat": 0.08261466026306152,
  "metrics": {
    "coverage": 0.8508688783570301,
    "set_size_mean": 0.8601895734597157,
    "set_size_median": 1.0,
    "empty_rate": 0.13981042654028436,
    "singleton_rate": 0.8601895734597157,
    "top1_acc_non_empty": 0.9891643709825528,
    "base_top1_acc": 0.9554502369668246,
    "hir": 0.2796208530805687
  },
  "num_test_defined": 6330,
  "num_test_used": 6330,
  "class_labels": [
    "fam:Android",
    "fam:Linux",
    "fam:Windows",
    "fam:iOS",
    "fam:macOS"
  ]
}