{
  "level": "family",
  "alpha_B": 0.1,
  "m_cal": 6329,
  "q_hat_leaf_B": 0.830673098564148,
  "metrics": {
    "coverage": 0.9635071090047393,
    "set_size_mean": 1.064612954186414,
    "set_size_median": 1.0,
    "empty_rate": 0.0011058451816745656,
    "singleton_rate": 0.934913112164297,
    "base_top1_acc": 0.9428120063191153,
    "top1_acc_non_empty": 0.9435394591175075,
    "hir": 0.0
  },
  "num_test_defined": 6330,
  "num_test_used": 6330,
  "class_labels": [
    "fam:Android",
    "fam:Linux",
    "fam:Windows",
    "fam:iOS",
    "fam:macOS"
  ]
}