{
  "level": "family",
  "alpha_B": 0.2,
  "m_cal": 6329,
  "q_hat_leaf_B": 0.7672849893569946,
  "metrics": {
    "coverage": 0.9406003159557662,
    "set_size_mean": 1.018167456556082,
    "set_size_median": 1.0,
    "empty_rate": 0.02037914691943128,
    "singleton_rate": 0.9410742496050553,
    "base_top1_acc": 0.944391785150079,
    "top1_acc_non_empty": 0.9471053055958716,
    "hir": 0.0
  },
  "num_test_defined": 6330,
  "num_test_used": 6330,
  "class_labels": [
    "fam:Android",
    "fam:Linux",
    "fam:Windows",
    "fam:iOS",
    "fam:macOS"
  ]
}