{
  "level": "family",
  "alpha_LoUPCP": 0.03,
  "m_cal": 6329,
  "q_hat_leaf_LoUPCP": 0.974432647228241,
  "metrics": {
    "coverage": 0.9911532385466034,
    "set_size_mean": 1.3265402843601897,
    "set_size_median": 1.0,
    "empty_rate": 0.0,
    "singleton_rate": 0.7462875197472354,
    "base_top1_acc": 0.9420221169036335,
    "top1_acc_non_empty": 0.9420221169036335,
    "hir": 0.0
  },
  "num_test_defined": 6330,
  "num_test_used": 6330,
  "class_labels": [
    "fam:Android",
    "fam:Linux",
    "fam:Windows",
    "fam:iOS",
    "fam:macOS"
  ]
}