{
  "level": "family",
  "alpha": 0.25,
  "m_k": 6329,
  "j": 4748,
  "quantile_step": 0.0001579778830963665,
  "q_hat": 0.011207282543182373,
  "metrics": {
    "coverage": 0.7633491311216429,
    "set_size_mean": 0.7658767772511849,
    "set_size_median": 1.0,
    "empty_rate": 0.23412322274881517,
    "singleton_rate": 0.7658767772511849,
    "top1_acc_non_empty": 0.9966996699669967,
    "base_top1_acc": 0.9559241706161138,
    "hir": 0.36682464454976305
  },
  "num_test_defined": 6330,
  "num_test_used": 6330,
  "class_labels": [
    "fam:Android",
    "fam:Linux",
    "fam:Windows",
    "fam:iOS",
    "fam:macOS"
  ]
}