{
  "level": "family",
  "alpha_B": 0.01,
  "m_cal": 6329,
  "q_hat_leaf_B": 0.9944198131561279,
  "metrics": {
    "coverage": 0.9954186413902054,
    "set_size_mean": 1.5951026856240127,
    "set_size_median": 1.0,
    "empty_rate": 0.0,
    "singleton_rate": 0.5876777251184834,
    "base_top1_acc": 0.9417061611374408,
    "top1_acc_non_empty": 0.9417061611374408,
    "hir": 0.0
  },
  "num_test_defined": 6330,
  "num_test_used": 6330,
  "class_labels": [
    "fam:Android",
    "fam:Linux",
    "fam:Windows",
    "fam:iOS",
    "fam:macOS"
  ]
}