{
  "level": "family",
  "alpha_SCP": 0.25,
  "tau": 0.24242424242424243,
  "m": 1000,
  "calibration_info": {
    "tau": 0.24242424242424243,
    "coverage": 0.7524095433717807,
    "target_coverage": 0.75,
    "n_cal": 6329
  },
  "metrics": {
    "coverage": 0.7876777251184834,
    "set_size_mean": 1.5109004739336493,
    "set_size_median": 2.0,
    "empty_rate": 0.0,
    "singleton_rate": 0.4890995260663507,
    "base_top1_acc": 0.944391785150079,
    "top1_acc_non_empty": 0.7851500789889415,
    "hir": 0.0
  },
  "num_test_defined": 6330,
  "num_test_used": 6330,
  "class_labels": [
    "fam:Android",
    "fam:Linux",
    "fam:Windows",
    "fam:iOS",
    "fam:macOS"
  ]
}