{
  "level": "family",
  "alpha": 0.04,
  "m_k": 6329,
  "j": 6077,
  "quantile_step": 0.0001579778830963665,
  "q_hat": 0.6159399747848511,
  "metrics": {
    "coverage": 0.9579778830963666,
    "set_size_mean": 1.0055292259083728,
    "set_size_median": 1.0,
    "empty_rate": 0.0011058451816745656,
    "singleton_rate": 0.9922590837282781,
    "top1_acc_non_empty": 0.9557172228372608,
    "base_top1_acc": 0.9549763033175356,
    "hir": 0.33712480252764615
  },
  "num_test_defined": 6330,
  "num_test_used": 6330,
  "class_labels": [
    "fam:Android",
    "fam:Linux",
    "fam:Windows",
    "fam:iOS",
    "fam:macOS"
  ]
}