{
  "level": "family",
  "alpha_B": 0.4,
  "m_cal": 6329,
  "q_hat_leaf_B": 0.3117154836654663,
  "metrics": {
    "coverage": 0.6230647709320695,
    "set_size_mean": 0.6328593996840443,
    "set_size_median": 1.0,
    "empty_rate": 0.36714060031595575,
    "singleton_rate": 0.6328593996840443,
    "base_top1_acc": 0.9417061611374408,
    "top1_acc_non_empty": 0.9845232151772342,
    "hir": 0.0
  },
  "num_test_defined": 6330,
  "num_test_used": 6330,
  "class_labels": [
    "fam:Android",
    "fam:Linux",
    "fam:Windows",
    "fam:iOS",
    "fam:macOS"
  ]
}