{
  "level": "family",
  "alpha_LoUPCP": 0.3,
  "m_cal": 6329,
  "q_hat_leaf_LoUPCP": 0.6121746301651001,
  "metrics": {
    "coverage": 0.7876777251184834,
    "set_size_mean": 0.8325434439178515,
    "set_size_median": 1.0,
    "empty_rate": 0.1774091627172196,
    "singleton_rate": 0.8126382306477093,
    "base_top1_acc": 0.943127962085308,
    "top1_acc_non_empty": 0.9546763971576724,
    "hir": 0.0
  },
  "num_test_defined": 6330,
  "num_test_used": 6330,
  "class_labels": [
    "fam:Android",
    "fam:Linux",
    "fam:Windows",
    "fam:iOS",
    "fam:macOS"
  ]
}