{
  "level": "family",
  "alpha_B": 0.2,
  "m_cal": 6329,
  "q_hat_leaf_B": 0.7670782208442688,
  "metrics": {
    "coverage": 0.9394944707740917,
    "set_size_mean": 1.0210110584518168,
    "set_size_median": 1.0,
    "empty_rate": 0.021011058451816746,
    "singleton_rate": 0.9369668246445497,
    "base_top1_acc": 0.9418641390205371,
    "top1_acc_non_empty": 0.944973374213329,
    "hir": 0.0
  },
  "num_test_defined": 6330,
  "num_test_used": 6330,
  "class_labels": [
    "fam:Android",
    "fam:Linux",
    "fam:Windows",
    "fam:iOS",
    "fam:macOS"
  ]
}