{
  "level": "family",
  "alpha": 0.1,
  "m_k": 6329,
  "j": 5697,
  "quantile_step": 0.0001579778830963665,
  "q_hat": 0.13124966621398926,
  "metrics": {
    "coverage": 0.9018957345971564,
    "set_size_mean": 0.9173775671406004,
    "set_size_median": 1.0,
    "empty_rate": 0.08262243285939969,
    "singleton_rate": 0.9173775671406004,
    "top1_acc_non_empty": 0.9831238160840365,
    "base_top1_acc": 0.9537124802527646,
    "hir": 0.23175355450236967
  },
  "num_test_defined": 6330,
  "num_test_used": 6330,
  "class_labels": [
    "fam:Android",
    "fam:Linux",
    "fam:Windows",
    "fam:iOS",
    "fam:macOS"
  ]
}