{
  "level": "family",
  "alpha_B": 0.4,
  "m_cal": 6329,
  "q_hat_leaf_B": 0.33013689517974854,
  "metrics": {
    "coverage": 0.633175355450237,
    "set_size_mean": 0.6440758293838863,
    "set_size_median": 1.0,
    "empty_rate": 0.35592417061611376,
    "singleton_rate": 0.6440758293838863,
    "base_top1_acc": 0.9406003159557662,
    "top1_acc_non_empty": 0.9830757910228108,
    "hir": 0.0
  },
  "num_test_defined": 6330,
  "num_test_used": 6330,
  "class_labels": [
    "fam:Android",
    "fam:Linux",
    "fam:Windows",
    "fam:iOS",
    "fam:macOS"
  ]
}