{
  "level": "family",
  "alpha": 0.04,
  "m_k": 6329,
  "j": 6077,
  "quantile_step": 0.0001579778830963665,
  "q_hat": 0.6524832248687744,
  "metrics": {
    "coverage": 0.9616113744075829,
    "set_size_mean": 1.0110584518167456,
    "set_size_median": 1.0,
    "empty_rate": 0.0,
    "singleton_rate": 0.9889415481832543,
    "top1_acc_non_empty": 0.9559241706161138,
    "base_top1_acc": 0.9559241706161138,
    "hir": 0.33096366508688785
  },
  "num_test_defined": 6330,
  "num_test_used": 6330,
  "class_labels": [
    "fam:Android",
    "fam:Linux",
    "fam:Windows",
    "fam:iOS",
    "fam:macOS"
  ]
}