{
  "level": "family",
  "alpha": 0.2,
  "m_k": 6329,
  "j": 5064,
  "quantile_step": 0.0001579778830963665,
  "q_hat": 0.03462332487106323,
  "metrics": {
    "coverage": 0.8022116903633492,
    "set_size_mean": 0.8074249605055293,
    "set_size_median": 1.0,
    "empty_rate": 0.19257503949447077,
    "singleton_rate": 0.8074249605055293,
    "top1_acc_non_empty": 0.99354333789865,
    "base_top1_acc": 0.955608214849921,
    "hir": 0.3342812006319115
  },
  "num_test_defined": 6330,
  "num_test_used": 6330,
  "class_labels": [
    "fam:Android",
    "fam:Linux",
    "fam:Windows",
    "fam:iOS",
    "fam:macOS"
  ]
}