{
  "level": "family",
  "alpha": 0.4,
  "m_k": 6329,
  "j": 3798,
  "quantile_step": 0.0001579778830963665,
  "q_hat": 0.000820457935333252,
  "metrics": {
    "coverage": 0.5835703001579778,
    "set_size_mean": 0.584518167456556,
    "set_size_median": 1.0,
    "empty_rate": 0.4154818325434439,
    "singleton_rate": 0.584518167456556,
    "top1_acc_non_empty": 0.9983783783783784,
    "base_top1_acc": 0.9519747235387046,
    "hir": 0.23902053712480253
  },
  "num_test_defined": 6330,
  "num_test_used": 6330,
  "class_labels": [
    "fam:Android",
    "fam:Linux",
    "fam:Windows",
    "fam:iOS",
    "fam:macOS"
  ]
}