{
  "level": "family",
  "alpha": 0.3,
  "m_k": 6329,
  "j": 4431,
  "quantile_step": 0.0001579778830963665,
  "q_hat": 0.0041599273681640625,
  "metrics": {
    "coverage": 0.708214849921011,
    "set_size_mean": 0.7110584518167457,
    "set_size_median": 1.0,
    "empty_rate": 0.28894154818325435,
    "singleton_rate": 0.7110584518167457,
    "top1_acc_non_empty": 0.9960008886914019,
    "base_top1_acc": 0.9559241706161138,
    "hir": 0.37282780410742494
  },
  "num_test_defined": 6330,
  "num_test_used": 6330,
  "class_labels": [
    "fam:Android",
    "fam:Linux",
    "fam:Windows",
    "fam:iOS",
    "fam:macOS"
  ]
}