{
  "level": "family",
  "alpha": 0.15,
  "m_k": 6329,
  "j": 5381,
  "quantile_step": 0.0001579778830963665,
  "q_hat": 0.08042055368423462,
  "metrics": {
    "coverage": 0.839652448657188,
    "set_size_mean": 0.8492890995260663,
    "set_size_median": 1.0,
    "empty_rate": 0.15071090047393365,
    "singleton_rate": 0.8492890995260663,
    "top1_acc_non_empty": 0.9886532738095238,
    "base_top1_acc": 0.9519747235387046,
    "hir": 0.2876777251184834
  },
  "num_test_defined": 6330,
  "num_test_used": 6330,
  "class_labels": [
    "fam:Android",
    "fam:Linux",
    "fam:Windows",
    "fam:iOS",
    "fam:macOS"
  ]
}