{
  "level": "family",
  "alpha_LoUPCP": 0.05,
  "m_cal": 6329,
  "q_hat_leaf_LoUPCP": 0.9380601048469543,
  "metrics": {
    "coverage": 0.9767772511848342,
    "set_size_mean": 1.1723538704581358,
    "set_size_median": 1.0,
    "empty_rate": 0.0,
    "singleton_rate": 0.8549763033175355,
    "base_top1_acc": 0.9423380726698263,
    "top1_acc_non_empty": 0.9423380726698263,
    "hir": 0.0
  },
  "num_test_defined": 6330,
  "num_test_used": 6330,
  "class_labels": [
    "fam:Android",
    "fam:Linux",
    "fam:Windows",
    "fam:iOS",
    "fam:macOS"
  ]
}