{
  "level": "family",
  "alpha_B": 0.25,
  "m_cal": 6329,
  "q_hat_leaf_B": 0.6966410279273987,
  "metrics": {
    "coverage": 0.8734597156398104,
    "set_size_mean": 0.9445497630331754,
    "set_size_median": 1.0,
    "empty_rate": 0.08404423380726699,
    "singleton_rate": 0.8873617693522907,
    "base_top1_acc": 0.9393364928909953,
    "top1_acc_non_empty": 0.9436012418075198,
    "hir": 0.0
  },
  "num_test_defined": 6330,
  "num_test_used": 6330,
  "class_labels": [
    "fam:Android",
    "fam:Linux",
    "fam:Windows",
    "fam:iOS",
    "fam:macOS"
  ]
}