{
  "level": "family",
  "alpha": 0.25,
  "m_k": 6329,
  "j": 4748,
  "quantile_step": 0.0001579778830963665,
  "q_hat": 0.009151577949523926,
  "metrics": {
    "coverage": 0.7477093206951027,
    "set_size_mean": 0.7502369668246446,
    "set_size_median": 1.0,
    "empty_rate": 0.24976303317535545,
    "singleton_rate": 0.7502369668246446,
    "top1_acc_non_empty": 0.9966308696567698,
    "base_top1_acc": 0.9541864139020537,
    "hir": 0.3717219589257504
  },
  "num_test_defined": 6330,
  "num_test_used": 6330,
  "class_labels": [
    "fam:Android",
    "fam:Linux",
    "fam:Windows",
    "fam:iOS",
    "fam:macOS"
  ]
}