{
  "level": "family",
  "alpha": 0.15,
  "m_k": 6329,
  "j": 5381,
  "quantile_step": 0.0001579778830963665,
  "q_hat": 0.08197987079620361,
  "metrics": {
    "coverage": 0.8483412322274881,
    "set_size_mean": 0.859083728278041,
    "set_size_median": 1.0,
    "empty_rate": 0.14091627172195892,
    "singleton_rate": 0.859083728278041,
    "top1_acc_non_empty": 0.9874954027215889,
    "base_top1_acc": 0.9545023696682464,
    "hir": 0.27977883096366507
  },
  "num_test_defined": 6330,
  "num_test_used": 6330,
  "class_labels": [
    "fam:Android",
    "fam:Linux",
    "fam:Windows",
    "fam:iOS",
    "fam:macOS"
  ]
}