{
  "level": "family",
  "alpha_LoUPCP": 0.45,
  "m_cal": 6329,
  "q_hat_leaf_LoUPCP": 0.1659334897994995,
  "metrics": {
    "coverage": 0.5579778830963665,
    "set_size_mean": 0.5635071090047393,
    "set_size_median": 1.0,
    "empty_rate": 0.4364928909952607,
    "singleton_rate": 0.5635071090047393,
    "base_top1_acc": 0.943127962085308,
    "top1_acc_non_empty": 0.9901878329128119,
    "hir": 0.0
  },
  "num_test_defined": 6330,
  "num_test_used": 6330,
  "class_labels": [
    "fam:Android",
    "fam:Linux",
    "fam:Windows",
    "fam:iOS",
    "fam:macOS"
  ]
}