{
  "level": "family",
  "alpha": 0.1,
  "m_k": 6329,
  "j": 5697,
  "quantile_step": 0.0001579778830963665,
  "q_hat": 0.1293744444847107,
  "metrics": {
    "coverage": 0.8996840442338072,
    "set_size_mean": 0.9127962085308057,
    "set_size_median": 1.0,
    "empty_rate": 0.08720379146919431,
    "singleton_rate": 0.9127962085308057,
    "top1_acc_non_empty": 0.9856351678781585,
    "base_top1_acc": 0.955608214849921,
    "hir": 0.2387045813586098
  },
  "num_test_defined": 6330,
  "num_test_used": 6330,
  "class_labels": [
    "fam:Android",
    "fam:Linux",
    "fam:Windows",
    "fam:iOS",
    "fam:macOS"
  ]
}