{
  "level": "family",
  "alpha": 0.075,
  "m_k": 6329,
  "j": 5856,
  "quantile_step": 0.0001579778830963665,
  "q_hat": 0.1769237518310547,
  "metrics": {
    "coverage": 0.9191153238546603,
    "set_size_mean": 0.9394944707740917,
    "set_size_median": 1.0,
    "empty_rate": 0.06050552922590837,
    "singleton_rate": 0.9394944707740917,
    "top1_acc_non_empty": 0.9783083907852699,
    "base_top1_acc": 0.9524486571879937,
    "hir": 0.24265402843601896
  },
  "num_test_defined": 6330,
  "num_test_used": 6330,
  "class_labels": [
    "fam:Android",
    "fam:Linux",
    "fam:Windows",
    "fam:iOS",
    "fam:macOS"
  ]
}