{
  "level": "family",
  "alpha_B": 0.3,
  "m_cal": 6329,
  "q_hat_leaf_B": 0.6151184439659119,
  "metrics": {
    "coverage": 0.7870458135860979,
    "set_size_mean": 0.8312796208530806,
    "set_size_median": 1.0,
    "empty_rate": 0.18009478672985782,
    "singleton_rate": 0.8085308056872038,
    "base_top1_acc": 0.9429699842022117,
    "top1_acc_non_empty": 0.9551059730250482,
    "hir": 0.0
  },
  "num_test_defined": 6330,
  "num_test_used": 6330,
  "class_labels": [
    "fam:Android",
    "fam:Linux",
    "fam:Windows",
    "fam:iOS",
    "fam:macOS"
  ]
}