{
  "level": "family",
  "alpha_LoUPCP": 0.3,
  "m_cal": 6329,
  "q_hat_leaf_LoUPCP": 0.6094762086868286,
  "metrics": {
    "coverage": 0.7802527646129542,
    "set_size_mean": 0.8251184834123223,
    "set_size_median": 1.0,
    "empty_rate": 0.18388625592417063,
    "singleton_rate": 0.8071090047393364,
    "base_top1_acc": 0.9407582938388626,
    "top1_acc_non_empty": 0.9521873790166473,
    "hir": 0.0
  },
  "num_test_defined": 6330,
  "num_test_used": 6330,
  "class_labels": [
    "fam:Android",
    "fam:Linux",
    "fam:Windows",
    "fam:iOS",
    "fam:macOS"
  ]
}