{
  "level": "family",
  "alpha_LoUPCP": 0.25,
  "m_cal": 6329,
  "q_hat_leaf_LoUPCP": 0.7062726020812988,
  "metrics": {
    "coverage": 0.879778830963665,
    "set_size_mean": 0.9492890995260663,
    "set_size_median": 1.0,
    "empty_rate": 0.08262243285939969,
    "singleton_rate": 0.8854660347551343,
    "base_top1_acc": 0.9436018957345972,
    "top1_acc_non_empty": 0.947649388668848,
    "hir": 0.0
  },
  "num_test_defined": 6330,
  "num_test_used": 6330,
  "class_labels": [
    "fam:Android",
    "fam:Linux",
    "fam:Windows",
    "fam:iOS",
    "fam:macOS"
  ]
}