coverage_mean,coverage_std,set_size_mean_mean,set_size_mean_std,set_size_median_mean,set_size_median_std,empty_rate_mean,empty_rate_std,singleton_rate_mean,singleton_rate_std,top1_acc_non_empty_mean,top1_acc_non_empty_std,base_top1_acc_mean,base_top1_acc_std,hir_mean,hir_std
0.9998483412322274,0.00020674308265587074,17.5837345971564,2.0266469281512034,18.3,2.1404748662530997,0.0,0.0,0.00015481832543440003,0.0006217465955429907,0.8434913112164292,0.00279741864948277,0.8434913112164292,0.00279741864948277,,
