{
  "level": "family",
  "alpha_B": 0.45,
  "m_cal": 6329,
  "q_hat_leaf_B": 0.17987382411956787,
  "metrics": {
    "coverage": 0.5688783570300158,
    "set_size_mean": 0.5740916271721959,
    "set_size_median": 1.0,
    "empty_rate": 0.4259083728278041,
    "singleton_rate": 0.5740916271721959,
    "base_top1_acc": 0.9428120063191153,
    "top1_acc_non_empty": 0.9909190974133186,
    "hir": 0.0
  },
  "num_test_defined": 6330,
  "num_test_used": 6330,
  "class_labels": [
    "fam:Android",
    "fam:Linux",
    "fam:Windows",
    "fam:iOS",
    "fam:macOS"
  ]
}