{
  "level": "family",
  "alpha": 0.05,
  "m_k": 6329,
  "j": 6014,
  "quantile_step": 0.0001579778830963665,
  "q_hat": 0.38199007511138916,
  "metrics": {
    "coverage": 0.94913112164297,
    "set_size_mean": 0.9843601895734597,
    "set_size_median": 1.0,
    "empty_rate": 0.015639810426540283,
    "singleton_rate": 0.9843601895734597,
    "top1_acc_non_empty": 0.9642112020542449,
    "base_top1_acc": 0.9557661927330173,
    "hir": 0.3018957345971564
  },
  "num_test_defined": 6330,
  "num_test_used": 6330,
  "class_labels": [
    "fam:Android",
    "fam:Linux",
    "fam:Windows",
    "fam:iOS",
    "fam:macOS"
  ]
}