{
  "level": "family",
  "alpha": 0.02,
  "m_k": 6329,
  "j": 6204,
  "quantile_step": 0.0001579778830963665,
  "q_hat": 0.9163421392440796,
  "metrics": {
    "coverage": 0.9843601895734597,
    "set_size_mean": 1.1484992101105844,
    "set_size_median": 1.0,
    "empty_rate": 0.0,
    "singleton_rate": 0.8657187993680885,
    "top1_acc_non_empty": 0.9571879936808847,
    "base_top1_acc": 0.9571879936808847,
    "hir": 0.3748815165876777
  },
  "num_test_defined": 6330,
  "num_test_used": 6330,
  "class_labels": [
    "fam:Android",
    "fam:Linux",
    "fam:Windows",
    "fam:iOS",
    "fam:macOS"
  ]
}