{
  "level": "family",
  "alpha_B": 0.5,
  "m_cal": 6329,
  "q_hat_leaf_B": 0.06891554594039917,
  "metrics": {
    "coverage": 0.5050552922590837,
    "set_size_mean": 0.5074249605055292,
    "set_size_median": 1.0,
    "empty_rate": 0.4925750394944708,
    "singleton_rate": 0.5074249605055292,
    "base_top1_acc": 0.944391785150079,
    "top1_acc_non_empty": 0.9953300124533001,
    "hir": 0.0
  },
  "num_test_defined": 6330,
  "num_test_used": 6330,
  "class_labels": [
    "fam:Android",
    "fam:Linux",
    "fam:Windows",
    "fam:iOS",
    "fam:macOS"
  ]
}