{
  "level": "family",
  "alpha": 0.45,
  "m_k": 6329,
  "j": 3482,
  "quantile_step": 0.0001579778830963665,
  "q_hat": 0.0004914999008178711,
  "metrics": {
    "coverage": 0.5546603475513429,
    "set_size_mean": 0.5551342812006319,
    "set_size_median": 1.0,
    "empty_rate": 0.4448657187993681,
    "singleton_rate": 0.5551342812006319,
    "top1_acc_non_empty": 0.9991462720546386,
    "base_top1_acc": 0.9541864139020537,
    "hir": 0.23096366508688784
  },
  "num_test_defined": 6330,
  "num_test_used": 6330,
  "class_labels": [
    "fam:Android",
    "fam:Linux",
    "fam:Windows",
    "fam:iOS",
    "fam:macOS"
  ]
}