{
  "level": "family",
  "alpha_B": 0.3,
  "m_cal": 6329,
  "q_hat_leaf_B": 0.6221065521240234,
  "metrics": {
    "coverage": 0.7965244865718799,
    "set_size_mean": 0.839652448657188,
    "set_size_median": 1.0,
    "empty_rate": 0.1740916271721959,
    "singleton_rate": 0.8121642969984202,
    "base_top1_acc": 0.9462875197472354,
    "top1_acc_non_empty": 0.9577276205049732,
    "hir": 0.0
  },
  "num_test_defined": 6330,
  "num_test_used": 6330,
  "class_labels": [
    "fam:Android",
    "fam:Linux",
    "fam:Windows",
    "fam:iOS",
    "fam:macOS"
  ]
}