{
  "level": "family",
  "alpha": 0.075,
  "m_k": 6329,
  "j": 5856,
  "quantile_step": 0.0001579778830963665,
  "q_hat": 0.19001591205596924,
  "metrics": {
    "coverage": 0.9248025276461296,
    "set_size_mean": 0.9450236966824644,
    "set_size_median": 1.0,
    "empty_rate": 0.054976303317535544,
    "singleton_rate": 0.9450236966824644,
    "top1_acc_non_empty": 0.9786024740889334,
    "base_top1_acc": 0.9546603475513428,
    "hir": 0.23917851500789888
  },
  "num_test_defined": 6330,
  "num_test_used": 6330,
  "class_labels": [
    "fam:Android",
    "fam:Linux",
    "fam:Windows",
    "fam:iOS",
    "fam:macOS"
  ]
}