{
  "level": "family",
  "alpha": 0.45,
  "m_k": 6329,
  "j": 3482,
  "quantile_step": 0.0001579778830963665,
  "q_hat": 0.0005058050155639648,
  "metrics": {
    "coverage": 0.5584518167456556,
    "set_size_mean": 0.5589257503949447,
    "set_size_median": 1.0,
    "empty_rate": 0.4410742496050553,
    "singleton_rate": 0.5589257503949447,
    "top1_acc_non_empty": 0.999152063312606,
    "base_top1_acc": 0.9560821484992101,
    "hir": 0.23001579778830963
  },
  "num_test_defined": 6330,
  "num_test_used": 6330,
  "class_labels": [
    "fam:Android",
    "fam:Linux",
    "fam:Windows",
    "fam:iOS",
    "fam:macOS"
  ]
}