{
  "level": "family",
  "alpha_B": 0.35,
  "m_cal": 6329,
  "q_hat_leaf_B": 0.5026223659515381,
  "metrics": {
    "coverage": 0.7184834123222749,
    "set_size_mean": 0.7399684044233807,
    "set_size_median": 1.0,
    "empty_rate": 0.26003159557661926,
    "singleton_rate": 0.7399684044233807,
    "base_top1_acc": 0.9466034755134282,
    "top1_acc_non_empty": 0.9709649871904356,
    "hir": 0.0
  },
  "num_test_defined": 6330,
  "num_test_used": 6330,
  "class_labels": [
    "fam:Android",
    "fam:Linux",
    "fam:Windows",
    "fam:iOS",
    "fam:macOS"
  ]
}