{
  "level": "family",
  "alpha": 0.4,
  "m_k": 6329,
  "j": 3798,
  "quantile_step": 0.0001579778830963665,
  "q_hat": 0.0008702874183654785,
  "metrics": {
    "coverage": 0.5894154818325434,
    "set_size_mean": 0.590521327014218,
    "set_size_median": 1.0,
    "empty_rate": 0.409478672985782,
    "singleton_rate": 0.590521327014218,
    "top1_acc_non_empty": 0.99812734082397,
    "base_top1_acc": 0.952132701421801,
    "hir": 0.23933649289099526
  },
  "num_test_defined": 6330,
  "num_test_used": 6330,
  "class_labels": [
    "fam:Android",
    "fam:Linux",
    "fam:Windows",
    "fam:iOS",
    "fam:macOS"
  ]
}