{
  "level": "family",
  "alpha": 0.4,
  "m_k": 6329,
  "j": 3798,
  "quantile_step": 0.0001579778830963665,
  "q_hat": 0.0010781288146972656,
  "metrics": {
    "coverage": 0.6115323854660347,
    "set_size_mean": 0.6121642969984202,
    "set_size_median": 1.0,
    "empty_rate": 0.38783570300157977,
    "singleton_rate": 0.6121642969984202,
    "top1_acc_non_empty": 0.9989677419354839,
    "base_top1_acc": 0.9554502369668246,
    "hir": 0.23933649289099526
  },
  "num_test_defined": 6330,
  "num_test_used": 6330,
  "class_labels": [
    "fam:Android",
    "fam:Linux",
    "fam:Windows",
    "fam:iOS",
    "fam:macOS"
  ]
}