{
  "level": "family",
  "alpha_LoUPCP": 0.03,
  "m_cal": 6329,
  "q_hat_leaf_LoUPCP": 0.9632245898246765,
  "metrics": {
    "coverage": 0.987045813586098,
    "set_size_mean": 1.2963665086887837,
    "set_size_median": 1.0,
    "empty_rate": 0.0,
    "singleton_rate": 0.7633491311216429,
    "base_top1_acc": 0.9404423380726699,
    "top1_acc_non_empty": 0.9404423380726699,
    "hir": 0.0
  },
  "num_test_defined": 6330,
  "num_test_used": 6330,
  "class_labels": [
    "fam:Android",
    "fam:Linux",
    "fam:Windows",
    "fam:iOS",
    "fam:macOS"
  ]
}