{
  "level": "family",
  "alpha": 0.075,
  "m_k": 6329,
  "j": 5856,
  "quantile_step": 0.0001579778830963665,
  "q_hat": 0.18443679809570312,
  "metrics": {
    "coverage": 0.9230647709320695,
    "set_size_mean": 0.9428120063191153,
    "set_size_median": 1.0,
    "empty_rate": 0.057187993680884674,
    "singleton_rate": 0.9428120063191153,
    "top1_acc_non_empty": 0.9790549597855228,
    "base_top1_acc": 0.9540284360189574,
    "hir": 0.2458135860979463
  },
  "num_test_defined": 6330,
  "num_test_used": 6330,
  "class_labels": [
    "fam:Android",
    "fam:Linux",
    "fam:Windows",
    "fam:iOS",
    "fam:macOS"
  ]
}