{
  "level": "family",
  "alpha": 0.35,
  "m_k": 6329,
  "j": 4115,
  "quantile_step": 0.0001579778830963665,
  "q_hat": 0.0022628307342529297,
  "metrics": {
    "coverage": 0.6660347551342812,
    "set_size_mean": 0.6672985781990521,
    "set_size_median": 1.0,
    "empty_rate": 0.33270142180094786,
    "singleton_rate": 0.6672985781990521,
    "top1_acc_non_empty": 0.9981060606060606,
    "base_top1_acc": 0.9557661927330173,
    "hir": 0.285781990521327
  },
  "num_test_defined": 6330,
  "num_test_used": 6330,
  "class_labels": [
    "fam:Android",
    "fam:Linux",
    "fam:Windows",
    "fam:iOS",
    "fam:macOS"
  ]
}