{
  "level": "family",
  "alpha": 0.25,
  "m_k": 6329,
  "j": 4748,
  "quantile_step": 0.0001579778830963665,
  "q_hat": 0.010541915893554688,
  "metrics": {
    "coverage": 0.7576619273301738,
    "set_size_mean": 0.7597156398104266,
    "set_size_median": 1.0,
    "empty_rate": 0.24028436018957347,
    "singleton_rate": 0.7597156398104266,
    "top1_acc_non_empty": 0.9972967352880017,
    "base_top1_acc": 0.9546603475513428,
    "hir": 0.3769352290679305
  },
  "num_test_defined": 6330,
  "num_test_used": 6330,
  "class_labels": [
    "fam:Android",
    "fam:Linux",
    "fam:Windows",
    "fam:iOS",
    "fam:macOS"
  ]
}