{
  "level": "family",
  "alpha_LoUPCP": 0.05,
  "m_cal": 6329,
  "q_hat_leaf_LoUPCP": 0.9412468075752258,
  "metrics": {
    "coverage": 0.9830963665086888,
    "set_size_mean": 1.2121642969984203,
    "set_size_median": 1.0,
    "empty_rate": 0.0,
    "singleton_rate": 0.8211690363349131,
    "base_top1_acc": 0.9448657187993681,
    "top1_acc_non_empty": 0.9448657187993681,
    "hir": 0.0
  },
  "num_test_defined": 6330,
  "num_test_used": 6330,
  "class_labels": [
    "fam:Android",
    "fam:Linux",
    "fam:Windows",
    "fam:iOS",
    "fam:macOS"
  ]
}