{
  "level": "family",
  "alpha_B": 0.25,
  "m_cal": 6329,
  "q_hat_leaf_B": 0.706635057926178,
  "metrics": {
    "coverage": 0.8788309636650868,
    "set_size_mean": 0.9478672985781991,
    "set_size_median": 1.0,
    "empty_rate": 0.08309636650868879,
    "singleton_rate": 0.8859399684044234,
    "base_top1_acc": 0.9440758293838862,
    "top1_acc_non_empty": 0.948828394210889,
    "hir": 0.0
  },
  "num_test_defined": 6330,
  "num_test_used": 6330,
  "class_labels": [
    "fam:Android",
    "fam:Linux",
    "fam:Windows",
    "fam:iOS",
    "fam:macOS"
  ]
}