{
  "level": "family",
  "alpha": 0.25,
  "m_k": 6329,
  "j": 4748,
  "quantile_step": 0.0001579778830963665,
  "q_hat": 0.009864628314971924,
  "metrics": {
    "coverage": 0.7529225908372827,
    "set_size_mean": 0.7559241706161137,
    "set_size_median": 1.0,
    "empty_rate": 0.24407582938388625,
    "singleton_rate": 0.7559241706161137,
    "top1_acc_non_empty": 0.9960292580982236,
    "base_top1_acc": 0.953870458135861,
    "hir": 0.3707740916271722
  },
  "num_test_defined": 6330,
  "num_test_used": 6330,
  "class_labels": [
    "fam:Android",
    "fam:Linux",
    "fam:Windows",
    "fam:iOS",
    "fam:macOS"
  ]
}