{
  "level": "family",
  "alpha_B": 0.25,
  "m_cal": 6329,
  "q_hat_leaf_B": 0.693006694316864,
  "metrics": {
    "coverage": 0.8624012638230648,
    "set_size_mean": 0.9263823064770932,
    "set_size_median": 1.0,
    "empty_rate": 0.10126382306477093,
    "singleton_rate": 0.8710900473933649,
    "base_top1_acc": 0.9428120063191153,
    "top1_acc_non_empty": 0.9486728774828617,
    "hir": 0.0
  },
  "num_test_defined": 6330,
  "num_test_used": 6330,
  "class_labels": [
    "fam:Android",
    "fam:Linux",
    "fam:Windows",
    "fam:iOS",
    "fam:macOS"
  ]
}