{
  "level": "family",
  "alpha_B": 0.01,
  "m_cal": 6329,
  "q_hat_leaf_B": 0.9950135350227356,
  "metrics": {
    "coverage": 0.9962085308056872,
    "set_size_mean": 1.6218009478672986,
    "set_size_median": 1.0,
    "empty_rate": 0.0,
    "singleton_rate": 0.5682464454976304,
    "base_top1_acc": 0.9440758293838862,
    "top1_acc_non_empty": 0.9440758293838862,
    "hir": 0.0
  },
  "num_test_defined": 6330,
  "num_test_used": 6330,
  "class_labels": [
    "fam:Android",
    "fam:Linux",
    "fam:Windows",
    "fam:iOS",
    "fam:macOS"
  ]
}