{
  "level": "family",
  "alpha": 0.02,
  "m_k": 6329,
  "j": 6204,
  "quantile_step": 0.0001579778830963665,
  "q_hat": 0.9144785404205322,
  "metrics": {
    "coverage": 0.9818325434439179,
    "set_size_mean": 1.1140600315955766,
    "set_size_median": 1.0,
    "empty_rate": 0.0,
    "singleton_rate": 0.8944707740916271,
    "top1_acc_non_empty": 0.956872037914692,
    "base_top1_acc": 0.956872037914692,
    "hir": 0.41390205371248023
  },
  "num_test_defined": 6330,
  "num_test_used": 6330,
  "class_labels": [
    "fam:Android",
    "fam:Linux",
    "fam:Windows",
    "fam:iOS",
    "fam:macOS"
  ]
}