{
  "level": "family",
  "alpha": 0.15,
  "m_k": 6329,
  "j": 5381,
  "quantile_step": 0.0001579778830963665,
  "q_hat": 0.08374375104904175,
  "metrics": {
    "coverage": 0.8639810426540284,
    "set_size_mean": 0.8725118483412322,
    "set_size_median": 1.0,
    "empty_rate": 0.12748815165876778,
    "singleton_rate": 0.8725118483412322,
    "top1_acc_non_empty": 0.9902227050516024,
    "base_top1_acc": 0.958609794628752,
    "hir": 0.2616113744075829
  },
  "num_test_defined": 6330,
  "num_test_used": 6330,
  "class_labels": [
    "fam:Android",
    "fam:Linux",
    "fam:Windows",
    "fam:iOS",
    "fam:macOS"
  ]
}