{
  "level": "family",
  "alpha_LoUPCP": 0.2,
  "m_cal": 6329,
  "q_hat_leaf_LoUPCP": 0.7669780850410461,
  "metrics": {
    "coverage": 0.9429699842022117,
    "set_size_mean": 1.020221169036335,
    "set_size_median": 1.0,
    "empty_rate": 0.01990521327014218,
    "singleton_rate": 0.9399684044233807,
    "base_top1_acc": 0.946129541864139,
    "top1_acc_non_empty": 0.9485815602836879,
    "hir": 0.0
  },
  "num_test_defined": 6330,
  "num_test_used": 6330,
  "class_labels": [
    "fam:Android",
    "fam:Linux",
    "fam:Windows",
    "fam:iOS",
    "fam:macOS"
  ]
}