{
  "level": "family",
  "alpha_LoUPCP": 0.03,
  "m_cal": 6329,
  "q_hat_leaf_LoUPCP": 0.9711787700653076,
  "metrics": {
    "coverage": 0.9890995260663508,
    "set_size_mean": 1.3078988941548184,
    "set_size_median": 1.0,
    "empty_rate": 0.0,
    "singleton_rate": 0.7575039494470774,
    "base_top1_acc": 0.9442338072669826,
    "top1_acc_non_empty": 0.9442338072669826,
    "hir": 0.0
  },
  "num_test_defined": 6330,
  "num_test_used": 6330,
  "class_labels": [
    "fam:Android",
    "fam:Linux",
    "fam:Windows",
    "fam:iOS",
    "fam:macOS"
  ]
}