{
  "level": "family",
  "alpha_B": 0.1,
  "m_cal": 6329,
  "q_hat_leaf_B": 0.8268959522247314,
  "metrics": {
    "coverage": 0.9589257503949447,
    "set_size_mean": 1.0636650868878357,
    "set_size_median": 1.0,
    "empty_rate": 0.0007898894154818325,
    "singleton_rate": 0.9360189573459715,
    "base_top1_acc": 0.9390205371248025,
    "top1_acc_non_empty": 0.9397628458498024,
    "hir": 0.0
  },
  "num_test_defined": 6330,
  "num_test_used": 6330,
  "class_labels": [
    "fam:Android",
    "fam:Linux",
    "fam:Windows",
    "fam:iOS",
    "fam:macOS"
  ]
}