{
  "level": "family",
  "alpha_B": 0.01,
  "m_cal": 6329,
  "q_hat_leaf_B": 0.9938192963600159,
  "metrics": {
    "coverage": 0.995260663507109,
    "set_size_mean": 1.5488151658767773,
    "set_size_median": 1.0,
    "empty_rate": 0.0,
    "singleton_rate": 0.6165876777251185,
    "base_top1_acc": 0.9436018957345972,
    "top1_acc_non_empty": 0.9436018957345972,
    "hir": 0.0
  },
  "num_test_defined": 6330,
  "num_test_used": 6330,
  "class_labels": [
    "fam:Android",
    "fam:Linux",
    "fam:Windows",
    "fam:iOS",
    "fam:macOS"
  ]
}