{
  "level": "family",
  "alpha": 0.02,
  "m_k": 6329,
  "j": 6204,
  "quantile_step": 0.0001579778830963665,
  "q_hat": 0.9103361964225769,
  "metrics": {
    "coverage": 0.9788309636650869,
    "set_size_mean": 1.1009478672985782,
    "set_size_median": 1.0,
    "empty_rate": 0.0,
    "singleton_rate": 0.9080568720379147,
    "top1_acc_non_empty": 0.9541864139020537,
    "base_top1_acc": 0.9541864139020537,
    "hir": 0.40363349131121645
  },
  "num_test_defined": 6330,
  "num_test_used": 6330,
  "class_labels": [
    "fam:Android",
    "fam:Linux",
    "fam:Windows",
    "fam:iOS",
    "fam:macOS"
  ]
}