coverage,set_size_mean,set_size_median,empty_rate,singleton_rate,top1_acc_non_empty,base_top1_acc,hir,level,alpha,run
0.8048973143759871,2.262559241706161,2.0,0.0,0.286097946287519,0.7570300157977881,0.825750394944707,,major,0.15,1
