coverage,set_size_mean,set_size_median,empty_rate,singleton_rate,top1_acc_non_empty,base_top1_acc,hir,level,alpha,run
0.8663507109004731,1.6691943127962081,2.0,0.0,0.340758293838862,0.8410742496050551,0.944391785150079,0.0,family,0.15,1
0.855924170616113,1.643285939968404,2.0,0.0,0.363823064770932,0.834281200631911,0.9428120063191151,0.0,family,0.15,2
0.8660347551342811,1.658293838862559,2.0,0.0,0.35102685624012603,0.8432859399684041,0.944391785150079,0.0,family,0.15,3
0.862243285939968,1.6570300157977882,2.0,0.0,0.352448657187993,0.840916271721958,0.9440758293838861,0.0,family,0.15,4
0.8616113744075831,1.658293838862559,2.0,0.0,0.35213270142180103,0.840758293838862,0.9406003159557661,0.0,family,0.15,5
