coverage,set_size_mean,set_size_median,empty_rate,singleton_rate,top1_acc_non_empty,base_top1_acc,hir,level,alpha,run
0.765560821484992,4.649605055292259,4.0,0.0,0.136018957345971,0.6624012638230641,0.72780410742496,,leaf,0.15,1
0.7559241706161131,4.557503949447077,4.0,0.0,0.14265402843601802,0.653080568720379,0.7184834123222741,,leaf,0.15,2
0.7584518167456551,4.615323854660348,4.0,0.0,0.13996840442338002,0.658925750394944,0.7251184834123221,,leaf,0.15,3
0.7628751974723531,4.585150078988941,4.0,0.0,0.145813586097946,0.6603475513428121,0.7279620853080561,,leaf,0.15,4
0.7605055292259081,4.529225908372828,4.0,0.0,0.14265402843601802,0.660663507109004,0.7236966824644551,,leaf,0.15,5
