coverage,set_size_mean,set_size_median,empty_rate,singleton_rate,top1_acc_non_empty,base_top1_acc,hir,level,alpha,run
0.8663507109004731,1.6691943127962081,2.0,0.0,0.340758293838862,0.8410742496050551,0.944391785150079,0.0,family,0.15,1
