coverage,set_size_mean,set_size_median,empty_rate,singleton_rate,top1_acc_non_empty,base_top1_acc,hir,level,alpha,run
0.8048973143759871,2.262559241706161,2.0,0.0,0.286097946287519,0.7570300157977881,0.825750394944707,,major,0.15,1
0.796524486571879,2.223696682464455,2.0,0.0,0.30473933649289103,0.7486571879936801,0.816903633491311,,major,0.15,2
0.8014218009478671,2.244391785150079,2.0,0.0,0.29431279620853,0.754502369668246,0.8232227488151651,,major,0.15,3
0.8023696682464451,2.240916271721959,2.0,0.0,0.296998420221169,0.7549763033175351,0.8254344391785151,,major,0.15,4
0.8004739336492891,2.212638230647709,2.0,0.0,0.296524486571879,0.755608214849921,0.8208530805687201,,major,0.15,5
