{
  "level": "family",
  "alpha_B": 0.4,
  "m_cal": 6329,
  "q_hat_leaf_B": 0.3199594020843506,
  "metrics": {
    "coverage": 0.628436018957346,
    "set_size_mean": 0.637914691943128,
    "set_size_median": 1.0,
    "empty_rate": 0.36208530805687206,
    "singleton_rate": 0.637914691943128,
    "base_top1_acc": 0.9442338072669826,
    "top1_acc_non_empty": 0.9851411589895989,
    "hir": 0.0
  },
  "num_test_defined": 6330,
  "num_test_used": 6330,
  "class_labels": [
    "fam:Android",
    "fam:Linux",
    "fam:Windows",
    "fam:iOS",
    "fam:macOS"
  ]
}