{
  "level": "family",
  "alpha_B": 0.4,
  "m_cal": 6329,
  "q_hat_leaf_B": 0.3139052987098694,
  "metrics": {
    "coverage": 0.6248025276461295,
    "set_size_mean": 0.6345971563981042,
    "set_size_median": 1.0,
    "empty_rate": 0.36540284360189573,
    "singleton_rate": 0.6345971563981042,
    "base_top1_acc": 0.9436018957345972,
    "top1_acc_non_empty": 0.9845655962160816,
    "hir": 0.0
  },
  "num_test_defined": 6330,
  "num_test_used": 6330,
  "class_labels": [
    "fam:Android",
    "fam:Linux",
    "fam:Windows",
    "fam:iOS",
    "fam:macOS"
  ]
}