{
  "level": "family",
  "alpha_B": 0.5,
  "m_cal": 6329,
  "q_hat_leaf_B": 0.06930750608444214,
  "metrics": {
    "coverage": 0.5074249605055292,
    "set_size_mean": 0.5101105845181675,
    "set_size_median": 1.0,
    "empty_rate": 0.48988941548183257,
    "singleton_rate": 0.5101105845181675,
    "base_top1_acc": 0.9440758293838862,
    "top1_acc_non_empty": 0.9947352121399814,
    "hir": 0.0
  },
  "num_test_defined": 6330,
  "num_test_used": 6330,
  "class_labels": [
    "fam:Android",
    "fam:Linux",
    "fam:Windows",
    "fam:iOS",
    "fam:macOS"
  ]
}