{
  "level": "family",
  "alpha": 0.45,
  "m_k": 6329,
  "j": 3482,
  "quantile_step": 0.0001579778830963665,
  "q_hat": 0.0004907846450805664,
  "metrics": {
    "coverage": 0.5530805687203791,
    "set_size_mean": 0.5533965244865718,
    "set_size_median": 1.0,
    "empty_rate": 0.4466034755134281,
    "singleton_rate": 0.5533965244865718,
    "top1_acc_non_empty": 0.9994290608050242,
    "base_top1_acc": 0.955608214849921,
    "hir": 0.2287519747235387
  },
  "num_test_defined": 6330,
  "num_test_used": 6330,
  "class_labels": [
    "fam:Android",
    "fam:Linux",
    "fam:Windows",
    "fam:iOS",
    "fam:macOS"
  ]
}