{
  "level": "family",
  "alpha_B": 0.35,
  "m_cal": 6329,
  "q_hat_leaf_B": 0.5068175196647644,
  "metrics": {
    "coverage": 0.7249605055292259,
    "set_size_mean": 0.7481832543443918,
    "set_size_median": 1.0,
    "empty_rate": 0.2518167456556082,
    "singleton_rate": 0.7481832543443918,
    "base_top1_acc": 0.9434439178515008,
    "top1_acc_non_empty": 0.9689611486486487,
    "hir": 0.0
  },
  "num_test_defined": 6330,
  "num_test_used": 6330,
  "class_labels": [
    "fam:Android",
    "fam:Linux",
    "fam:Windows",
    "fam:iOS",
    "fam:macOS"
  ]
}