{
  "level": "family",
  "alpha": 0.5,
  "m_k": 6329,
  "j": 3165,
  "quantile_step": 0.0001579778830963665,
  "q_hat": 0.0002631545066833496,
  "metrics": {
    "coverage": 0.4985781990521327,
    "set_size_mean": 0.4987361769352291,
    "set_size_median": 0.0,
    "empty_rate": 0.5012638230647709,
    "singleton_rate": 0.4987361769352291,
    "top1_acc_non_empty": 0.9996832435856826,
    "base_top1_acc": 0.9571879936808847,
    "hir": 0.2720379146919431
  },
  "num_test_defined": 6330,
  "num_test_used": 6330,
  "class_labels": [
    "fam:Android",
    "fam:Linux",
    "fam:Windows",
    "fam:iOS",
    "fam:macOS"
  ]
}