{
  "level": "family",
  "alpha": 0.01,
  "m_k": 6329,
  "j": 6267,
  "quantile_step": 0.0001579778830963665,
  "q_hat": 0.9524999260902405,
  "metrics": {
    "coverage": 0.9902053712480253,
    "set_size_mean": 1.2210110584518168,
    "set_size_median": 1.0,
    "empty_rate": 0.0,
    "singleton_rate": 0.8208530805687204,
    "top1_acc_non_empty": 0.9554502369668246,
    "base_top1_acc": 0.9554502369668246,
    "hir": 0.49589257503949447
  },
  "num_test_defined": 6330,
  "num_test_used": 6330,
  "class_labels": [
    "fam:Android",
    "fam:Linux",
    "fam:Windows",
    "fam:iOS",
    "fam:macOS"
  ]
}