{
  "level": "family",
  "alpha": 0.0,
  "m_k": 6329,
  "j": 6329,
  "quantile_step": 0.0001579778830963665,
  "q_hat": 0.9999926686286926,
  "metrics": {
    "coverage": 0.9992101105845181,
    "set_size_mean": 3.0458135860979465,
    "set_size_median": 3.0,
    "empty_rate": 0.0,
    "singleton_rate": 0.1740916271721959,
    "top1_acc_non_empty": 0.9559241706161138,
    "base_top1_acc": 0.9559241706161138,
    "hir": 0.9086887835703001
  },
  "num_test_defined": 6330,
  "num_test_used": 6330,
  "class_labels": [
    "fam:Android",
    "fam:Linux",
    "fam:Windows",
    "fam:iOS",
    "fam:macOS"
  ]
}