level,alpha,m_k,j,quantile_step,q_hat,num_test_defined,num_test_used
family,0.04,6329,6077,0.0001579778830963665,0.6611135601997375,6330,6330
