{
  "level": "family",
  "alpha_LoUPCP": 0.05,
  "m_cal": 6329,
  "q_hat_leaf_LoUPCP": 0.9410279393196106,
  "metrics": {
    "coverage": 0.9821484992101106,
    "set_size_mean": 1.202211690363349,
    "set_size_median": 1.0,
    "empty_rate": 0.0,
    "singleton_rate": 0.8344391785150079,
    "base_top1_acc": 0.944391785150079,
    "top1_acc_non_empty": 0.944391785150079,
    "hir": 0.0
  },
  "num_test_defined": 6330,
  "num_test_used": 6330,
  "class_labels": [
    "fam:Android",
    "fam:Linux",
    "fam:Windows",
    "fam:iOS",
    "fam:macOS"
  ]
}