{
  "level": "family",
  "alpha_LoUPCP": 0.1,
  "m_cal": 6329,
  "q_hat_leaf_LoUPCP": 0.8327863812446594,
  "metrics": {
    "coverage": 0.9644549763033176,
    "set_size_mean": 1.0625592417061611,
    "set_size_median": 1.0,
    "empty_rate": 0.0001579778830963665,
    "singleton_rate": 0.9383886255924171,
    "base_top1_acc": 0.946129541864139,
    "top1_acc_non_empty": 0.9462790330225944,
    "hir": 0.0
  },
  "num_test_defined": 6330,
  "num_test_used": 6330,
  "class_labels": [
    "fam:Android",
    "fam:Linux",
    "fam:Windows",
    "fam:iOS",
    "fam:macOS"
  ]
}