{
  "level": "family",
  "alpha": 0.04,
  "m_k": 6329,
  "j": 6077,
  "quantile_step": 0.0001579778830963665,
  "q_hat": 0.5973787903785706,
  "metrics": {
    "coverage": 0.9567140600315955,
    "set_size_mean": 1.004265402843602,
    "set_size_median": 1.0,
    "empty_rate": 0.001579778830963665,
    "singleton_rate": 0.9925750394944708,
    "top1_acc_non_empty": 0.954746835443038,
    "base_top1_acc": 0.953870458135861,
    "hir": 0.3410742496050553
  },
  "num_test_defined": 6330,
  "num_test_used": 6330,
  "class_labels": [
    "fam:Android",
    "fam:Linux",
    "fam:Windows",
    "fam:iOS",
    "fam:macOS"
  ]
}