{
  "level": "family",
  "alpha_LoUPCP": 0.5,
  "m_cal": 6329,
  "q_hat_leaf_LoUPCP": 0.07212048768997192,
  "metrics": {
    "coverage": 0.5153238546603476,
    "set_size_mean": 0.5175355450236967,
    "set_size_median": 1.0,
    "empty_rate": 0.4824644549763033,
    "singleton_rate": 0.5175355450236967,
    "base_top1_acc": 0.9447077409162717,
    "top1_acc_non_empty": 0.9957264957264957,
    "hir": 0.0
  },
  "num_test_defined": 6330,
  "num_test_used": 6330,
  "class_labels": [
    "fam:Android",
    "fam:Linux",
    "fam:Windows",
    "fam:iOS",
    "fam:macOS"
  ]
}