{
  "level": "family",
  "alpha_LoUPCP": 0.1,
  "m_cal": 6329,
  "q_hat_leaf_LoUPCP": 0.829659104347229,
  "metrics": {
    "coverage": 0.9600315955766193,
    "set_size_mean": 1.0638230647709321,
    "set_size_median": 1.0,
    "empty_rate": 0.001263823064770932,
    "singleton_rate": 0.9347551342812006,
    "base_top1_acc": 0.9382306477093207,
    "top1_acc_non_empty": 0.939259727934198,
    "hir": 0.0
  },
  "num_test_defined": 6330,
  "num_test_used": 6330,
  "class_labels": [
    "fam:Android",
    "fam:Linux",
    "fam:Windows",
    "fam:iOS",
    "fam:macOS"
  ]
}