{
  "level": "family",
  "alpha_B": 0.25,
  "m_cal": 6329,
  "q_hat_leaf_B": 0.7128029465675354,
  "metrics": {
    "coverage": 0.8916271721958926,
    "set_size_mean": 0.9593996840442338,
    "set_size_median": 1.0,
    "empty_rate": 0.07424960505529225,
    "singleton_rate": 0.8921011058451817,
    "base_top1_acc": 0.9464454976303317,
    "top1_acc_non_empty": 0.9513651877133106,
    "hir": 0.0
  },
  "num_test_defined": 6330,
  "num_test_used": 6330,
  "class_labels": [
    "fam:Android",
    "fam:Linux",
    "fam:Windows",
    "fam:iOS",
    "fam:macOS"
  ]
}