{
  "level": "family",
  "alpha": 0.075,
  "m_k": 6329,
  "j": 5856,
  "quantile_step": 0.0001579778830963665,
  "q_hat": 0.20815157890319824,
  "metrics": {
    "coverage": 0.9308056872037914,
    "set_size_mean": 0.9513428120063191,
    "set_size_median": 1.0,
    "empty_rate": 0.048657187993680885,
    "singleton_rate": 0.9513428120063191,
    "top1_acc_non_empty": 0.9784124875456659,
    "base_top1_acc": 0.9578199052132701,
    "hir": 0.24439178515007898
  },
  "num_test_defined": 6330,
  "num_test_used": 6330,
  "class_labels": [
    "fam:Android",
    "fam:Linux",
    "fam:Windows",
    "fam:iOS",
    "fam:macOS"
  ]
}