{
  "level": "family",
  "alpha_B": 0.4,
  "m_cal": 6329,
  "q_hat_leaf_B": 0.34468913078308105,
  "metrics": {
    "coverage": 0.6404423380726698,
    "set_size_mean": 0.6502369668246446,
    "set_size_median": 1.0,
    "empty_rate": 0.34976303317535545,
    "singleton_rate": 0.6502369668246446,
    "base_top1_acc": 0.946129541864139,
    "top1_acc_non_empty": 0.9849368318756074,
    "hir": 0.0
  },
  "num_test_defined": 6330,
  "num_test_used": 6330,
  "class_labels": [
    "fam:Android",
    "fam:Linux",
    "fam:Windows",
    "fam:iOS",
    "fam:macOS"
  ]
}