{
  "level": "family",
  "alpha": 0.075,
  "m_k": 6329,
  "j": 5856,
  "quantile_step": 0.0001579778830963665,
  "q_hat": 0.18635284900665283,
  "metrics": {
    "coverage": 0.9241706161137441,
    "set_size_mean": 0.9470774091627172,
    "set_size_median": 1.0,
    "empty_rate": 0.05292259083728278,
    "singleton_rate": 0.9470774091627172,
    "top1_acc_non_empty": 0.97581317764804,
    "base_top1_acc": 0.9546603475513428,
    "hir": 0.23996840442338072
  },
  "num_test_defined": 6330,
  "num_test_used": 6330,
  "class_labels": [
    "fam:Android",
    "fam:Linux",
    "fam:Windows",
    "fam:iOS",
    "fam:macOS"
  ]
}