{
  "level": "family",
  "alpha": 0.2,
  "m_k": 6329,
  "j": 5064,
  "quantile_step": 0.0001579778830963665,
  "q_hat": 0.03250706195831299,
  "metrics": {
    "coverage": 0.7993680884676145,
    "set_size_mean": 0.8037914691943128,
    "set_size_median": 1.0,
    "empty_rate": 0.1962085308056872,
    "singleton_rate": 0.8037914691943128,
    "top1_acc_non_empty": 0.9944968553459119,
    "base_top1_acc": 0.9570300157977883,
    "hir": 0.33364928909952607
  },
  "num_test_defined": 6330,
  "num_test_used": 6330,
  "class_labels": [
    "fam:Android",
    "fam:Linux",
    "fam:Windows",
    "fam:iOS",
    "fam:macOS"
  ]
}