level,alpha,m_k,j,quantile_step,q_hat,num_test_defined,num_test_used
leaf,0.5,6329,3165,0.0001579778830963665,0.05491971969604492,6330,6330
