{
  "level": "family",
  "alpha": 0.5,
  "m_k": 6329,
  "j": 3165,
  "quantile_step": 0.0001579778830963665,
  "q_hat": 0.00024145841598510742,
  "metrics": {
    "coverage": 0.4859399684044234,
    "set_size_mean": 0.48609794628751973,
    "set_size_median": 0.0,
    "empty_rate": 0.5139020537124802,
    "singleton_rate": 0.48609794628751973,
    "top1_acc_non_empty": 0.9996750081247969,
    "base_top1_acc": 0.9529225908372828,
    "hir": 0.2742496050552923
  },
  "num_test_defined": 6330,
  "num_test_used": 6330,
  "class_labels": [
    "fam:Android",
    "fam:Linux",
    "fam:Windows",
    "fam:iOS",
    "fam:macOS"
  ]
}