{
  "level": "family",
  "alpha_LoUPCP": 0.5,
  "m_cal": 6329,
  "q_hat_leaf_LoUPCP": 0.059707581996917725,
  "metrics": {
    "coverage": 0.4919431279620853,
    "set_size_mean": 0.4947867298578199,
    "set_size_median": 0.0,
    "empty_rate": 0.5052132701421801,
    "singleton_rate": 0.4947867298578199,
    "base_top1_acc": 0.9409162717219589,
    "top1_acc_non_empty": 0.9942528735632183,
    "hir": 0.0
  },
  "num_test_defined": 6330,
  "num_test_used": 6330,
  "class_labels": [
    "fam:Android",
    "fam:Linux",
    "fam:Windows",
    "fam:iOS",
    "fam:macOS"
  ]
}