{
  "level": "family",
  "alpha_B": 0.03,
  "m_cal": 6329,
  "q_hat_leaf_B": 0.9720752835273743,
  "metrics": {
    "coverage": 0.9903633491311217,
    "set_size_mean": 1.3203791469194313,
    "set_size_median": 1.0,
    "empty_rate": 0.0,
    "singleton_rate": 0.7515007898894155,
    "base_top1_acc": 0.943127962085308,
    "top1_acc_non_empty": 0.943127962085308,
    "hir": 0.0
  },
  "num_test_defined": 6330,
  "num_test_used": 6330,
  "class_labels": [
    "fam:Android",
    "fam:Linux",
    "fam:Windows",
    "fam:iOS",
    "fam:macOS"
  ]
}