{
  "level": "family",
  "alpha_B": 0.1,
  "m_cal": 6329,
  "q_hat_leaf_B": 0.8285873532295227,
  "metrics": {
    "coverage": 0.9635071090047393,
    "set_size_mean": 1.0619273301737757,
    "set_size_median": 1.0,
    "empty_rate": 0.0009478672985781991,
    "singleton_rate": 0.9374407582938389,
    "base_top1_acc": 0.9436018957345972,
    "top1_acc_non_empty": 0.9443390259329538,
    "hir": 0.0
  },
  "num_test_defined": 6330,
  "num_test_used": 6330,
  "class_labels": [
    "fam:Android",
    "fam:Linux",
    "fam:Windows",
    "fam:iOS",
    "fam:macOS"
  ]
}