{
  "level": "family",
  "alpha_LoUPCP": 0.01,
  "m_cal": 6329,
  "q_hat_leaf_LoUPCP": 0.9953347444534302,
  "metrics": {
    "coverage": 0.9976303317535545,
    "set_size_mean": 1.6357030015797789,
    "set_size_median": 1.0,
    "empty_rate": 0.0,
    "singleton_rate": 0.5627172195892575,
    "base_top1_acc": 0.9447077409162717,
    "top1_acc_non_empty": 0.9447077409162717,
    "hir": 0.0
  },
  "num_test_defined": 6330,
  "num_test_used": 6330,
  "class_labels": [
    "fam:Android",
    "fam:Linux",
    "fam:Windows",
    "fam:iOS",
    "fam:macOS"
  ]
}