{
  "level": "family",
  "alpha": 0.45,
  "m_k": 6329,
  "j": 3482,
  "quantile_step": 0.0001579778830963665,
  "q_hat": 0.0004761219024658203,
  "metrics": {
    "coverage": 0.5505529225908373,
    "set_size_mean": 0.5507109004739337,
    "set_size_median": 1.0,
    "empty_rate": 0.4492890995260663,
    "singleton_rate": 0.5507109004739337,
    "top1_acc_non_empty": 0.9997131382673551,
    "base_top1_acc": 0.957345971563981,
    "hir": 0.23285939968404423
  },
  "num_test_defined": 6330,
  "num_test_used": 6330,
  "class_labels": [
    "fam:Android",
    "fam:Linux",
    "fam:Windows",
    "fam:iOS",
    "fam:macOS"
  ]
}