{
  "level": "family",
  "alpha_LoUPCP": 0.04,
  "m_cal": 6329,
  "q_hat_leaf_LoUPCP": 0.9563300013542175,
  "metrics": {
    "coverage": 0.9867298578199052,
    "set_size_mean": 1.2709320695102686,
    "set_size_median": 1.0,
    "empty_rate": 0.0,
    "singleton_rate": 0.7800947867298578,
    "base_top1_acc": 0.946129541864139,
    "top1_acc_non_empty": 0.946129541864139,
    "hir": 0.0
  },
  "num_test_defined": 6330,
  "num_test_used": 6330,
  "class_labels": [
    "fam:Android",
    "fam:Linux",
    "fam:Windows",
    "fam:iOS",
    "fam:macOS"
  ]
}