{
  "level": "family",
  "alpha": 0.3,
  "m_k": 6329,
  "j": 4431,
  "quantile_step": 0.0001579778830963665,
  "q_hat": 0.004328608512878418,
  "metrics": {
    "coverage": 0.7129541864139021,
    "set_size_mean": 0.7156398104265402,
    "set_size_median": 1.0,
    "empty_rate": 0.2843601895734597,
    "singleton_rate": 0.7156398104265402,
    "top1_acc_non_empty": 0.9962472406181015,
    "base_top1_acc": 0.9578199052132701,
    "hir": 0.37109004739336493
  },
  "num_test_defined": 6330,
  "num_test_used": 6330,
  "class_labels": [
    "fam:Android",
    "fam:Linux",
    "fam:Windows",
    "fam:iOS",
    "fam:macOS"
  ]
}