{
  "level": "family",
  "alpha_LoUPCP": 0.25,
  "m_cal": 6329,
  "q_hat_leaf_LoUPCP": 0.6966410279273987,
  "metrics": {
    "coverage": 0.8755134281200632,
    "set_size_mean": 0.9440758293838862,
    "set_size_median": 1.0,
    "empty_rate": 0.08578199052132701,
    "singleton_rate": 0.8843601895734597,
    "base_top1_acc": 0.9409162717219589,
    "top1_acc_non_empty": 0.94677725937446,
    "hir": 0.0
  },
  "num_test_defined": 6330,
  "num_test_used": 6330,
  "class_labels": [
    "fam:Android",
    "fam:Linux",
    "fam:Windows",
    "fam:iOS",
    "fam:macOS"
  ]
}