{
  "level": "family",
  "alpha": 0.15,
  "m_k": 6329,
  "j": 5381,
  "quantile_step": 0.0001579778830963665,
  "q_hat": 0.08261466026306152,
  "metrics": {
    "coverage": 0.8515007898894155,
    "set_size_mean": 0.8592417061611375,
    "set_size_median": 1.0,
    "empty_rate": 0.14075829383886257,
    "singleton_rate": 0.8592417061611375,
    "top1_acc_non_empty": 0.990990990990991,
    "base_top1_acc": 0.9546603475513428,
    "hir": 0.2800947867298578
  },
  "num_test_defined": 6330,
  "num_test_used": 6330,
  "class_labels": [
    "fam:Android",
    "fam:Linux",
    "fam:Windows",
    "fam:iOS",
    "fam:macOS"
  ]
}