{
  "level": "family",
  "alpha": 0.3,
  "m_k": 6329,
  "j": 4431,
  "quantile_step": 0.0001579778830963665,
  "q_hat": 0.0037837624549865723,
  "metrics": {
    "coverage": 0.69826224328594,
    "set_size_mean": 0.7,
    "set_size_median": 1.0,
    "empty_rate": 0.3,
    "singleton_rate": 0.7,
    "top1_acc_non_empty": 0.9975174904084857,
    "base_top1_acc": 0.9546603475513428,
    "hir": 0.3744075829383886
  },
  "num_test_defined": 6330,
  "num_test_used": 6330,
  "class_labels": [
    "fam:Android",
    "fam:Linux",
    "fam:Windows",
    "fam:iOS",
    "fam:macOS"
  ]
}