{
  "level": "family",
  "alpha": 0.1,
  "m_k": 6329,
  "j": 5697,
  "quantile_step": 0.0001579778830963665,
  "q_hat": 0.12937462329864502,
  "metrics": {
    "coverage": 0.9001579778830964,
    "set_size_mean": 0.9164296998420222,
    "set_size_median": 1.0,
    "empty_rate": 0.08357030015797788,
    "singleton_rate": 0.9164296998420222,
    "top1_acc_non_empty": 0.9822444406136873,
    "base_top1_acc": 0.953870458135861,
    "hir": 0.23917851500789888
  },
  "num_test_defined": 6330,
  "num_test_used": 6330,
  "class_labels": [
    "fam:Android",
    "fam:Linux",
    "fam:Windows",
    "fam:iOS",
    "fam:macOS"
  ]
}