{
  "level": "family",
  "alpha": 0.5,
  "m_k": 6329,
  "j": 3165,
  "quantile_step": 0.0001579778830963665,
  "q_hat": 0.000283658504486084,
  "metrics": {
    "coverage": 0.5069510268562402,
    "set_size_mean": 0.5072669826224329,
    "set_size_median": 1.0,
    "empty_rate": 0.49273301737756714,
    "singleton_rate": 0.5072669826224329,
    "top1_acc_non_empty": 0.9993771410775459,
    "base_top1_acc": 0.9565560821484992,
    "hir": 0.2781990521327014
  },
  "num_test_defined": 6330,
  "num_test_used": 6330,
  "class_labels": [
    "fam:Android",
    "fam:Linux",
    "fam:Windows",
    "fam:iOS",
    "fam:macOS"
  ]
}