{
  "level": "family",
  "alpha_LoUPCP": 0.45,
  "m_cal": 6329,
  "q_hat_leaf_LoUPCP": 0.14964979887008667,
  "metrics": {
    "coverage": 0.5469194312796208,
    "set_size_mean": 0.5511848341232227,
    "set_size_median": 1.0,
    "empty_rate": 0.4488151658767773,
    "singleton_rate": 0.5511848341232227,
    "base_top1_acc": 0.9409162717219589,
    "top1_acc_non_empty": 0.9922613929492692,
    "hir": 0.0
  },
  "num_test_defined": 6330,
  "num_test_used": 6330,
  "class_labels": [
    "fam:Android",
    "fam:Linux",
    "fam:Windows",
    "fam:iOS",
    "fam:macOS"
  ]
}