{
  "level": "family",
  "alpha_B": 0.25,
  "m_cal": 6329,
  "q_hat_leaf_B": 0.7031617164611816,
  "metrics": {
    "coverage": 0.8810426540284361,
    "set_size_mean": 0.9503949447077409,
    "set_size_median": 1.0,
    "empty_rate": 0.08199052132701422,
    "singleton_rate": 0.8856240126382307,
    "base_top1_acc": 0.9448657187993681,
    "top1_acc_non_empty": 0.9487179487179487,
    "hir": 0.0
  },
  "num_test_defined": 6330,
  "num_test_used": 6330,
  "class_labels": [
    "fam:Android",
    "fam:Linux",
    "fam:Windows",
    "fam:iOS",
    "fam:macOS"
  ]
}