{
  "level": "family",
  "alpha_LoUPCP": 0.2,
  "m_cal": 6329,
  "q_hat_leaf_LoUPCP": 0.7639009356498718,
  "metrics": {
    "coverage": 0.9375987361769352,
    "set_size_mean": 1.0176935229067932,
    "set_size_median": 1.0,
    "empty_rate": 0.02353870458135861,
    "singleton_rate": 0.9352290679304898,
    "base_top1_acc": 0.9429699842022117,
    "top1_acc_non_empty": 0.9454780779809092,
    "hir": 0.0
  },
  "num_test_defined": 6330,
  "num_test_used": 6330,
  "class_labels": [
    "fam:Android",
    "fam:Linux",
    "fam:Windows",
    "fam:iOS",
    "fam:macOS"
  ]
}