{
  "level": "family",
  "alpha": 0.05,
  "m_k": 6329,
  "j": 6014,
  "quantile_step": 0.0001579778830963665,
  "q_hat": 0.4024885296821594,
  "metrics": {
    "coverage": 0.9515007898894154,
    "set_size_mean": 0.9865718799368088,
    "set_size_median": 1.0,
    "empty_rate": 0.013428120063191154,
    "singleton_rate": 0.9865718799368088,
    "top1_acc_non_empty": 0.9644515612489992,
    "base_top1_acc": 0.9565560821484992,
    "hir": 0.2890995260663507
  },
  "num_test_defined": 6330,
  "num_test_used": 6330,
  "class_labels": [
    "fam:Android",
    "fam:Linux",
    "fam:Windows",
    "fam:iOS",
    "fam:macOS"
  ]
}