{
  "level": "family",
  "alpha_B": 0.4,
  "m_cal": 6329,
  "q_hat_leaf_B": 0.3271782398223877,
  "metrics": {
    "coverage": 0.631911532385466,
    "set_size_mean": 0.6417061611374407,
    "set_size_median": 1.0,
    "empty_rate": 0.3582938388625592,
    "singleton_rate": 0.6417061611374407,
    "base_top1_acc": 0.944391785150079,
    "top1_acc_non_empty": 0.9847365829640571,
    "hir": 0.0
  },
  "num_test_defined": 6330,
  "num_test_used": 6330,
  "class_labels": [
    "fam:Android",
    "fam:Linux",
    "fam:Windows",
    "fam:iOS",
    "fam:macOS"
  ]
}