{
  "level": "family",
  "alpha": 0.04,
  "m_k": 6329,
  "j": 6077,
  "quantile_step": 0.0001579778830963665,
  "q_hat": 0.6394768953323364,
  "metrics": {
    "coverage": 0.9605055292259084,
    "set_size_mean": 1.0085308056872038,
    "set_size_median": 1.0,
    "empty_rate": 0.0001579778830963665,
    "singleton_rate": 0.9911532385466034,
    "top1_acc_non_empty": 0.9560752093537683,
    "base_top1_acc": 0.9559241706161138,
    "hir": 0.3333333333333333
  },
  "num_test_defined": 6330,
  "num_test_used": 6330,
  "class_labels": [
    "fam:Android",
    "fam:Linux",
    "fam:Windows",
    "fam:iOS",
    "fam:macOS"
  ]
}