{
  "level": "family",
  "alpha": 0.075,
  "m_k": 6329,
  "j": 5856,
  "quantile_step": 0.0001579778830963665,
  "q_hat": 0.18848323822021484,
  "metrics": {
    "coverage": 0.9243285939968404,
    "set_size_mean": 0.9447077409162717,
    "set_size_median": 1.0,
    "empty_rate": 0.05529225908372828,
    "singleton_rate": 0.9447077409162717,
    "top1_acc_non_empty": 0.978428093645485,
    "base_top1_acc": 0.955608214849921,
    "hir": 0.23917851500789888
  },
  "num_test_defined": 6330,
  "num_test_used": 6330,
  "class_labels": [
    "fam:Android",
    "fam:Linux",
    "fam:Windows",
    "fam:iOS",
    "fam:macOS"
  ]
}