{
  "level": "family",
  "alpha": 0.075,
  "m_k": 6329,
  "j": 5856,
  "quantile_step": 0.0001579778830963665,
  "q_hat": 0.1931593418121338,
  "metrics": {
    "coverage": 0.9263823064770932,
    "set_size_mean": 0.9481832543443918,
    "set_size_median": 1.0,
    "empty_rate": 0.05181674565560822,
    "singleton_rate": 0.9481832543443918,
    "top1_acc_non_empty": 0.9770076641119627,
    "base_top1_acc": 0.9540284360189574,
    "hir": 0.25213270142180094
  },
  "num_test_defined": 6330,
  "num_test_used": 6330,
  "class_labels": [
    "fam:Android",
    "fam:Linux",
    "fam:Windows",
    "fam:iOS",
    "fam:macOS"
  ]
}