{
  "level": "family",
  "alpha": 0.075,
  "m_k": 6329,
  "j": 5856,
  "quantile_step": 0.0001579778830963665,
  "q_hat": 0.2072279453277588,
  "metrics": {
    "coverage": 0.9300157977883097,
    "set_size_mean": 0.9518167456556083,
    "set_size_median": 1.0,
    "empty_rate": 0.04818325434439179,
    "singleton_rate": 0.9518167456556083,
    "top1_acc_non_empty": 0.9770954356846473,
    "base_top1_acc": 0.9559241706161138,
    "hir": 0.2325434439178515
  },
  "num_test_defined": 6330,
  "num_test_used": 6330,
  "class_labels": [
    "fam:Android",
    "fam:Linux",
    "fam:Windows",
    "fam:iOS",
    "fam:macOS"
  ]
}