{
  "level": "family",
  "alpha_LoUPCP": 0.3,
  "m_cal": 6329,
  "q_hat_leaf_LoUPCP": 0.6220881938934326,
  "metrics": {
    "coverage": 0.7941548183254344,
    "set_size_mean": 0.8387045813586098,
    "set_size_median": 1.0,
    "empty_rate": 0.17472353870458135,
    "singleton_rate": 0.8118483412322275,
    "base_top1_acc": 0.9436018957345972,
    "top1_acc_non_empty": 0.9563552833078101,
    "hir": 0.0
  },
  "num_test_defined": 6330,
  "num_test_used": 6330,
  "class_labels": [
    "fam:Android",
    "fam:Linux",
    "fam:Windows",
    "fam:iOS",
    "fam:macOS"
  ]
}