{
  "level": "family",
  "alpha_B": 0.2,
  "m_cal": 6329,
  "q_hat_leaf_B": 0.7663785815238953,
  "metrics": {
    "coverage": 0.9379146919431279,
    "set_size_mean": 1.0184834123222748,
    "set_size_median": 1.0,
    "empty_rate": 0.02306477093206951,
    "singleton_rate": 0.9353870458135861,
    "base_top1_acc": 0.943127962085308,
    "top1_acc_non_empty": 0.946313065976714,
    "hir": 0.0
  },
  "num_test_defined": 6330,
  "num_test_used": 6330,
  "class_labels": [
    "fam:Android",
    "fam:Linux",
    "fam:Windows",
    "fam:iOS",
    "fam:macOS"
  ]
}