{
  "level": "family",
  "alpha_B": 0.35,
  "m_cal": 6329,
  "q_hat_leaf_B": 0.4999944567680359,
  "metrics": {
    "coverage": 0.715955766192733,
    "set_size_mean": 0.7372827804107425,
    "set_size_median": 1.0,
    "empty_rate": 0.2627172195892575,
    "singleton_rate": 0.7372827804107425,
    "base_top1_acc": 0.9447077409162717,
    "top1_acc_non_empty": 0.971073494750375,
    "hir": 0.0
  },
  "num_test_defined": 6330,
  "num_test_used": 6330,
  "class_labels": [
    "fam:Android",
    "fam:Linux",
    "fam:Windows",
    "fam:iOS",
    "fam:macOS"
  ]
}