{
  "level": "family",
  "alpha": 0.04,
  "m_k": 6329,
  "j": 6077,
  "quantile_step": 0.0001579778830963665,
  "q_hat": 0.617334246635437,
  "metrics": {
    "coverage": 0.9581358609794629,
    "set_size_mean": 1.0063191153238547,
    "set_size_median": 1.0,
    "empty_rate": 0.000631911532385466,
    "singleton_rate": 0.9924170616113744,
    "top1_acc_non_empty": 0.9549478343344926,
    "base_top1_acc": 0.9545023696682464,
    "hir": 0.33270142180094786
  },
  "num_test_defined": 6330,
  "num_test_used": 6330,
  "class_labels": [
    "fam:Android",
    "fam:Linux",
    "fam:Windows",
    "fam:iOS",
    "fam:macOS"
  ]
}