{
  "level": "family",
  "alpha_B": 0.15,
  "m_cal": 6329,
  "q_hat_leaf_B": 0.7830459475517273,
  "metrics": {
    "coverage": 0.9533965244865719,
    "set_size_mean": 1.0338072669826224,
    "set_size_median": 1.0,
    "empty_rate": 0.009636650868878356,
    "singleton_rate": 0.9469194312796209,
    "base_top1_acc": 0.9423380726698263,
    "top1_acc_non_empty": 0.9459243898548413,
    "hir": 0.0
  },
  "num_test_defined": 6330,
  "num_test_used": 6330,
  "class_labels": [
    "fam:Android",
    "fam:Linux",
    "fam:Windows",
    "fam:iOS",
    "fam:macOS"
  ]
}