{
  "level": "family",
  "alpha_LoUPCP": 0.25,
  "m_cal": 6329,
  "q_hat_leaf_LoUPCP": 0.7001349925994873,
  "metrics": {
    "coverage": 0.873301737756714,
    "set_size_mean": 0.9429699842022117,
    "set_size_median": 1.0,
    "empty_rate": 0.08830963665086888,
    "singleton_rate": 0.8804107424960506,
    "base_top1_acc": 0.943127962085308,
    "top1_acc_non_empty": 0.9478426615837809,
    "hir": 0.0
  },
  "num_test_defined": 6330,
  "num_test_used": 6330,
  "class_labels": [
    "fam:Android",
    "fam:Linux",
    "fam:Windows",
    "fam:iOS",
    "fam:macOS"
  ]
}