{
  "level": "family",
  "alpha_LoUPCP": 0.25,
  "m_cal": 6329,
  "q_hat_leaf_LoUPCP": 0.6960443258285522,
  "metrics": {
    "coverage": 0.8764612954186414,
    "set_size_mean": 0.9436018957345972,
    "set_size_median": 1.0,
    "empty_rate": 0.08530805687203792,
    "singleton_rate": 0.885781990521327,
    "base_top1_acc": 0.9417061611374408,
    "top1_acc_non_empty": 0.9469775474956822,
    "hir": 0.0
  },
  "num_test_defined": 6330,
  "num_test_used": 6330,
  "class_labels": [
    "fam:Android",
    "fam:Linux",
    "fam:Windows",
    "fam:iOS",
    "fam:macOS"
  ]
}