{
  "level": "family",
  "alpha_SCP": 0.2,
  "tau": 0.37373737373737376,
  "m": 1000,
  "calibration_info": {
    "tau": 0.37373737373737376,
    "coverage": 0.8006004108073945,
    "target_coverage": 0.8,
    "n_cal": 6329
  },
  "metrics": {
    "coverage": 0.8243285939968404,
    "set_size_mean": 1.5744075829383886,
    "set_size_median": 2.0,
    "empty_rate": 0.0,
    "singleton_rate": 0.42669826224328594,
    "base_top1_acc": 0.9428120063191153,
    "top1_acc_non_empty": 0.8148499210110585,
    "hir": 0.0
  },
  "num_test_defined": 6330,
  "num_test_used": 6330,
  "class_labels": [
    "fam:Android",
    "fam:Linux",
    "fam:Windows",
    "fam:iOS",
    "fam:macOS"
  ]
}