{
  "level": "family",
  "alpha": 0.075,
  "m_k": 6329,
  "j": 5856,
  "quantile_step": 0.0001579778830963665,
  "q_hat": 0.19795221090316772,
  "metrics": {
    "coverage": 0.9281200631911533,
    "set_size_mean": 0.9494470774091627,
    "set_size_median": 1.0,
    "empty_rate": 0.05055292259083728,
    "singleton_rate": 0.9494470774091627,
    "top1_acc_non_empty": 0.9775374376039934,
    "base_top1_acc": 0.9559241706161138,
    "hir": 0.24375987361769352
  },
  "num_test_defined": 6330,
  "num_test_used": 6330,
  "class_labels": [
    "fam:Android",
    "fam:Linux",
    "fam:Windows",
    "fam:iOS",
    "fam:macOS"
  ]
}