{
  "level": "family",
  "alpha": 0.01,
  "m_k": 6329,
  "j": 6267,
  "quantile_step": 0.0001579778830963665,
  "q_hat": 0.9506869316101074,
  "metrics": {
    "coverage": 0.9892575039494471,
    "set_size_mean": 1.221169036334913,
    "set_size_median": 1.0,
    "empty_rate": 0.0,
    "singleton_rate": 0.8197472353870459,
    "top1_acc_non_empty": 0.9551342812006319,
    "base_top1_acc": 0.9551342812006319,
    "hir": 0.4947867298578199
  },
  "num_test_defined": 6330,
  "num_test_used": 6330,
  "class_labels": [
    "fam:Android",
    "fam:Linux",
    "fam:Windows",
    "fam:iOS",
    "fam:macOS"
  ]
}