{
  "level": "family",
  "alpha_B": 0.3,
  "m_cal": 6329,
  "q_hat_leaf_B": 0.6258538961410522,
  "metrics": {
    "coverage": 0.7939968404423381,
    "set_size_mean": 0.8410742496050553,
    "set_size_median": 1.0,
    "empty_rate": 0.17424960505529227,
    "singleton_rate": 0.8104265402843602,
    "base_top1_acc": 0.9434439178515008,
    "top1_acc_non_empty": 0.9550411325808303,
    "hir": 0.0
  },
  "num_test_defined": 6330,
  "num_test_used": 6330,
  "class_labels": [
    "fam:Android",
    "fam:Linux",
    "fam:Windows",
    "fam:iOS",
    "fam:macOS"
  ]
}