{
  "level": "family",
  "alpha_B": 0.5,
  "m_cal": 6329,
  "q_hat_leaf_B": 0.06196993589401245,
  "metrics": {
    "coverage": 0.4933649289099526,
    "set_size_mean": 0.4960505529225908,
    "set_size_median": 0.0,
    "empty_rate": 0.5039494470774092,
    "singleton_rate": 0.4960505529225908,
    "base_top1_acc": 0.944391785150079,
    "top1_acc_non_empty": 0.9945859872611464,
    "hir": 0.0
  },
  "num_test_defined": 6330,
  "num_test_used": 6330,
  "class_labels": [
    "fam:Android",
    "fam:Linux",
    "fam:Windows",
    "fam:iOS",
    "fam:macOS"
  ]
}