{
  "level": "family",
  "alpha": 0.25,
  "m_k": 6329,
  "j": 4748,
  "quantile_step": 0.0001579778830963665,
  "q_hat": 0.008430302143096924,
  "metrics": {
    "coverage": 0.740916271721959,
    "set_size_mean": 0.7447077409162717,
    "set_size_median": 1.0,
    "empty_rate": 0.25529225908372827,
    "singleton_rate": 0.7447077409162717,
    "top1_acc_non_empty": 0.9949087823504454,
    "base_top1_acc": 0.9519747235387046,
    "hir": 0.37993680884676145
  },
  "num_test_defined": 6330,
  "num_test_used": 6330,
  "class_labels": [
    "fam:Android",
    "fam:Linux",
    "fam:Windows",
    "fam:iOS",
    "fam:macOS"
  ]
}