{
  "level": "family",
  "alpha": 0.3,
  "m_k": 6329,
  "j": 4431,
  "quantile_step": 0.0001579778830963665,
  "q_hat": 0.004002690315246582,
  "metrics": {
    "coverage": 0.7036334913112164,
    "set_size_mean": 0.7060031595576619,
    "set_size_median": 1.0,
    "empty_rate": 0.2939968404423381,
    "singleton_rate": 0.7060031595576619,
    "top1_acc_non_empty": 0.9966435444170956,
    "base_top1_acc": 0.9529225908372828,
    "hir": 0.3598736176935229
  },
  "num_test_defined": 6330,
  "num_test_used": 6330,
  "class_labels": [
    "fam:Android",
    "fam:Linux",
    "fam:Windows",
    "fam:iOS",
    "fam:macOS"
  ]
}