{
  "level": "family",
  "alpha_B": 0.075,
  "m_cal": 6329,
  "q_hat_leaf_B": 0.9019795060157776,
  "metrics": {
    "coverage": 0.972827804107425,
    "set_size_mean": 1.1097946287519747,
    "set_size_median": 1.0,
    "empty_rate": 0.0,
    "singleton_rate": 0.9004739336492891,
    "base_top1_acc": 0.9451816745655608,
    "top1_acc_non_empty": 0.9451816745655608,
    "hir": 0.0
  },
  "num_test_defined": 6330,
  "num_test_used": 6330,
  "class_labels": [
    "fam:Android",
    "fam:Linux",
    "fam:Windows",
    "fam:iOS",
    "fam:macOS"
  ]
}