{
  "level": "family",
  "alpha": 0.35,
  "m_k": 6329,
  "j": 4115,
  "quantile_step": 0.0001579778830963665,
  "q_hat": 0.001830458641052246,
  "metrics": {
    "coverage": 0.6372827804107425,
    "set_size_mean": 0.6387045813586097,
    "set_size_median": 1.0,
    "empty_rate": 0.3612954186413902,
    "singleton_rate": 0.6387045813586097,
    "top1_acc_non_empty": 0.9977739302498145,
    "base_top1_acc": 0.952132701421801,
    "hir": 0.2791469194312796
  },
  "num_test_defined": 6330,
  "num_test_used": 6330,
  "class_labels": [
    "fam:Android",
    "fam:Linux",
    "fam:Windows",
    "fam:iOS",
    "fam:macOS"
  ]
}