{
  "level": "family",
  "alpha": 0.25,
  "m_k": 6329,
  "j": 4748,
  "quantile_step": 0.0001579778830963665,
  "q_hat": 0.010112106800079346,
  "metrics": {
    "coverage": 0.753870458135861,
    "set_size_mean": 0.7570300157977883,
    "set_size_median": 1.0,
    "empty_rate": 0.2429699842022117,
    "singleton_rate": 0.7570300157977883,
    "top1_acc_non_empty": 0.9958263772954925,
    "base_top1_acc": 0.955608214849921,
    "hir": 0.3721958925750395
  },
  "num_test_defined": 6330,
  "num_test_used": 6330,
  "class_labels": [
    "fam:Android",
    "fam:Linux",
    "fam:Windows",
    "fam:iOS",
    "fam:macOS"
  ]
}