{
  "level": "family",
  "alpha_B": 0.4,
  "m_cal": 6329,
  "q_hat_leaf_B": 0.3144111633300781,
  "metrics": {
    "coverage": 0.6221169036334913,
    "set_size_mean": 0.6320695102685624,
    "set_size_median": 1.0,
    "empty_rate": 0.3679304897314376,
    "singleton_rate": 0.6320695102685624,
    "base_top1_acc": 0.9418641390205371,
    "top1_acc_non_empty": 0.984253936515871,
    "hir": 0.0
  },
  "num_test_defined": 6330,
  "num_test_used": 6330,
  "class_labels": [
    "fam:Android",
    "fam:Linux",
    "fam:Windows",
    "fam:iOS",
    "fam:macOS"
  ]
}