{
  "level": "family",
  "alpha_LoUPCP": 0.5,
  "m_cal": 6329,
  "q_hat_leaf_LoUPCP": 0.05491971969604492,
  "metrics": {
    "coverage": 0.4826224328593997,
    "set_size_mean": 0.48530805687203793,
    "set_size_median": 0.0,
    "empty_rate": 0.5146919431279621,
    "singleton_rate": 0.48530805687203793,
    "base_top1_acc": 0.9391785150078988,
    "top1_acc_non_empty": 0.9944661458333334,
    "hir": 0.0
  },
  "num_test_defined": 6330,
  "num_test_used": 6330,
  "class_labels": [
    "fam:Android",
    "fam:Linux",
    "fam:Windows",
    "fam:iOS",
    "fam:macOS"
  ]
}