{
  "level": "family",
  "alpha": 0.1,
  "m_k": 6329,
  "j": 5697,
  "quantile_step": 0.0001579778830963665,
  "q_hat": 0.12209069728851318,
  "metrics": {
    "coverage": 0.8939968404423381,
    "set_size_mean": 0.9074249605055292,
    "set_size_median": 1.0,
    "empty_rate": 0.09257503949447077,
    "singleton_rate": 0.9074249605055292,
    "top1_acc_non_empty": 0.9852019498607242,
    "base_top1_acc": 0.9560821484992101,
    "hir": 0.23475513428120062
  },
  "num_test_defined": 6330,
  "num_test_used": 6330,
  "class_labels": [
    "fam:Android",
    "fam:Linux",
    "fam:Windows",
    "fam:iOS",
    "fam:macOS"
  ]
}