{
  "level": "family",
  "alpha_B": 0.35,
  "m_cal": 6329,
  "q_hat_leaf_B": 0.5026730298995972,
  "metrics": {
    "coverage": 0.7183254344391785,
    "set_size_mean": 0.7421800947867299,
    "set_size_median": 1.0,
    "empty_rate": 0.25781990521327014,
    "singleton_rate": 0.7421800947867299,
    "base_top1_acc": 0.9439178515007899,
    "top1_acc_non_empty": 0.9678586632609621,
    "hir": 0.0
  },
  "num_test_defined": 6330,
  "num_test_used": 6330,
  "class_labels": [
    "fam:Android",
    "fam:Linux",
    "fam:Windows",
    "fam:iOS",
    "fam:macOS"
  ]
}