{
  "level": "family",
  "alpha": 0.05,
  "m_k": 6329,
  "j": 6014,
  "quantile_step": 0.0001579778830963665,
  "q_hat": 0.4073474407196045,
  "metrics": {
    "coverage": 0.9519747235387046,
    "set_size_mean": 0.987519747235387,
    "set_size_median": 1.0,
    "empty_rate": 0.012480252764612954,
    "singleton_rate": 0.987519747235387,
    "top1_acc_non_empty": 0.9640057590785475,
    "base_top1_acc": 0.9567140600315955,
    "hir": 0.3281200631911532
  },
  "num_test_defined": 6330,
  "num_test_used": 6330,
  "class_labels": [
    "fam:Android",
    "fam:Linux",
    "fam:Windows",
    "fam:iOS",
    "fam:macOS"
  ]
}