{
  "level": "family",
  "alpha_B": 0.15,
  "m_cal": 6329,
  "q_hat_leaf_B": 0.7833132743835449,
  "metrics": {
    "coverage": 0.9511848341232227,
    "set_size_mean": 1.0355450236966826,
    "set_size_median": 1.0,
    "empty_rate": 0.009162717219589257,
    "singleton_rate": 0.946129541864139,
    "base_top1_acc": 0.9418641390205371,
    "top1_acc_non_empty": 0.9446747448979592,
    "hir": 0.0
  },
  "num_test_defined": 6330,
  "num_test_used": 6330,
  "class_labels": [
    "fam:Android",
    "fam:Linux",
    "fam:Windows",
    "fam:iOS",
    "fam:macOS"
  ]
}