{
  "level": "family",
  "alpha": 0.05,
  "m_k": 6329,
  "j": 6014,
  "quantile_step": 0.0001579778830963665,
  "q_hat": 0.3652598261833191,
  "metrics": {
    "coverage": 0.9462875197472354,
    "set_size_mean": 0.982306477093207,
    "set_size_median": 1.0,
    "empty_rate": 0.01769352290679305,
    "singleton_rate": 0.982306477093207,
    "top1_acc_non_empty": 0.9633322611772274,
    "base_top1_acc": 0.9532385466034755,
    "hir": 0.29020537124802526
  },
  "num_test_defined": 6330,
  "num_test_used": 6330,
  "class_labels": [
    "fam:Android",
    "fam:Linux",
    "fam:Windows",
    "fam:iOS",
    "fam:macOS"
  ]
}