{
  "level": "family",
  "alpha_B": 0.35,
  "m_cal": 6329,
  "q_hat_leaf_B": 0.4995623230934143,
  "metrics": {
    "coverage": 0.7140600315955766,
    "set_size_mean": 0.7366508688783571,
    "set_size_median": 1.0,
    "empty_rate": 0.263349131121643,
    "singleton_rate": 0.7366508688783571,
    "base_top1_acc": 0.9434439178515008,
    "top1_acc_non_empty": 0.9693330473943813,
    "hir": 0.0
  },
  "num_test_defined": 6330,
  "num_test_used": 6330,
  "class_labels": [
    "fam:Android",
    "fam:Linux",
    "fam:Windows",
    "fam:iOS",
    "fam:macOS"
  ]
}