{
  "level": "family",
  "alpha": 0.2,
  "m_k": 6329,
  "j": 5064,
  "quantile_step": 0.0001579778830963665,
  "q_hat": 0.03736269474029541,
  "metrics": {
    "coverage": 0.8104265402843602,
    "set_size_mean": 0.8148499210110585,
    "set_size_median": 1.0,
    "empty_rate": 0.18515007898894154,
    "singleton_rate": 0.8148499210110585,
    "top1_acc_non_empty": 0.9945715393563397,
    "base_top1_acc": 0.958609794628752,
    "hir": 0.32338072669826223
  },
  "num_test_defined": 6330,
  "num_test_used": 6330,
  "class_labels": [
    "fam:Android",
    "fam:Linux",
    "fam:Windows",
    "fam:iOS",
    "fam:macOS"
  ]
}