{
  "level": "family",
  "alpha": 0.1,
  "m_k": 6329,
  "j": 5697,
  "quantile_step": 0.0001579778830963665,
  "q_hat": 0.13139981031417847,
  "metrics": {
    "coverage": 0.9039494470774092,
    "set_size_mean": 0.9181674565560821,
    "set_size_median": 1.0,
    "empty_rate": 0.08183254344391785,
    "singleton_rate": 0.9181674565560821,
    "top1_acc_non_empty": 0.9845147969717826,
    "base_top1_acc": 0.9578199052132701,
    "hir": 0.23744075829383887
  },
  "num_test_defined": 6330,
  "num_test_used": 6330,
  "class_labels": [
    "fam:Android",
    "fam:Linux",
    "fam:Windows",
    "fam:iOS",
    "fam:macOS"
  ]
}