{
  "level": "family",
  "alpha_LoUPCP": 0.075,
  "m_cal": 6329,
  "q_hat_leaf_LoUPCP": 0.8974210023880005,
  "metrics": {
    "coverage": 0.972827804107425,
    "set_size_mean": 1.1015797788309636,
    "set_size_median": 1.0,
    "empty_rate": 0.0,
    "singleton_rate": 0.906477093206951,
    "base_top1_acc": 0.9464454976303317,
    "top1_acc_non_empty": 0.9464454976303317,
    "hir": 0.0
  },
  "num_test_defined": 6330,
  "num_test_used": 6330,
  "class_labels": [
    "fam:Android",
    "fam:Linux",
    "fam:Windows",
    "fam:iOS",
    "fam:macOS"
  ]
}