{
  "level": "family",
  "alpha": 0.05,
  "m_k": 6329,
  "j": 6014,
  "quantile_step": 0.0001579778830963665,
  "q_hat": 0.37983763217926025,
  "metrics": {
    "coverage": 0.9483412322274881,
    "set_size_mean": 0.9849921011058452,
    "set_size_median": 1.0,
    "empty_rate": 0.015007898894154818,
    "singleton_rate": 0.9849921011058452,
    "top1_acc_non_empty": 0.9627906976744186,
    "base_top1_acc": 0.9533965244865719,
    "hir": 0.3056872037914692
  },
  "num_test_defined": 6330,
  "num_test_used": 6330,
  "class_labels": [
    "fam:Android",
    "fam:Linux",
    "fam:Windows",
    "fam:iOS",
    "fam:macOS"
  ]
}