{
  "level": "family",
  "alpha_LoUPCP": 0.2,
  "m_cal": 6329,
  "q_hat_leaf_LoUPCP": 0.7638574242591858,
  "metrics": {
    "coverage": 0.9374407582938389,
    "set_size_mean": 1.0184834123222748,
    "set_size_median": 1.0,
    "empty_rate": 0.023380726698262244,
    "singleton_rate": 0.9347551342812006,
    "base_top1_acc": 0.9409162717219589,
    "top1_acc_non_empty": 0.944516337754772,
    "hir": 0.0
  },
  "num_test_defined": 6330,
  "num_test_used": 6330,
  "class_labels": [
    "fam:Android",
    "fam:Linux",
    "fam:Windows",
    "fam:iOS",
    "fam:macOS"
  ]
}