{
  "level": "family",
  "alpha": 0.25,
  "m_k": 6329,
  "j": 4748,
  "quantile_step": 0.0001579778830963665,
  "q_hat": 0.008747994899749756,
  "metrics": {
    "coverage": 0.7440758293838863,
    "set_size_mean": 0.7466034755134281,
    "set_size_median": 1.0,
    "empty_rate": 0.2533965244865719,
    "singleton_rate": 0.7466034755134281,
    "top1_acc_non_empty": 0.9966144731273805,
    "base_top1_acc": 0.9560821484992101,
    "hir": 0.37203791469194314
  },
  "num_test_defined": 6330,
  "num_test_used": 6330,
  "class_labels": [
    "fam:Android",
    "fam:Linux",
    "fam:Windows",
    "fam:iOS",
    "fam:macOS"
  ]
}