{
  "level": "family",
  "alpha": 0.4,
  "m_k": 6329,
  "j": 3798,
  "quantile_step": 0.0001579778830963665,
  "q_hat": 0.0009428858757019043,
  "metrics": {
    "coverage": 0.5981042654028436,
    "set_size_mean": 0.5990521327014218,
    "set_size_median": 1.0,
    "empty_rate": 0.4009478672985782,
    "singleton_rate": 0.5990521327014218,
    "top1_acc_non_empty": 0.9984177215189873,
    "base_top1_acc": 0.9576619273301737,
    "hir": 0.2424960505529226
  },
  "num_test_defined": 6330,
  "num_test_used": 6330,
  "class_labels": [
    "fam:Android",
    "fam:Linux",
    "fam:Windows",
    "fam:iOS",
    "fam:macOS"
  ]
}