{
  "level": "family",
  "alpha_B": 0.075,
  "m_cal": 6329,
  "q_hat_leaf_B": 0.8884096145629883,
  "metrics": {
    "coverage": 0.9699842022116903,
    "set_size_mean": 1.0943127962085308,
    "set_size_median": 1.0,
    "empty_rate": 0.0,
    "singleton_rate": 0.9140600315955766,
    "base_top1_acc": 0.943127962085308,
    "top1_acc_non_empty": 0.943127962085308,
    "hir": 0.0
  },
  "num_test_defined": 6330,
  "num_test_used": 6330,
  "class_labels": [
    "fam:Android",
    "fam:Linux",
    "fam:Windows",
    "fam:iOS",
    "fam:macOS"
  ]
}