{
  "level": "family",
  "alpha_B": 0.4,
  "m_cal": 6329,
  "q_hat_leaf_B": 0.30644547939300537,
  "metrics": {
    "coverage": 0.6187993680884676,
    "set_size_mean": 0.626698262243286,
    "set_size_median": 1.0,
    "empty_rate": 0.37330173775671405,
    "singleton_rate": 0.626698262243286,
    "base_top1_acc": 0.9390205371248025,
    "top1_acc_non_empty": 0.9873960171414167,
    "hir": 0.0
  },
  "num_test_defined": 6330,
  "num_test_used": 6330,
  "class_labels": [
    "fam:Android",
    "fam:Linux",
    "fam:Windows",
    "fam:iOS",
    "fam:macOS"
  ]
}