{
  "level": "family",
  "alpha": 0.4,
  "m_k": 6329,
  "j": 3798,
  "quantile_step": 0.0001579778830963665,
  "q_hat": 0.0011575818061828613,
  "metrics": {
    "coverage": 0.6181674565560822,
    "set_size_mean": 0.6187993680884676,
    "set_size_median": 1.0,
    "empty_rate": 0.38120063191153236,
    "singleton_rate": 0.6187993680884676,
    "top1_acc_non_empty": 0.9989788103140158,
    "base_top1_acc": 0.9557661927330173,
    "hir": 0.24423380726698263
  },
  "num_test_defined": 6330,
  "num_test_used": 6330,
  "class_labels": [
    "fam:Android",
    "fam:Linux",
    "fam:Windows",
    "fam:iOS",
    "fam:macOS"
  ]
}