{
  "level": "family",
  "alpha_B": 0.3,
  "m_cal": 6329,
  "q_hat_leaf_B": 0.6218039989471436,
  "metrics": {
    "coverage": 0.7951026856240127,
    "set_size_mean": 0.8393364928909952,
    "set_size_median": 1.0,
    "empty_rate": 0.17551342812006318,
    "singleton_rate": 0.8096366508688784,
    "base_top1_acc": 0.944391785150079,
    "top1_acc_non_empty": 0.9580379383023567,
    "hir": 0.0
  },
  "num_test_defined": 6330,
  "num_test_used": 6330,
  "class_labels": [
    "fam:Android",
    "fam:Linux",
    "fam:Windows",
    "fam:iOS",
    "fam:macOS"
  ]
}