{
  "level": "family",
  "alpha_B": 0.01,
  "m_cal": 6329,
  "q_hat_leaf_B": 0.9946051239967346,
  "metrics": {
    "coverage": 0.9958925750394945,
    "set_size_mean": 1.6074249605055293,
    "set_size_median": 1.0,
    "empty_rate": 0.0,
    "singleton_rate": 0.5818325434439179,
    "base_top1_acc": 0.9418641390205371,
    "top1_acc_non_empty": 0.9418641390205371,
    "hir": 0.0
  },
  "num_test_defined": 6330,
  "num_test_used": 6330,
  "class_labels": [
    "fam:Android",
    "fam:Linux",
    "fam:Windows",
    "fam:iOS",
    "fam:macOS"
  ]
}