{
  "level": "family",
  "alpha": 0.075,
  "m_k": 6329,
  "j": 5856,
  "quantile_step": 0.0001579778830963665,
  "q_hat": 0.2085912823677063,
  "metrics": {
    "coverage": 0.9320695102685624,
    "set_size_mean": 0.9535545023696682,
    "set_size_median": 1.0,
    "empty_rate": 0.046445497630331754,
    "singleton_rate": 0.9535545023696682,
    "top1_acc_non_empty": 0.9774685222001326,
    "base_top1_acc": 0.9570300157977883,
    "hir": 0.24091627172195892
  },
  "num_test_defined": 6330,
  "num_test_used": 6330,
  "class_labels": [
    "fam:Android",
    "fam:Linux",
    "fam:Windows",
    "fam:iOS",
    "fam:macOS"
  ]
}