{
  "level": "family",
  "alpha_B": 0.5,
  "m_cal": 6329,
  "q_hat_leaf_B": 0.06378573179244995,
  "metrics": {
    "coverage": 0.49589257503949447,
    "set_size_mean": 0.4987361769352291,
    "set_size_median": 0.0,
    "empty_rate": 0.5012638230647709,
    "singleton_rate": 0.4987361769352291,
    "base_top1_acc": 0.9442338072669826,
    "top1_acc_non_empty": 0.994298384542287,
    "hir": 0.0
  },
  "num_test_defined": 6330,
  "num_test_used": 6330,
  "class_labels": [
    "fam:Android",
    "fam:Linux",
    "fam:Windows",
    "fam:iOS",
    "fam:macOS"
  ]
}