{
  "level": "family",
  "alpha_B": 0.2,
  "m_cal": 6329,
  "q_hat_leaf_B": 0.7606820464134216,
  "metrics": {
    "coverage": 0.9309636650868879,
    "set_size_mean": 1.011216429699842,
    "set_size_median": 1.0,
    "empty_rate": 0.02890995260663507,
    "singleton_rate": 0.9309636650868879,
    "base_top1_acc": 0.9417061611374408,
    "top1_acc_non_empty": 0.9458272327964861,
    "hir": 0.0
  },
  "num_test_defined": 6330,
  "num_test_used": 6330,
  "class_labels": [
    "fam:Android",
    "fam:Linux",
    "fam:Windows",
    "fam:iOS",
    "fam:macOS"
  ]
}