{
  "level": "family",
  "alpha_LoUPCP": 0.3,
  "m_cal": 6329,
  "q_hat_leaf_LoUPCP": 0.6151647567749023,
  "metrics": {
    "coverage": 0.7916271721958926,
    "set_size_mean": 0.8347551342812006,
    "set_size_median": 1.0,
    "empty_rate": 0.17804107424960505,
    "singleton_rate": 0.8091627172195892,
    "base_top1_acc": 0.9447077409162717,
    "top1_acc_non_empty": 0.9575245050932154,
    "hir": 0.0
  },
  "num_test_defined": 6330,
  "num_test_used": 6330,
  "class_labels": [
    "fam:Android",
    "fam:Linux",
    "fam:Windows",
    "fam:iOS",
    "fam:macOS"
  ]
}