{
  "level": "family",
  "alpha": 0.01,
  "m_k": 6329,
  "j": 6267,
  "quantile_step": 0.0001579778830963665,
  "q_hat": 0.9502512216567993,
  "metrics": {
    "coverage": 0.9884676145339653,
    "set_size_mean": 1.2210110584518168,
    "set_size_median": 1.0,
    "empty_rate": 0.0,
    "singleton_rate": 0.8180094786729858,
    "top1_acc_non_empty": 0.9549763033175356,
    "base_top1_acc": 0.9549763033175356,
    "hir": 0.5069510268562402
  },
  "num_test_defined": 6330,
  "num_test_used": 6330,
  "class_labels": [
    "fam:Android",
    "fam:Linux",
    "fam:Windows",
    "fam:iOS",
    "fam:macOS"
  ]
}