{
  "level": "family",
  "alpha_LoUPCP": 0.45,
  "m_cal": 6329,
  "q_hat_leaf_LoUPCP": 0.16759121417999268,
  "metrics": {
    "coverage": 0.5600315955766193,
    "set_size_mean": 0.5647709320695102,
    "set_size_median": 1.0,
    "empty_rate": 0.4352290679304897,
    "singleton_rate": 0.5647709320695102,
    "base_top1_acc": 0.9459715639810427,
    "top1_acc_non_empty": 0.9916083916083916,
    "hir": 0.0
  },
  "num_test_defined": 6330,
  "num_test_used": 6330,
  "class_labels": [
    "fam:Android",
    "fam:Linux",
    "fam:Windows",
    "fam:iOS",
    "fam:macOS"
  ]
}