coverage_mean,coverage_std,set_size_mean_mean,set_size_mean_std,set_size_median_mean,set_size_median_std,empty_rate_mean,empty_rate_std,singleton_rate_mean,singleton_rate_std,top1_acc_non_empty_mean,top1_acc_non_empty_std,base_top1_acc_mean,base_top1_acc_std,hir_mean,hir_std
0.9815797788309633,0.0019108141692519916,1.1190837282780406,0.01821081439274304,1.0,0.0,0.0,0.0,0.8920063191153238,0.016146854437802064,0.9558609794628747,0.0018239434309476213,0.9558609794628747,0.0018239434309476213,0.39864139020537087,0.01436235313395612
