coverage,set_size_mean,set_size_median,empty_rate,singleton_rate,top1_acc_non_empty,base_top1_acc,hir,level,alpha,run
0.984360189573459,1.148499210110584,1.0,0.0,0.865718799368088,0.957187993680884,0.957187993680884,0.37488151658767704,family,0.02,1
0.98214849921011,1.123538704581358,1.0,0.0,0.8897314375987361,0.9546603475513421,0.9546603475513421,0.40284360189573404,family,0.02,2
0.979778830963665,1.104423380726698,1.0,0.0,0.9048973143759871,0.957345971563981,0.957345971563981,0.40015797788309604,family,0.02,3
0.9818325434439171,1.114060031595576,1.0,0.0,0.8944707740916271,0.9568720379146921,0.9568720379146921,0.41390205371248,family,0.02,4
0.979778830963665,1.104897314375987,1.0,0.0,0.9052132701421801,0.9532385466034751,0.9532385466034751,0.40142180094786706,family,0.02,5
