coverage,set_size_mean,set_size_median,empty_rate,singleton_rate,top1_acc_non_empty,base_top1_acc,hir,level,alpha,run
0.983096366508688,1.8466034755134282,1.0,0.0,0.57345971563981,0.8475513428120061,0.8475513428120061,,major,0.02,1
0.979778830963665,1.821958925750395,1.0,0.0,0.571563981042654,0.839652448657188,0.839652448657188,,major,0.02,2
0.9794628751974721,1.807740916271722,1.0,0.0,0.57693522906793,0.842969984202211,0.842969984202211,,major,0.02,3
0.9867298578199051,1.8786729857819902,1.0,0.0,0.561927330173775,0.847235387045813,0.847235387045813,,major,0.02,4
0.9736176935229061,1.738072669826224,1.0,0.0,0.5996840442338071,0.8410742496050551,0.8410742496050551,,major,0.02,5
