{
  "level": "family",
  "alpha_B": 0.45,
  "m_cal": 6329,
  "q_hat_leaf_B": 0.16059458255767822,
  "metrics": {
    "coverage": 0.5567140600315956,
    "set_size_mean": 0.560347551342812,
    "set_size_median": 1.0,
    "empty_rate": 0.439652448657188,
    "singleton_rate": 0.560347551342812,
    "base_top1_acc": 0.9393364928909953,
    "top1_acc_non_empty": 0.9935156470256555,
    "hir": 0.0
  },
  "num_test_defined": 6330,
  "num_test_used": 6330,
  "class_labels": [
    "fam:Android",
    "fam:Linux",
    "fam:Windows",
    "fam:iOS",
    "fam:macOS"
  ]
}