{
  "level": "family",
  "alpha_LoUPCP": 0.4,
  "m_cal": 6329,
  "q_hat_leaf_LoUPCP": 0.3238818049430847,
  "metrics": {
    "coverage": 0.6285939968404424,
    "set_size_mean": 0.637914691943128,
    "set_size_median": 1.0,
    "empty_rate": 0.36208530805687206,
    "singleton_rate": 0.637914691943128,
    "base_top1_acc": 0.9475513428120064,
    "top1_acc_non_empty": 0.9853888063397722,
    "hir": 0.0
  },
  "num_test_defined": 6330,
  "num_test_used": 6330,
  "class_labels": [
    "fam:Android",
    "fam:Linux",
    "fam:Windows",
    "fam:iOS",
    "fam:macOS"
  ]
}