{
  "level": "family",
  "alpha_B": 0.2,
  "m_cal": 6329,
  "q_hat_leaf_B": 0.767963171005249,
  "metrics": {
    "coverage": 0.9398104265402843,
    "set_size_mean": 1.0176935229067932,
    "set_size_median": 1.0,
    "empty_rate": 0.02164296998420221,
    "singleton_rate": 0.9390205371248025,
    "base_top1_acc": 0.9453396524486571,
    "top1_acc_non_empty": 0.9488131761666397,
    "hir": 0.0
  },
  "num_test_defined": 6330,
  "num_test_used": 6330,
  "class_labels": [
    "fam:Android",
    "fam:Linux",
    "fam:Windows",
    "fam:iOS",
    "fam:macOS"
  ]
}