{
  "level": "family",
  "alpha_B": 0.4,
  "m_cal": 6329,
  "q_hat_leaf_B": 0.3139052987098694,
  "metrics": {
    "coverage": 0.6235387045813586,
    "set_size_mean": 0.6341232227488152,
    "set_size_median": 1.0,
    "empty_rate": 0.36587677725118484,
    "singleton_rate": 0.6341232227488152,
    "base_top1_acc": 0.9398104265402843,
    "top1_acc_non_empty": 0.9833084205281515,
    "hir": 0.0
  },
  "num_test_defined": 6330,
  "num_test_used": 6330,
  "class_labels": [
    "fam:Android",
    "fam:Linux",
    "fam:Windows",
    "fam:iOS",
    "fam:macOS"
  ]
}