{
  "level": "family",
  "alpha": 0.01,
  "m_k": 6329,
  "j": 6267,
  "quantile_step": 0.0001579778830963665,
  "q_hat": 0.9498279094696045,
  "metrics": {
    "coverage": 0.9878357030015797,
    "set_size_mean": 1.2118483412322274,
    "set_size_median": 1.0,
    "empty_rate": 0.0,
    "singleton_rate": 0.8213270142180095,
    "top1_acc_non_empty": 0.9545023696682464,
    "base_top1_acc": 0.9545023696682464,
    "hir": 0.4930489731437599
  },
  "num_test_defined": 6330,
  "num_test_used": 6330,
  "class_labels": [
    "fam:Android",
    "fam:Linux",
    "fam:Windows",
    "fam:iOS",
    "fam:macOS"
  ]
}