{
  "level": "family",
  "alpha": 0.02,
  "m_k": 6329,
  "j": 6204,
  "quantile_step": 0.0001579778830963665,
  "q_hat": 0.9111160039901733,
  "metrics": {
    "coverage": 0.9794628751974723,
    "set_size_mean": 1.1067930489731437,
    "set_size_median": 1.0,
    "empty_rate": 0.0,
    "singleton_rate": 0.9039494470774092,
    "top1_acc_non_empty": 0.9560821484992101,
    "base_top1_acc": 0.9560821484992101,
    "hir": 0.37756714060031593
  },
  "num_test_defined": 6330,
  "num_test_used": 6330,
  "class_labels": [
    "fam:Android",
    "fam:Linux",
    "fam:Windows",
    "fam:iOS",
    "fam:macOS"
  ]
}