{
  "level": "family",
  "alpha": 0.1,
  "m_k": 6329,
  "j": 5697,
  "quantile_step": 0.0001579778830963665,
  "q_hat": 0.137620210647583,
  "metrics": {
    "coverage": 0.9093206951026856,
    "set_size_mean": 0.9244865718799368,
    "set_size_median": 1.0,
    "empty_rate": 0.07551342812006319,
    "singleton_rate": 0.9244865718799368,
    "top1_acc_non_empty": 0.9835953520164047,
    "base_top1_acc": 0.9575039494470774,
    "hir": 0.23238546603475513
  },
  "num_test_defined": 6330,
  "num_test_used": 6330,
  "class_labels": [
    "fam:Android",
    "fam:Linux",
    "fam:Windows",
    "fam:iOS",
    "fam:macOS"
  ]
}