{
  "level": "family",
  "alpha": 0.25,
  "m_k": 6329,
  "j": 4748,
  "quantile_step": 0.0001579778830963665,
  "q_hat": 0.010131239891052246,
  "metrics": {
    "coverage": 0.7543443917851501,
    "set_size_mean": 0.7565560821484992,
    "set_size_median": 1.0,
    "empty_rate": 0.2434439178515008,
    "singleton_rate": 0.7565560821484992,
    "top1_acc_non_empty": 0.9970766339528085,
    "base_top1_acc": 0.9557661927330173,
    "hir": 0.3655608214849921
  },
  "num_test_defined": 6330,
  "num_test_used": 6330,
  "class_labels": [
    "fam:Android",
    "fam:Linux",
    "fam:Windows",
    "fam:iOS",
    "fam:macOS"
  ]
}