{
  "level": "family",
  "alpha_B": 0.3,
  "m_cal": 6329,
  "q_hat_leaf_B": 0.6119018793106079,
  "metrics": {
    "coverage": 0.7848341232227488,
    "set_size_mean": 0.831437598736177,
    "set_size_median": 1.0,
    "empty_rate": 0.18104265402843603,
    "singleton_rate": 0.806477093206951,
    "base_top1_acc": 0.9412322274881516,
    "top1_acc_non_empty": 0.9540895061728395,
    "hir": 0.0
  },
  "num_test_defined": 6330,
  "num_test_used": 6330,
  "class_labels": [
    "fam:Android",
    "fam:Linux",
    "fam:Windows",
    "fam:iOS",
    "fam:macOS"
  ]
}