{
  "level": "family",
  "alpha_LoUPCP": 0.1,
  "m_cal": 6329,
  "q_hat_leaf_LoUPCP": 0.8293313980102539,
  "metrics": {
    "coverage": 0.9616113744075829,
    "set_size_mean": 1.0628751974723538,
    "set_size_median": 1.0,
    "empty_rate": 0.0011058451816745656,
    "singleton_rate": 0.9358609794628752,
    "base_top1_acc": 0.9432859399684044,
    "top1_acc_non_empty": 0.9441720702198324,
    "hir": 0.0
  },
  "num_test_defined": 6330,
  "num_test_used": 6330,
  "class_labels": [
    "fam:Android",
    "fam:Linux",
    "fam:Windows",
    "fam:iOS",
    "fam:macOS"
  ]
}