{
  "level": "family",
  "alpha_B": 0.4,
  "m_cal": 6329,
  "q_hat_leaf_B": 0.340975284576416,
  "metrics": {
    "coverage": 0.640916271721959,
    "set_size_mean": 0.6513428120063192,
    "set_size_median": 1.0,
    "empty_rate": 0.3486571879936809,
    "singleton_rate": 0.6513428120063192,
    "base_top1_acc": 0.944391785150079,
    "top1_acc_non_empty": 0.983992238661169,
    "hir": 0.0
  },
  "num_test_defined": 6330,
  "num_test_used": 6330,
  "class_labels": [
    "fam:Android",
    "fam:Linux",
    "fam:Windows",
    "fam:iOS",
    "fam:macOS"
  ]
}