{
  "level": "family",
  "alpha_B": 0.2,
  "m_cal": 6329,
  "q_hat_leaf_B": 0.7652133703231812,
  "metrics": {
    "coverage": 0.9390205371248025,
    "set_size_mean": 1.0165876777251184,
    "set_size_median": 1.0,
    "empty_rate": 0.025118483412322274,
    "singleton_rate": 0.933175355450237,
    "base_top1_acc": 0.9442338072669826,
    "top1_acc_non_empty": 0.9481445470750284,
    "hir": 0.0
  },
  "num_test_defined": 6330,
  "num_test_used": 6330,
  "class_labels": [
    "fam:Android",
    "fam:Linux",
    "fam:Windows",
    "fam:iOS",
    "fam:macOS"
  ]
}