{
  "level": "family",
  "alpha": 0.04,
  "m_k": 6329,
  "j": 6077,
  "quantile_step": 0.0001579778830963665,
  "q_hat": 0.6442691087722778,
  "metrics": {
    "coverage": 0.9611374407582939,
    "set_size_mean": 1.0116903633491312,
    "set_size_median": 1.0,
    "empty_rate": 0.0,
    "singleton_rate": 0.9883096366508689,
    "top1_acc_non_empty": 0.9552922590837283,
    "base_top1_acc": 0.9552922590837283,
    "hir": 0.33522906793048973
  },
  "num_test_defined": 6330,
  "num_test_used": 6330,
  "class_labels": [
    "fam:Android",
    "fam:Linux",
    "fam:Windows",
    "fam:iOS",
    "fam:macOS"
  ]
}