{
  "level": "family",
  "alpha": 0.45,
  "m_k": 6329,
  "j": 3482,
  "quantile_step": 0.0001579778830963665,
  "q_hat": 0.0004940032958984375,
  "metrics": {
    "coverage": 0.5554502369668246,
    "set_size_mean": 0.5559241706161138,
    "set_size_median": 1.0,
    "empty_rate": 0.44407582938388623,
    "singleton_rate": 0.5559241706161138,
    "top1_acc_non_empty": 0.9991474850809889,
    "base_top1_acc": 0.9560821484992101,
    "hir": 0.22954186413902053
  },
  "num_test_defined": 6330,
  "num_test_used": 6330,
  "class_labels": [
    "fam:Android",
    "fam:Linux",
    "fam:Windows",
    "fam:iOS",
    "fam:macOS"
  ]
}