{
  "level": "family",
  "alpha": 0.45,
  "m_k": 6329,
  "j": 3482,
  "quantile_step": 0.0001579778830963665,
  "q_hat": 0.0004909038543701172,
  "metrics": {
    "coverage": 0.553870458135861,
    "set_size_mean": 0.55434439178515,
    "set_size_median": 1.0,
    "empty_rate": 0.4456556082148499,
    "singleton_rate": 0.55434439178515,
    "top1_acc_non_empty": 0.9991450555713879,
    "base_top1_acc": 0.9557661927330173,
    "hir": 0.23649289099526066
  },
  "num_test_defined": 6330,
  "num_test_used": 6330,
  "class_labels": [
    "fam:Android",
    "fam:Linux",
    "fam:Windows",
    "fam:iOS",
    "fam:macOS"
  ]
}