{
  "level": "family",
  "alpha": 0.2,
  "m_k": 6329,
  "j": 5064,
  "quantile_step": 0.0001579778830963665,
  "q_hat": 0.03895777463912964,
  "metrics": {
    "coverage": 0.812954186413902,
    "set_size_mean": 0.8186413902053713,
    "set_size_median": 1.0,
    "empty_rate": 0.18135860979462876,
    "singleton_rate": 0.8186413902053713,
    "top1_acc_non_empty": 0.9930528753377075,
    "base_top1_acc": 0.9587677725118483,
    "hir": 0.3227488151658768
  },
  "num_test_defined": 6330,
  "num_test_used": 6330,
  "class_labels": [
    "fam:Android",
    "fam:Linux",
    "fam:Windows",
    "fam:iOS",
    "fam:macOS"
  ]
}