{
  "level": "family",
  "alpha_LoUPCP": 0.45,
  "m_cal": 6329,
  "q_hat_leaf_LoUPCP": 0.14958113431930542,
  "metrics": {
    "coverage": 0.5458135860979463,
    "set_size_mean": 0.5500789889415482,
    "set_size_median": 1.0,
    "empty_rate": 0.44992101105845184,
    "singleton_rate": 0.5500789889415482,
    "base_top1_acc": 0.9402843601895735,
    "top1_acc_non_empty": 0.9922458357265939,
    "hir": 0.0
  },
  "num_test_defined": 6330,
  "num_test_used": 6330,
  "class_labels": [
    "fam:Android",
    "fam:Linux",
    "fam:Windows",
    "fam:iOS",
    "fam:macOS"
  ]
}