{
  "level": "family",
  "alpha": 0.075,
  "m_k": 6329,
  "j": 5856,
  "quantile_step": 0.0001579778830963665,
  "q_hat": 0.20846295356750488,
  "metrics": {
    "coverage": 0.9311216429699842,
    "set_size_mean": 0.9489731437598736,
    "set_size_median": 1.0,
    "empty_rate": 0.05102685624012638,
    "singleton_rate": 0.9489731437598736,
    "top1_acc_non_empty": 0.9811886132845015,
    "base_top1_acc": 0.958609794628752,
    "hir": 0.24123222748815165
  },
  "num_test_defined": 6330,
  "num_test_used": 6330,
  "class_labels": [
    "fam:Android",
    "fam:Linux",
    "fam:Windows",
    "fam:iOS",
    "fam:macOS"
  ]
}