{
  "level": "family",
  "alpha_LoUPCP": 0.25,
  "m_cal": 6329,
  "q_hat_leaf_LoUPCP": 0.6989765167236328,
  "metrics": {
    "coverage": 0.8761453396524487,
    "set_size_mean": 0.9418641390205371,
    "set_size_median": 1.0,
    "empty_rate": 0.08846761453396525,
    "singleton_rate": 0.8812006319115324,
    "base_top1_acc": 0.9442338072669826,
    "top1_acc_non_empty": 0.9495667244367417,
    "hir": 0.0
  },
  "num_test_defined": 6330,
  "num_test_used": 6330,
  "class_labels": [
    "fam:Android",
    "fam:Linux",
    "fam:Windows",
    "fam:iOS",
    "fam:macOS"
  ]
}