{
  "level": "family",
  "alpha": 0.01,
  "m_k": 6329,
  "j": 6267,
  "quantile_step": 0.0001579778830963665,
  "q_hat": 0.9502615332603455,
  "metrics": {
    "coverage": 0.988783570300158,
    "set_size_mean": 1.2173775671406004,
    "set_size_median": 1.0,
    "empty_rate": 0.0,
    "singleton_rate": 0.8213270142180095,
    "top1_acc_non_empty": 0.9532385466034755,
    "base_top1_acc": 0.9532385466034755,
    "hir": 0.500473933649289
  },
  "num_test_defined": 6330,
  "num_test_used": 6330,
  "class_labels": [
    "fam:Android",
    "fam:Linux",
    "fam:Windows",
    "fam:iOS",
    "fam:macOS"
  ]
}