{
  "level": "family",
  "alpha": 0.05,
  "m_k": 6329,
  "j": 6014,
  "quantile_step": 0.0001579778830963665,
  "q_hat": 0.4411637783050537,
  "metrics": {
    "coverage": 0.9541864139020537,
    "set_size_mean": 0.9917851500789889,
    "set_size_median": 1.0,
    "empty_rate": 0.008214849921011059,
    "singleton_rate": 0.9917851500789889,
    "top1_acc_non_empty": 0.9620898375278751,
    "base_top1_acc": 0.957345971563981,
    "hir": 0.32701421800947866
  },
  "num_test_defined": 6330,
  "num_test_used": 6330,
  "class_labels": [
    "fam:Android",
    "fam:Linux",
    "fam:Windows",
    "fam:iOS",
    "fam:macOS"
  ]
}