{
  "level": "family",
  "alpha_B": 0.01,
  "m_cal": 6329,
  "q_hat_leaf_B": 0.9933315515518188,
  "metrics": {
    "coverage": 0.9944707740916272,
    "set_size_mean": 1.5296998420221168,
    "set_size_median": 1.0,
    "empty_rate": 0.0,
    "singleton_rate": 0.6281200631911532,
    "base_top1_acc": 0.9393364928909953,
    "top1_acc_non_empty": 0.9393364928909953,
    "hir": 0.0
  },
  "num_test_defined": 6330,
  "num_test_used": 6330,
  "class_labels": [
    "fam:Android",
    "fam:Linux",
    "fam:Windows",
    "fam:iOS",
    "fam:macOS"
  ]
}