{
  "level": "family",
  "alpha_LoUPCP": 0.15,
  "m_cal": 6329,
  "q_hat_leaf_LoUPCP": 0.782041072845459,
  "metrics": {
    "coverage": 0.9527646129541865,
    "set_size_mean": 1.0347551342812007,
    "set_size_median": 1.0,
    "empty_rate": 0.00995260663507109,
    "singleton_rate": 0.9453396524486571,
    "base_top1_acc": 0.9423380726698263,
    "top1_acc_non_empty": 0.9459071325993298,
    "hir": 0.0
  },
  "num_test_defined": 6330,
  "num_test_used": 6330,
  "class_labels": [
    "fam:Android",
    "fam:Linux",
    "fam:Windows",
    "fam:iOS",
    "fam:macOS"
  ]
}