{
  "level": "family",
  "alpha": 0.5,
  "m_k": 6329,
  "j": 3165,
  "quantile_step": 0.0001579778830963665,
  "q_hat": 0.0002599358558654785,
  "metrics": {
    "coverage": 0.49747235387045813,
    "set_size_mean": 0.49794628751974723,
    "set_size_median": 0.0,
    "empty_rate": 0.5020537124802528,
    "singleton_rate": 0.49794628751974723,
    "top1_acc_non_empty": 0.9990482233502538,
    "base_top1_acc": 0.955608214849921,
    "hir": 0.27567140600315954
  },
  "num_test_defined": 6330,
  "num_test_used": 6330,
  "class_labels": [
    "fam:Android",
    "fam:Linux",
    "fam:Windows",
    "fam:iOS",
    "fam:macOS"
  ]
}