{
  "level": "family",
  "alpha_B": 0.5,
  "m_cal": 6329,
  "q_hat_leaf_B": 0.06479096412658691,
  "metrics": {
    "coverage": 0.49826224328594,
    "set_size_mean": 0.5015797788309637,
    "set_size_median": 1.0,
    "empty_rate": 0.49842022116903634,
    "singleton_rate": 0.5015797788309637,
    "base_top1_acc": 0.9423380726698263,
    "top1_acc_non_empty": 0.9933858267716535,
    "hir": 0.0
  },
  "num_test_defined": 6330,
  "num_test_used": 6330,
  "class_labels": [
    "fam:Android",
    "fam:Linux",
    "fam:Windows",
    "fam:iOS",
    "fam:macOS"
  ]
}