{
  "level": "family",
  "alpha": 0.15,
  "m_k": 6329,
  "j": 5381,
  "quantile_step": 0.0001579778830963665,
  "q_hat": 0.08261466026306152,
  "metrics": {
    "coverage": 0.8515007898894155,
    "set_size_mean": 0.8608214849921011,
    "set_size_median": 1.0,
    "empty_rate": 0.1391785150078989,
    "singleton_rate": 0.8608214849921011,
    "top1_acc_non_empty": 0.9891723251972839,
    "base_top1_acc": 0.9549763033175356,
    "hir": 0.2774091627172196
  },
  "num_test_defined": 6330,
  "num_test_used": 6330,
  "class_labels": [
    "fam:Android",
    "fam:Linux",
    "fam:Windows",
    "fam:iOS",
    "fam:macOS"
  ]
}