{
  "level": "family",
  "alpha": 0.5,
  "m_k": 6329,
  "j": 3165,
  "quantile_step": 0.0001579778830963665,
  "q_hat": 0.00026410818099975586,
  "metrics": {
    "coverage": 0.49936808846761455,
    "set_size_mean": 0.4995260663507109,
    "set_size_median": 0.0,
    "empty_rate": 0.500473933649289,
    "singleton_rate": 0.4995260663507109,
    "top1_acc_non_empty": 0.9996837444655281,
    "base_top1_acc": 0.9560821484992101,
    "hir": 0.269826224328594
  },
  "num_test_defined": 6330,
  "num_test_used": 6330,
  "class_labels": [
    "fam:Android",
    "fam:Linux",
    "fam:Windows",
    "fam:iOS",
    "fam:macOS"
  ]
}