{
  "level": "family",
  "alpha_LoUPCP": 0.2,
  "m_cal": 6329,
  "q_hat_leaf_LoUPCP": 0.7592558264732361,
  "metrics": {
    "coverage": 0.9276461295418641,
    "set_size_mean": 1.009952606635071,
    "set_size_median": 1.0,
    "empty_rate": 0.03238546603475513,
    "singleton_rate": 0.9252764612954186,
    "base_top1_acc": 0.9391785150078988,
    "top1_acc_non_empty": 0.9436734693877551,
    "hir": 0.0
  },
  "num_test_defined": 6330,
  "num_test_used": 6330,
  "class_labels": [
    "fam:Android",
    "fam:Linux",
    "fam:Windows",
    "fam:iOS",
    "fam:macOS"
  ]
}