{
  "level": "family",
  "alpha_B": 0.5,
  "m_cal": 6329,
  "q_hat_leaf_B": 0.07153356075286865,
  "metrics": {
    "coverage": 0.5145339652448657,
    "set_size_mean": 0.5170616113744075,
    "set_size_median": 1.0,
    "empty_rate": 0.4829383886255924,
    "singleton_rate": 0.5170616113744075,
    "base_top1_acc": 0.946129541864139,
    "top1_acc_non_empty": 0.9951115184845707,
    "hir": 0.0
  },
  "num_test_defined": 6330,
  "num_test_used": 6330,
  "class_labels": [
    "fam:Android",
    "fam:Linux",
    "fam:Windows",
    "fam:iOS",
    "fam:macOS"
  ]
}