{
  "level": "family",
  "alpha": 0.2,
  "m_k": 6329,
  "j": 5064,
  "quantile_step": 0.0001579778830963665,
  "q_hat": 0.03445720672607422,
  "metrics": {
    "coverage": 0.8020537124802528,
    "set_size_mean": 0.8075829383886256,
    "set_size_median": 1.0,
    "empty_rate": 0.1924170616113744,
    "singleton_rate": 0.8075829383886256,
    "top1_acc_non_empty": 0.9931533646322379,
    "base_top1_acc": 0.9535545023696682,
    "hir": 0.3320695102685624
  },
  "num_test_defined": 6330,
  "num_test_used": 6330,
  "class_labels": [
    "fam:Android",
    "fam:Linux",
    "fam:Windows",
    "fam:iOS",
    "fam:macOS"
  ]
}