{
  "level": "family",
  "alpha": 0.1,
  "m_k": 6329,
  "j": 5697,
  "quantile_step": 0.0001579778830963665,
  "q_hat": 0.13138902187347412,
  "metrics": {
    "coverage": 0.9028436018957346,
    "set_size_mean": 0.9176935229067931,
    "set_size_median": 1.0,
    "empty_rate": 0.08230647709320695,
    "singleton_rate": 0.9176935229067931,
    "top1_acc_non_empty": 0.9838182131175762,
    "base_top1_acc": 0.9554502369668246,
    "hir": 0.2377567140600316
  },
  "num_test_defined": 6330,
  "num_test_used": 6330,
  "class_labels": [
    "fam:Android",
    "fam:Linux",
    "fam:Windows",
    "fam:iOS",
    "fam:macOS"
  ]
}