{
  "level": "family",
  "alpha_LoUPCP": 0.5,
  "m_cal": 6329,
  "q_hat_leaf_LoUPCP": 0.06860989332199097,
  "metrics": {
    "coverage": 0.504739336492891,
    "set_size_mean": 0.5071090047393365,
    "set_size_median": 1.0,
    "empty_rate": 0.4928909952606635,
    "singleton_rate": 0.5071090047393365,
    "base_top1_acc": 0.9421800947867298,
    "top1_acc_non_empty": 0.9953271028037384,
    "hir": 0.0
  },
  "num_test_defined": 6330,
  "num_test_used": 6330,
  "class_labels": [
    "fam:Android",
    "fam:Linux",
    "fam:Windows",
    "fam:iOS",
    "fam:macOS"
  ]
}