{
  "level": "family",
  "alpha": 0.35,
  "m_k": 6329,
  "j": 4115,
  "quantile_step": 0.0001579778830963665,
  "q_hat": 0.0020464658737182617,
  "metrics": {
    "coverage": 0.6510268562401264,
    "set_size_mean": 0.6522906793048974,
    "set_size_median": 1.0,
    "empty_rate": 0.3477093206951027,
    "singleton_rate": 0.6522906793048974,
    "top1_acc_non_empty": 0.998062484863163,
    "base_top1_acc": 0.957345971563981,
    "hir": 0.2881516587677725
  },
  "num_test_defined": 6330,
  "num_test_used": 6330,
  "class_labels": [
    "fam:Android",
    "fam:Linux",
    "fam:Windows",
    "fam:iOS",
    "fam:macOS"
  ]
}