{
  "level": "family",
  "alpha": 0.04,
  "m_k": 6329,
  "j": 6077,
  "quantile_step": 0.0001579778830963665,
  "q_hat": 0.618481457233429,
  "metrics": {
    "coverage": 0.9590837282780411,
    "set_size_mean": 1.007740916271722,
    "set_size_median": 1.0,
    "empty_rate": 0.000315955766192733,
    "singleton_rate": 0.9916271721958926,
    "top1_acc_non_empty": 0.9548040455120101,
    "base_top1_acc": 0.9546603475513428,
    "hir": 0.32701421800947866
  },
  "num_test_defined": 6330,
  "num_test_used": 6330,
  "class_labels": [
    "fam:Android",
    "fam:Linux",
    "fam:Windows",
    "fam:iOS",
    "fam:macOS"
  ]
}