{
  "level": "family",
  "alpha_LoUPCP": 0.1,
  "m_cal": 6329,
  "q_hat_leaf_LoUPCP": 0.8297032117843628,
  "metrics": {
    "coverage": 0.9617693522906793,
    "set_size_mean": 1.0668246445497631,
    "set_size_median": 1.0,
    "empty_rate": 0.0011058451816745656,
    "singleton_rate": 0.9325434439178515,
    "base_top1_acc": 0.9402843601895735,
    "top1_acc_non_empty": 0.9413253202593705,
    "hir": 0.0
  },
  "num_test_defined": 6330,
  "num_test_used": 6330,
  "class_labels": [
    "fam:Android",
    "fam:Linux",
    "fam:Windows",
    "fam:iOS",
    "fam:macOS"
  ]
}