{
  "level": "family",
  "alpha": 0.075,
  "m_k": 6329,
  "j": 5856,
  "quantile_step": 0.0001579778830963665,
  "q_hat": 0.18309473991394043,
  "metrics": {
    "coverage": 0.9208530805687204,
    "set_size_mean": 0.9410742496050553,
    "set_size_median": 1.0,
    "empty_rate": 0.05892575039494471,
    "singleton_rate": 0.9410742496050553,
    "top1_acc_non_empty": 0.9785126741648481,
    "base_top1_acc": 0.9557661927330173,
    "hir": 0.2510268562401264
  },
  "num_test_defined": 6330,
  "num_test_used": 6330,
  "class_labels": [
    "fam:Android",
    "fam:Linux",
    "fam:Windows",
    "fam:iOS",
    "fam:macOS"
  ]
}