{
  "level": "family",
  "alpha_B": 0.5,
  "m_cal": 6329,
  "q_hat_leaf_B": 0.06930750608444214,
  "metrics": {
    "coverage": 0.5061611374407583,
    "set_size_mean": 0.5083728278041074,
    "set_size_median": 1.0,
    "empty_rate": 0.4916271721958926,
    "singleton_rate": 0.5083728278041074,
    "base_top1_acc": 0.9434439178515008,
    "top1_acc_non_empty": 0.9956494717215661,
    "hir": 0.0
  },
  "num_test_defined": 6330,
  "num_test_used": 6330,
  "class_labels": [
    "fam:Android",
    "fam:Linux",
    "fam:Windows",
    "fam:iOS",
    "fam:macOS"
  ]
}