{
  "level": "family",
  "alpha": 0.45,
  "m_k": 6329,
  "j": 3482,
  "quantile_step": 0.0001579778830963665,
  "q_hat": 0.0004787445068359375,
  "metrics": {
    "coverage": 0.55086887835703,
    "set_size_mean": 0.5515007898894155,
    "set_size_median": 1.0,
    "empty_rate": 0.4484992101105845,
    "singleton_rate": 0.5515007898894155,
    "top1_acc_non_empty": 0.9988541965052994,
    "base_top1_acc": 0.9554502369668246,
    "hir": 0.23744075829383887
  },
  "num_test_defined": 6330,
  "num_test_used": 6330,
  "class_labels": [
    "fam:Android",
    "fam:Linux",
    "fam:Windows",
    "fam:iOS",
    "fam:macOS"
  ]
}