{
  "level": "family",
  "alpha": 0.5,
  "m_k": 6329,
  "j": 3165,
  "quantile_step": 0.0001579778830963665,
  "q_hat": 0.00027614831924438477,
  "metrics": {
    "coverage": 0.5050552922590837,
    "set_size_mean": 0.5050552922590837,
    "set_size_median": 1.0,
    "empty_rate": 0.49494470774091626,
    "singleton_rate": 0.5050552922590837,
    "top1_acc_non_empty": 1.0,
    "base_top1_acc": 0.9554502369668246,
    "hir": 0.269826224328594
  },
  "num_test_defined": 6330,
  "num_test_used": 6330,
  "class_labels": [
    "fam:Android",
    "fam:Linux",
    "fam:Windows",
    "fam:iOS",
    "fam:macOS"
  ]
}