{
  "level": "family",
  "alpha_LoUPCP": 0.4,
  "m_cal": 6329,
  "q_hat_leaf_LoUPCP": 0.30360543727874756,
  "metrics": {
    "coverage": 0.617693522906793,
    "set_size_mean": 0.6268562401263823,
    "set_size_median": 1.0,
    "empty_rate": 0.3731437598736177,
    "singleton_rate": 0.6268562401263823,
    "base_top1_acc": 0.9394944707740917,
    "top1_acc_non_empty": 0.985383064516129,
    "hir": 0.0
  },
  "num_test_defined": 6330,
  "num_test_used": 6330,
  "class_labels": [
    "fam:Android",
    "fam:Linux",
    "fam:Windows",
    "fam:iOS",
    "fam:macOS"
  ]
}