{
  "level": "family",
  "alpha_LoUPCP": 0.35,
  "m_cal": 6329,
  "q_hat_leaf_LoUPCP": 0.4899277091026306,
  "metrics": {
    "coverage": 0.7072669826224328,
    "set_size_mean": 0.7308056872037915,
    "set_size_median": 1.0,
    "empty_rate": 0.26919431279620853,
    "singleton_rate": 0.7308056872037915,
    "base_top1_acc": 0.9409162717219589,
    "top1_acc_non_empty": 0.96779074794639,
    "hir": 0.0
  },
  "num_test_defined": 6330,
  "num_test_used": 6330,
  "class_labels": [
    "fam:Android",
    "fam:Linux",
    "fam:Windows",
    "fam:iOS",
    "fam:macOS"
  ]
}