{
  "level": "family",
  "alpha": 0.35,
  "m_k": 6329,
  "j": 4115,
  "quantile_step": 0.0001579778830963665,
  "q_hat": 0.0020211338996887207,
  "metrics": {
    "coverage": 0.6500789889415481,
    "set_size_mean": 0.6519747235387046,
    "set_size_median": 1.0,
    "empty_rate": 0.34802527646129544,
    "singleton_rate": 0.6519747235387046,
    "top1_acc_non_empty": 0.9970923188756966,
    "base_top1_acc": 0.9551342812006319,
    "hir": 0.27361769352290677
  },
  "num_test_defined": 6330,
  "num_test_used": 6330,
  "class_labels": [
    "fam:Android",
    "fam:Linux",
    "fam:Windows",
    "fam:iOS",
    "fam:macOS"
  ]
}