{
  "level": "family",
  "alpha_B": 0.1,
  "m_cal": 6329,
  "q_hat_leaf_B": 0.8438201546669006,
  "metrics": {
    "coverage": 0.9652448657187994,
    "set_size_mean": 1.0706161137440757,
    "set_size_median": 1.0,
    "empty_rate": 0.000631911532385466,
    "singleton_rate": 0.9303317535545024,
    "base_top1_acc": 0.9428120063191153,
    "top1_acc_non_empty": 0.9432500790388871,
    "hir": 0.0
  },
  "num_test_defined": 6330,
  "num_test_used": 6330,
  "class_labels": [
    "fam:Android",
    "fam:Linux",
    "fam:Windows",
    "fam:iOS",
    "fam:macOS"
  ]
}