{
  "level": "family",
  "alpha": 0.02,
  "m_k": 6329,
  "j": 6204,
  "quantile_step": 0.0001579778830963665,
  "q_hat": 0.8870105743408203,
  "metrics": {
    "coverage": 0.9753554502369668,
    "set_size_mean": 1.0701421800947868,
    "set_size_median": 1.0,
    "empty_rate": 0.0,
    "singleton_rate": 0.9350710900473934,
    "top1_acc_non_empty": 0.9545023696682464,
    "base_top1_acc": 0.9545023696682464,
    "hir": 0.4033175355450237
  },
  "num_test_defined": 6330,
  "num_test_used": 6330,
  "class_labels": [
    "fam:Android",
    "fam:Linux",
    "fam:Windows",
    "fam:iOS",
    "fam:macOS"
  ]
}