{
  "level": "family",
  "alpha": 0.3,
  "m_k": 6329,
  "j": 4431,
  "quantile_step": 0.0001579778830963665,
  "q_hat": 0.0035355091094970703,
  "metrics": {
    "coverage": 0.6879936808846762,
    "set_size_mean": 0.6902053712480253,
    "set_size_median": 1.0,
    "empty_rate": 0.3097946287519747,
    "singleton_rate": 0.6902053712480253,
    "top1_acc_non_empty": 0.9967956054016938,
    "base_top1_acc": 0.9529225908372828,
    "hir": 0.3622432859399684
  },
  "num_test_defined": 6330,
  "num_test_used": 6330,
  "class_labels": [
    "fam:Android",
    "fam:Linux",
    "fam:Windows",
    "fam:iOS",
    "fam:macOS"
  ]
}