{
  "level": "family",
  "alpha": 0.0,
  "m_k": 6329,
  "j": 6329,
  "quantile_step": 0.0001579778830963665,
  "q_hat": 0.9999953508377075,
  "metrics": {
    "coverage": 0.999526066350711,
    "set_size_mean": 3.2731437598736175,
    "set_size_median": 3.0,
    "empty_rate": 0.0,
    "singleton_rate": 0.134913112164297,
    "top1_acc_non_empty": 0.9545023696682464,
    "base_top1_acc": 0.9545023696682464,
    "hir": 0.9981042654028436
  },
  "num_test_defined": 6330,
  "num_test_used": 6330,
  "class_labels": [
    "fam:Android",
    "fam:Linux",
    "fam:Windows",
    "fam:iOS",
    "fam:macOS"
  ]
}