{
  "level": "family",
  "alpha": 0.1,
  "m_k": 6329,
  "j": 5697,
  "quantile_step": 0.0001579778830963665,
  "q_hat": 0.1353784203529358,
  "metrics": {
    "coverage": 0.9080568720379147,
    "set_size_mean": 0.9233807266982622,
    "set_size_median": 1.0,
    "empty_rate": 0.07661927330173776,
    "singleton_rate": 0.9233807266982622,
    "top1_acc_non_empty": 0.983404619332763,
    "base_top1_acc": 0.9549763033175356,
    "hir": 0.2311216429699842
  },
  "num_test_defined": 6330,
  "num_test_used": 6330,
  "class_labels": [
    "fam:Android",
    "fam:Linux",
    "fam:Windows",
    "fam:iOS",
    "fam:macOS"
  ]
}