{
  "level": "family",
  "alpha": 0.4,
  "m_k": 6329,
  "j": 3798,
  "quantile_step": 0.0001579778830963665,
  "q_hat": 0.0009851455688476562,
  "metrics": {
    "coverage": 0.603001579778831,
    "set_size_mean": 0.6039494470774092,
    "set_size_median": 1.0,
    "empty_rate": 0.39605055292259084,
    "singleton_rate": 0.6039494470774092,
    "top1_acc_non_empty": 0.9984305519225739,
    "base_top1_acc": 0.9565560821484992,
    "hir": 0.24407582938388625
  },
  "num_test_defined": 6330,
  "num_test_used": 6330,
  "class_labels": [
    "fam:Android",
    "fam:Linux",
    "fam:Windows",
    "fam:iOS",
    "fam:macOS"
  ]
}