{
  "level": "family",
  "alpha": 0.3,
  "m_k": 6329,
  "j": 4431,
  "quantile_step": 0.0001579778830963665,
  "q_hat": 0.0039345622062683105,
  "metrics": {
    "coverage": 0.7022116903633492,
    "set_size_mean": 0.7037914691943128,
    "set_size_median": 1.0,
    "empty_rate": 0.2962085308056872,
    "singleton_rate": 0.7037914691943128,
    "top1_acc_non_empty": 0.9977553310886644,
    "base_top1_acc": 0.9549763033175356,
    "hir": 0.37235387045813584
  },
  "num_test_defined": 6330,
  "num_test_used": 6330,
  "class_labels": [
    "fam:Android",
    "fam:Linux",
    "fam:Windows",
    "fam:iOS",
    "fam:macOS"
  ]
}