{
  "level": "family",
  "alpha_LoUPCP": 0.02,
  "m_cal": 6329,
  "q_hat_leaf_LoUPCP": 0.9830293655395508,
  "metrics": {
    "coverage": 0.9913112164296999,
    "set_size_mean": 1.3669826224328594,
    "set_size_median": 1.0,
    "empty_rate": 0.0,
    "singleton_rate": 0.7192733017377567,
    "base_top1_acc": 0.9458135860979463,
    "top1_acc_non_empty": 0.9458135860979463,
    "hir": 0.0
  },
  "num_test_defined": 6330,
  "num_test_used": 6330,
  "class_labels": [
    "fam:Android",
    "fam:Linux",
    "fam:Windows",
    "fam:iOS",
    "fam:macOS"
  ]
}