{
  "level": "family",
  "alpha_B": 0.25,
  "m_cal": 6329,
  "q_hat_leaf_B": 0.700237512588501,
  "metrics": {
    "coverage": 0.8756714060031595,
    "set_size_mean": 0.9458135860979463,
    "set_size_median": 1.0,
    "empty_rate": 0.08578199052132701,
    "singleton_rate": 0.8826224328593997,
    "base_top1_acc": 0.943127962085308,
    "top1_acc_non_empty": 0.9481596682218766,
    "hir": 0.0
  },
  "num_test_defined": 6330,
  "num_test_used": 6330,
  "class_labels": [
    "fam:Android",
    "fam:Linux",
    "fam:Windows",
    "fam:iOS",
    "fam:macOS"
  ]
}