{
  "level": "family",
  "alpha_B": 0.35,
  "m_cal": 6329,
  "q_hat_leaf_B": 0.5068175196647644,
  "metrics": {
    "coverage": 0.7262243285939969,
    "set_size_mean": 0.7466034755134281,
    "set_size_median": 1.0,
    "empty_rate": 0.2533965244865719,
    "singleton_rate": 0.7466034755134281,
    "base_top1_acc": 0.9473933649289099,
    "top1_acc_non_empty": 0.9727041895895049,
    "hir": 0.0
  },
  "num_test_defined": 6330,
  "num_test_used": 6330,
  "class_labels": [
    "fam:Android",
    "fam:Linux",
    "fam:Windows",
    "fam:iOS",
    "fam:macOS"
  ]
}