{
  "level": "family",
  "alpha_SCP": 0.25,
  "tau": 0.24242424242424243,
  "m": 1000,
  "calibration_info": {
    "tau": 0.24242424242424243,
    "coverage": 0.7533575604360878,
    "target_coverage": 0.75,
    "n_cal": 6329
  },
  "metrics": {
    "coverage": 0.7873617693522906,
    "set_size_mean": 1.5104265402843602,
    "set_size_median": 2.0,
    "empty_rate": 0.0,
    "singleton_rate": 0.4895734597156398,
    "base_top1_acc": 0.944391785150079,
    "top1_acc_non_empty": 0.7853080568720379,
    "hir": 0.0
  },
  "num_test_defined": 6330,
  "num_test_used": 6330,
  "class_labels": [
    "fam:Android",
    "fam:Linux",
    "fam:Windows",
    "fam:iOS",
    "fam:macOS"
  ]
}