{
  "level": "family",
  "alpha": 0.35,
  "m_k": 6329,
  "j": 4115,
  "quantile_step": 0.0001579778830963665,
  "q_hat": 0.0022000670433044434,
  "metrics": {
    "coverage": 0.6611374407582938,
    "set_size_mean": 0.6631911532385466,
    "set_size_median": 1.0,
    "empty_rate": 0.3368088467614534,
    "singleton_rate": 0.6631911532385466,
    "top1_acc_non_empty": 0.9969032872796569,
    "base_top1_acc": 0.9587677725118483,
    "hir": 0.3053712480252765
  },
  "num_test_defined": 6330,
  "num_test_used": 6330,
  "class_labels": [
    "fam:Android",
    "fam:Linux",
    "fam:Windows",
    "fam:iOS",
    "fam:macOS"
  ]
}