{
  "level": "family",
  "alpha": 0.4,
  "m_k": 6329,
  "j": 3798,
  "quantile_step": 0.0001579778830963665,
  "q_hat": 0.0010017752647399902,
  "metrics": {
    "coverage": 0.6053712480252764,
    "set_size_mean": 0.6061611374407583,
    "set_size_median": 1.0,
    "empty_rate": 0.3938388625592417,
    "singleton_rate": 0.6061611374407583,
    "top1_acc_non_empty": 0.9986968986187126,
    "base_top1_acc": 0.9541864139020537,
    "hir": 0.2377567140600316
  },
  "num_test_defined": 6330,
  "num_test_used": 6330,
  "class_labels": [
    "fam:Android",
    "fam:Linux",
    "fam:Windows",
    "fam:iOS",
    "fam:macOS"
  ]
}