{
  "level": "family",
  "alpha_B": 0.25,
  "m_cal": 6329,
  "q_hat_leaf_B": 0.6943726539611816,
  "metrics": {
    "coverage": 0.8714060031595576,
    "set_size_mean": 0.9385466034755134,
    "set_size_median": 1.0,
    "empty_rate": 0.09020537124802527,
    "singleton_rate": 0.8810426540284361,
    "base_top1_acc": 0.9424960505529226,
    "top1_acc_non_empty": 0.9475603403368641,
    "hir": 0.0
  },
  "num_test_defined": 6330,
  "num_test_used": 6330,
  "class_labels": [
    "fam:Android",
    "fam:Linux",
    "fam:Windows",
    "fam:iOS",
    "fam:macOS"
  ]
}