{
  "level": "family",
  "alpha_B": 0.4,
  "m_cal": 6329,
  "q_hat_leaf_B": 0.3001103401184082,
  "metrics": {
    "coverage": 0.614218009478673,
    "set_size_mean": 0.6246445497630332,
    "set_size_median": 1.0,
    "empty_rate": 0.3753554502369668,
    "singleton_rate": 0.6246445497630332,
    "base_top1_acc": 0.9398104265402843,
    "top1_acc_non_empty": 0.9833080424886191,
    "hir": 0.0
  },
  "num_test_defined": 6330,
  "num_test_used": 6330,
  "class_labels": [
    "fam:Android",
    "fam:Linux",
    "fam:Windows",
    "fam:iOS",
    "fam:macOS"
  ]
}