{
  "level": "family",
  "alpha": 0.25,
  "m_k": 6329,
  "j": 4748,
  "quantile_step": 0.0001579778830963665,
  "q_hat": 0.01075965166091919,
  "metrics": {
    "coverage": 0.758609794628752,
    "set_size_mean": 0.7622432859399684,
    "set_size_median": 1.0,
    "empty_rate": 0.2377567140600316,
    "singleton_rate": 0.7622432859399684,
    "top1_acc_non_empty": 0.9952331606217617,
    "base_top1_acc": 0.9560821484992101,
    "hir": 0.37251184834123224
  },
  "num_test_defined": 6330,
  "num_test_used": 6330,
  "class_labels": [
    "fam:Android",
    "fam:Linux",
    "fam:Windows",
    "fam:iOS",
    "fam:macOS"
  ]
}