{
  "level": "family",
  "alpha_LoUPCP": 0.45,
  "m_cal": 6329,
  "q_hat_leaf_LoUPCP": 0.1697678565979004,
  "metrics": {
    "coverage": 0.5616113744075829,
    "set_size_mean": 0.5665086887835703,
    "set_size_median": 1.0,
    "empty_rate": 0.4334913112164297,
    "singleton_rate": 0.5665086887835703,
    "base_top1_acc": 0.9445497630331754,
    "top1_acc_non_empty": 0.9913552704963748,
    "hir": 0.0
  },
  "num_test_defined": 6330,
  "num_test_used": 6330,
  "class_labels": [
    "fam:Android",
    "fam:Linux",
    "fam:Windows",
    "fam:iOS",
    "fam:macOS"
  ]
}