{
  "level": "family",
  "alpha": 0.4,
  "m_k": 6329,
  "j": 3798,
  "quantile_step": 0.0001579778830963665,
  "q_hat": 0.0011575818061828613,
  "metrics": {
    "coverage": 0.6184834123222749,
    "set_size_mean": 0.6197472353870458,
    "set_size_median": 1.0,
    "empty_rate": 0.3802527646129542,
    "singleton_rate": 0.6197472353870458,
    "top1_acc_non_empty": 0.9979607443283202,
    "base_top1_acc": 0.9578199052132701,
    "hir": 0.24612954186413902
  },
  "num_test_defined": 6330,
  "num_test_used": 6330,
  "class_labels": [
    "fam:Android",
    "fam:Linux",
    "fam:Windows",
    "fam:iOS",
    "fam:macOS"
  ]
}