{
  "level": "family",
  "alpha": 0.3,
  "m_k": 6329,
  "j": 4431,
  "quantile_step": 0.0001579778830963665,
  "q_hat": 0.003896355628967285,
  "metrics": {
    "coverage": 0.7009478672985782,
    "set_size_mean": 0.7030015797788309,
    "set_size_median": 1.0,
    "empty_rate": 0.296998420221169,
    "singleton_rate": 0.7030015797788309,
    "top1_acc_non_empty": 0.9970786516853932,
    "base_top1_acc": 0.9548183254344392,
    "hir": 0.36856240126382306
  },
  "num_test_defined": 6330,
  "num_test_used": 6330,
  "class_labels": [
    "fam:Android",
    "fam:Linux",
    "fam:Windows",
    "fam:iOS",
    "fam:macOS"
  ]
}