{
  "level": "family",
  "alpha": 0.35,
  "m_k": 6329,
  "j": 4115,
  "quantile_step": 0.0001579778830963665,
  "q_hat": 0.0018454194068908691,
  "metrics": {
    "coverage": 0.6391785150078989,
    "set_size_mean": 0.6402843601895735,
    "set_size_median": 1.0,
    "empty_rate": 0.35971563981042654,
    "singleton_rate": 0.6402843601895735,
    "top1_acc_non_empty": 0.998272884283247,
    "base_top1_acc": 0.9529225908372828,
    "hir": 0.284044233807267
  },
  "num_test_defined": 6330,
  "num_test_used": 6330,
  "class_labels": [
    "fam:Android",
    "fam:Linux",
    "fam:Windows",
    "fam:iOS",
    "fam:macOS"
  ]
}