{
  "level": "family",
  "alpha_SCP": 0.2,
  "tau": 0.4040404040404041,
  "m": 1000,
  "calibration_info": {
    "tau": 0.4040404040404041,
    "coverage": 0.8018644335598041,
    "target_coverage": 0.8,
    "n_cal": 6329
  },
  "metrics": {
    "coverage": 0.8334913112164297,
    "set_size_mean": 1.5936808846761454,
    "set_size_median": 2.0,
    "empty_rate": 0.0,
    "singleton_rate": 0.40868878357030014,
    "base_top1_acc": 0.9406003159557662,
    "top1_acc_non_empty": 0.821958925750395,
    "hir": 0.0
  },
  "num_test_defined": 6330,
  "num_test_used": 6330,
  "class_labels": [
    "fam:Android",
    "fam:Linux",
    "fam:Windows",
    "fam:iOS",
    "fam:macOS"
  ]
}