{
  "level": "family",
  "alpha_LoUPCP": 0.1,
  "m_cal": 6329,
  "q_hat_leaf_LoUPCP": 0.831485390663147,
  "metrics": {
    "coverage": 0.9628751974723538,
    "set_size_mean": 1.0605055292259085,
    "set_size_median": 1.0,
    "empty_rate": 0.001263823064770932,
    "singleton_rate": 0.9379146919431279,
    "base_top1_acc": 0.9432859399684044,
    "top1_acc_non_empty": 0.9443214172730149,
    "hir": 0.0
  },
  "num_test_defined": 6330,
  "num_test_used": 6330,
  "class_labels": [
    "fam:Android",
    "fam:Linux",
    "fam:Windows",
    "fam:iOS",
    "fam:macOS"
  ]
}