{
  "level": "family",
  "alpha": 0.4,
  "m_k": 6329,
  "j": 3798,
  "quantile_step": 0.0001579778830963665,
  "q_hat": 0.0009093284606933594,
  "metrics": {
    "coverage": 0.5941548183254345,
    "set_size_mean": 0.5944707740916272,
    "set_size_median": 1.0,
    "empty_rate": 0.4055292259083728,
    "singleton_rate": 0.5944707740916272,
    "top1_acc_non_empty": 0.9994685091682168,
    "base_top1_acc": 0.9540284360189574,
    "hir": 0.23633491311216429
  },
  "num_test_defined": 6330,
  "num_test_used": 6330,
  "class_labels": [
    "fam:Android",
    "fam:Linux",
    "fam:Windows",
    "fam:iOS",
    "fam:macOS"
  ]
}