{
  "level": "family",
  "alpha": 0.05,
  "m_k": 6329,
  "j": 6014,
  "quantile_step": 0.0001579778830963665,
  "q_hat": 0.38617873191833496,
  "metrics": {
    "coverage": 0.9496050552922591,
    "set_size_mean": 0.9864139020537125,
    "set_size_median": 1.0,
    "empty_rate": 0.013586097946287519,
    "singleton_rate": 0.9864139020537125,
    "top1_acc_non_empty": 0.9626841768097374,
    "base_top1_acc": 0.9549763033175356,
    "hir": 0.29826224328594
  },
  "num_test_defined": 6330,
  "num_test_used": 6330,
  "class_labels": [
    "fam:Android",
    "fam:Linux",
    "fam:Windows",
    "fam:iOS",
    "fam:macOS"
  ]
}