{
  "level": "family",
  "alpha_LoUPCP": 0.01,
  "m_cal": 6329,
  "q_hat_leaf_LoUPCP": 0.9943336248397827,
  "metrics": {
    "coverage": 0.9957345971563981,
    "set_size_mean": 1.585781990521327,
    "set_size_median": 1.0,
    "empty_rate": 0.0,
    "singleton_rate": 0.6026856240126383,
    "base_top1_acc": 0.9440758293838862,
    "top1_acc_non_empty": 0.9440758293838862,
    "hir": 0.0
  },
  "num_test_defined": 6330,
  "num_test_used": 6330,
  "class_labels": [
    "fam:Android",
    "fam:Linux",
    "fam:Windows",
    "fam:iOS",
    "fam:macOS"
  ]
}