{
  "level": "family",
  "alpha": 0.01,
  "m_k": 6329,
  "j": 6267,
  "quantile_step": 0.0001579778830963665,
  "q_hat": 0.9502595067024231,
  "metrics": {
    "coverage": 0.9886255924170616,
    "set_size_mean": 1.2156398104265402,
    "set_size_median": 1.0,
    "empty_rate": 0.0,
    "singleton_rate": 0.8229067930489732,
    "top1_acc_non_empty": 0.9554502369668246,
    "base_top1_acc": 0.9554502369668246,
    "hir": 0.5042654028436019
  },
  "num_test_defined": 6330,
  "num_test_used": 6330,
  "class_labels": [
    "fam:Android",
    "fam:Linux",
    "fam:Windows",
    "fam:iOS",
    "fam:macOS"
  ]
}