{
  "level": "family",
  "alpha": 0.5,
  "m_k": 6329,
  "j": 3165,
  "quantile_step": 0.0001579778830963665,
  "q_hat": 0.00027567148208618164,
  "metrics": {
    "coverage": 0.5045813586097946,
    "set_size_mean": 0.5048973143759874,
    "set_size_median": 1.0,
    "empty_rate": 0.49510268562401266,
    "singleton_rate": 0.5048973143759874,
    "top1_acc_non_empty": 0.9993742177722152,
    "base_top1_acc": 0.9559241706161138,
    "hir": 0.27661927330173774
  },
  "num_test_defined": 6330,
  "num_test_used": 6330,
  "class_labels": [
    "fam:Android",
    "fam:Linux",
    "fam:Windows",
    "fam:iOS",
    "fam:macOS"
  ]
}