{
  "level": "family",
  "alpha_LoUPCP": 0.45,
  "m_cal": 6329,
  "q_hat_leaf_LoUPCP": 0.16032695770263672,
  "metrics": {
    "coverage": 0.5557661927330174,
    "set_size_mean": 0.5608214849921012,
    "set_size_median": 1.0,
    "empty_rate": 0.4391785150078989,
    "singleton_rate": 0.5608214849921012,
    "base_top1_acc": 0.9407582938388626,
    "top1_acc_non_empty": 0.9909859154929578,
    "hir": 0.0
  },
  "num_test_defined": 6330,
  "num_test_used": 6330,
  "class_labels": [
    "fam:Android",
    "fam:Linux",
    "fam:Windows",
    "fam:iOS",
    "fam:macOS"
  ]
}