{
  "level": "family",
  "alpha_B": 0.45,
  "m_cal": 6329,
  "q_hat_leaf_B": 0.16155576705932617,
  "metrics": {
    "coverage": 0.5560821484992101,
    "set_size_mean": 0.5601895734597157,
    "set_size_median": 1.0,
    "empty_rate": 0.43981042654028435,
    "singleton_rate": 0.5601895734597157,
    "base_top1_acc": 0.944391785150079,
    "top1_acc_non_empty": 0.9926677946982515,
    "hir": 0.0
  },
  "num_test_defined": 6330,
  "num_test_used": 6330,
  "class_labels": [
    "fam:Android",
    "fam:Linux",
    "fam:Windows",
    "fam:iOS",
    "fam:macOS"
  ]
}