{
  "level": "family",
  "alpha_LoUPCP": 0.3,
  "m_cal": 6329,
  "q_hat_leaf_LoUPCP": 0.619562029838562,
  "metrics": {
    "coverage": 0.7903633491311216,
    "set_size_mean": 0.8333333333333334,
    "set_size_median": 1.0,
    "empty_rate": 0.17851500789889416,
    "singleton_rate": 0.8096366508688784,
    "base_top1_acc": 0.9423380726698263,
    "top1_acc_non_empty": 0.9563461538461538,
    "hir": 0.0
  },
  "num_test_defined": 6330,
  "num_test_used": 6330,
  "class_labels": [
    "fam:Android",
    "fam:Linux",
    "fam:Windows",
    "fam:iOS",
    "fam:macOS"
  ]
}