{
  "level": "family",
  "alpha": 0.0,
  "m_k": 6329,
  "j": 6329,
  "quantile_step": 0.0001579778830963665,
  "q_hat": 0.9999953508377075,
  "metrics": {
    "coverage": 0.999526066350711,
    "set_size_mean": 3.2540284360189573,
    "set_size_median": 3.0,
    "empty_rate": 0.0,
    "singleton_rate": 0.13712480252764614,
    "top1_acc_non_empty": 0.9541864139020537,
    "base_top1_acc": 0.9541864139020537,
    "hir": 0.9927330173775671
  },
  "num_test_defined": 6330,
  "num_test_used": 6330,
  "class_labels": [
    "fam:Android",
    "fam:Linux",
    "fam:Windows",
    "fam:iOS",
    "fam:macOS"
  ]
}