{
  "level": "family",
  "alpha": 0.02,
  "m_k": 6329,
  "j": 6204,
  "quantile_step": 0.0001579778830963665,
  "q_hat": 0.9037261009216309,
  "metrics": {
    "coverage": 0.9767772511848342,
    "set_size_mean": 1.091469194312796,
    "set_size_median": 1.0,
    "empty_rate": 0.0,
    "singleton_rate": 0.9169036334913112,
    "top1_acc_non_empty": 0.9549763033175356,
    "base_top1_acc": 0.9549763033175356,
    "hir": 0.40837282780410744
  },
  "num_test_defined": 6330,
  "num_test_used": 6330,
  "class_labels": [
    "fam:Android",
    "fam:Linux",
    "fam:Windows",
    "fam:iOS",
    "fam:macOS"
  ]
}