{
  "level": "family",
  "alpha": 0.4,
  "m_k": 6329,
  "j": 3798,
  "quantile_step": 0.0001579778830963665,
  "q_hat": 0.0008768439292907715,
  "metrics": {
    "coverage": 0.5897314375987361,
    "set_size_mean": 0.5902053712480253,
    "set_size_median": 1.0,
    "empty_rate": 0.4097946287519747,
    "singleton_rate": 0.5902053712480253,
    "top1_acc_non_empty": 0.9991970021413277,
    "base_top1_acc": 0.9533965244865719,
    "hir": 0.24502369668246446
  },
  "num_test_defined": 6330,
  "num_test_used": 6330,
  "class_labels": [
    "fam:Android",
    "fam:Linux",
    "fam:Windows",
    "fam:iOS",
    "fam:macOS"
  ]
}