{
  "level": "family",
  "alpha": 0.5,
  "m_k": 6329,
  "j": 3165,
  "quantile_step": 0.0001579778830963665,
  "q_hat": 0.0002676844596862793,
  "metrics": {
    "coverage": 0.5011058451816746,
    "set_size_mean": 0.5014218009478673,
    "set_size_median": 1.0,
    "empty_rate": 0.4985781990521327,
    "singleton_rate": 0.5014218009478673,
    "top1_acc_non_empty": 0.9993698802772527,
    "base_top1_acc": 0.9565560821484992,
    "hir": 0.27756714060031595
  },
  "num_test_defined": 6330,
  "num_test_used": 6330,
  "class_labels": [
    "fam:Android",
    "fam:Linux",
    "fam:Windows",
    "fam:iOS",
    "fam:macOS"
  ]
}