{
  "level": "family",
  "alpha": 0.075,
  "m_k": 6329,
  "j": 5856,
  "quantile_step": 0.0001579778830963665,
  "q_hat": 0.17758089303970337,
  "metrics": {
    "coverage": 0.9192733017377567,
    "set_size_mean": 0.9407582938388626,
    "set_size_median": 1.0,
    "empty_rate": 0.05924170616113744,
    "singleton_rate": 0.9407582938388626,
    "top1_acc_non_empty": 0.9771620486985726,
    "base_top1_acc": 0.9549763033175356,
    "hir": 0.24691943127962085
  },
  "num_test_defined": 6330,
  "num_test_used": 6330,
  "class_labels": [
    "fam:Android",
    "fam:Linux",
    "fam:Windows",
    "fam:iOS",
    "fam:macOS"
  ]
}