{
  "level": "family",
  "alpha_LoUPCP": 0.25,
  "m_cal": 6329,
  "q_hat_leaf_LoUPCP": 0.693906307220459,
  "metrics": {
    "coverage": 0.8709320695102686,
    "set_size_mean": 0.9364928909952607,
    "set_size_median": 1.0,
    "empty_rate": 0.09131121642969985,
    "singleton_rate": 0.8808846761453396,
    "base_top1_acc": 0.9429699842022117,
    "top1_acc_non_empty": 0.9487134909596662,
    "hir": 0.0
  },
  "num_test_defined": 6330,
  "num_test_used": 6330,
  "class_labels": [
    "fam:Android",
    "fam:Linux",
    "fam:Windows",
    "fam:iOS",
    "fam:macOS"
  ]
}