{
  "level": "family",
  "alpha": 0.15,
  "m_k": 6329,
  "j": 5381,
  "quantile_step": 0.0001579778830963665,
  "q_hat": 0.08261466026306152,
  "metrics": {
    "coverage": 0.8516587677725118,
    "set_size_mean": 0.8614533965244866,
    "set_size_median": 1.0,
    "empty_rate": 0.13854660347551342,
    "singleton_rate": 0.8614533965244866,
    "top1_acc_non_empty": 0.9886301118650285,
    "base_top1_acc": 0.9560821484992101,
    "hir": 0.27883096366508686
  },
  "num_test_defined": 6330,
  "num_test_used": 6330,
  "class_labels": [
    "fam:Android",
    "fam:Linux",
    "fam:Windows",
    "fam:iOS",
    "fam:macOS"
  ]
}