{
  "level": "family",
  "alpha_B": 0.4,
  "m_cal": 6329,
  "q_hat_leaf_B": 0.31971609592437744,
  "metrics": {
    "coverage": 0.6259083728278041,
    "set_size_mean": 0.6347551342812007,
    "set_size_median": 1.0,
    "empty_rate": 0.3652448657187994,
    "singleton_rate": 0.6347551342812007,
    "base_top1_acc": 0.9428120063191153,
    "top1_acc_non_empty": 0.9860627177700348,
    "hir": 0.0
  },
  "num_test_defined": 6330,
  "num_test_used": 6330,
  "class_labels": [
    "fam:Android",
    "fam:Linux",
    "fam:Windows",
    "fam:iOS",
    "fam:macOS"
  ]
}