{
  "level": "family",
  "alpha_LoUPCP": 0.5,
  "m_cal": 6329,
  "q_hat_leaf_LoUPCP": 0.06658637523651123,
  "metrics": {
    "coverage": 0.49889415481832544,
    "set_size_mean": 0.5020537124802528,
    "set_size_median": 1.0,
    "empty_rate": 0.49794628751974723,
    "singleton_rate": 0.5020537124802528,
    "base_top1_acc": 0.9409162717219589,
    "top1_acc_non_empty": 0.9937067337948395,
    "hir": 0.0
  },
  "num_test_defined": 6330,
  "num_test_used": 6330,
  "class_labels": [
    "fam:Android",
    "fam:Linux",
    "fam:Windows",
    "fam:iOS",
    "fam:macOS"
  ]
}