{
  "level": "family",
  "alpha_B": 0.02,
  "m_cal": 6329,
  "q_hat_leaf_B": 0.9834343791007996,
  "metrics": {
    "coverage": 0.9927330173775671,
    "set_size_mean": 1.363823064770932,
    "set_size_median": 1.0,
    "empty_rate": 0.0,
    "singleton_rate": 0.7225908372827804,
    "base_top1_acc": 0.9448657187993681,
    "top1_acc_non_empty": 0.9448657187993681,
    "hir": 0.0
  },
  "num_test_defined": 6330,
  "num_test_used": 6330,
  "class_labels": [
    "fam:Android",
    "fam:Linux",
    "fam:Windows",
    "fam:iOS",
    "fam:macOS"
  ]
}