{
  "level": "family",
  "alpha_B": 0.15,
  "m_cal": 6329,
  "q_hat_leaf_B": 0.7808154821395874,
  "metrics": {
    "coverage": 0.95086887835703,
    "set_size_mean": 1.0366508688783571,
    "set_size_median": 1.0,
    "empty_rate": 0.009636650868878356,
    "singleton_rate": 0.9440758293838862,
    "base_top1_acc": 0.9415481832543444,
    "top1_acc_non_empty": 0.9449672994097942,
    "hir": 0.0
  },
  "num_test_defined": 6330,
  "num_test_used": 6330,
  "class_labels": [
    "fam:Android",
    "fam:Linux",
    "fam:Windows",
    "fam:iOS",
    "fam:macOS"
  ]
}