{
  "level": "family",
  "alpha": 0.03,
  "m_k": 6329,
  "j": 6141,
  "quantile_step": 0.0001579778830963665,
  "q_hat": 0.7870641946792603,
  "metrics": {
    "coverage": 0.969352290679305,
    "set_size_mean": 1.0304897314375987,
    "set_size_median": 1.0,
    "empty_rate": 0.0,
    "singleton_rate": 0.9704581358609795,
    "top1_acc_non_empty": 0.9559241706161138,
    "base_top1_acc": 0.9559241706161138,
    "hir": 0.3552922590837283
  },
  "num_test_defined": 6330,
  "num_test_used": 6330,
  "class_labels": [
    "fam:Android",
    "fam:Linux",
    "fam:Windows",
    "fam:iOS",
    "fam:macOS"
  ]
}