{
  "level": "family",
  "alpha": 0.3,
  "m_k": 6329,
  "j": 4431,
  "quantile_step": 0.0001579778830963665,
  "q_hat": 0.004126846790313721,
  "metrics": {
    "coverage": 0.7071090047393365,
    "set_size_mean": 0.7093206951026856,
    "set_size_median": 1.0,
    "empty_rate": 0.29067930489731436,
    "singleton_rate": 0.7093206951026856,
    "top1_acc_non_empty": 0.9968819599109131,
    "base_top1_acc": 0.955608214849921,
    "hir": 0.3661927330173776
  },
  "num_test_defined": 6330,
  "num_test_used": 6330,
  "class_labels": [
    "fam:Android",
    "fam:Linux",
    "fam:Windows",
    "fam:iOS",
    "fam:macOS"
  ]
}