{
  "level": "family",
  "alpha_B": 0.03,
  "m_cal": 6329,
  "q_hat_leaf_B": 0.9720871448516846,
  "metrics": {
    "coverage": 0.9902053712480253,
    "set_size_mean": 1.3181674565560821,
    "set_size_median": 1.0,
    "empty_rate": 0.0,
    "singleton_rate": 0.7524486571879937,
    "base_top1_acc": 0.9424960505529226,
    "top1_acc_non_empty": 0.9424960505529226,
    "hir": 0.0
  },
  "num_test_defined": 6330,
  "num_test_used": 6330,
  "class_labels": [
    "fam:Android",
    "fam:Linux",
    "fam:Windows",
    "fam:iOS",
    "fam:macOS"
  ]
}