{
  "level": "family",
  "alpha": 0.4,
  "m_k": 6329,
  "j": 3798,
  "quantile_step": 0.0001579778830963665,
  "q_hat": 0.000995337963104248,
  "metrics": {
    "coverage": 0.6044233807266982,
    "set_size_mean": 0.6050552922590837,
    "set_size_median": 1.0,
    "empty_rate": 0.3949447077409163,
    "singleton_rate": 0.6050552922590837,
    "top1_acc_non_empty": 0.9989556135770234,
    "base_top1_acc": 0.9554502369668246,
    "hir": 0.24123222748815165
  },
  "num_test_defined": 6330,
  "num_test_used": 6330,
  "class_labels": [
    "fam:Android",
    "fam:Linux",
    "fam:Windows",
    "fam:iOS",
    "fam:macOS"
  ]
}