{
  "level": "family",
  "alpha": 0.1,
  "m_k": 6329,
  "j": 5697,
  "quantile_step": 0.0001579778830963665,
  "q_hat": 0.12068527936935425,
  "metrics": {
    "coverage": 0.8936808846761454,
    "set_size_mean": 0.9069510268562401,
    "set_size_median": 1.0,
    "empty_rate": 0.09304897314375987,
    "singleton_rate": 0.9069510268562401,
    "top1_acc_non_empty": 0.9853684027172966,
    "base_top1_acc": 0.9546603475513428,
    "hir": 0.23665086887835704
  },
  "num_test_defined": 6330,
  "num_test_used": 6330,
  "class_labels": [
    "fam:Android",
    "fam:Linux",
    "fam:Windows",
    "fam:iOS",
    "fam:macOS"
  ]
}