{
  "level": "family",
  "alpha": 0.04,
  "m_k": 6329,
  "j": 6077,
  "quantile_step": 0.0001579778830963665,
  "q_hat": 0.618481457233429,
  "metrics": {
    "coverage": 0.9590837282780411,
    "set_size_mean": 1.0083728278041075,
    "set_size_median": 1.0,
    "empty_rate": 0.0001579778830963665,
    "singleton_rate": 0.9913112164296999,
    "top1_acc_non_empty": 0.9533891610048981,
    "base_top1_acc": 0.9533965244865719,
    "hir": 0.3464454976303318
  },
  "num_test_defined": 6330,
  "num_test_used": 6330,
  "class_labels": [
    "fam:Android",
    "fam:Linux",
    "fam:Windows",
    "fam:iOS",
    "fam:macOS"
  ]
}