{
  "level": "family",
  "alpha_B": 0.05,
  "m_cal": 6329,
  "q_hat_leaf_B": 0.9398672580718994,
  "metrics": {
    "coverage": 0.9786729857819905,
    "set_size_mean": 1.188309636650869,
    "set_size_median": 1.0,
    "empty_rate": 0.0,
    "singleton_rate": 0.8423380726698262,
    "base_top1_acc": 0.9406003159557662,
    "top1_acc_non_empty": 0.9406003159557662,
    "hir": 0.0
  },
  "num_test_defined": 6330,
  "num_test_used": 6330,
  "class_labels": [
    "fam:Android",
    "fam:Linux",
    "fam:Windows",
    "fam:iOS",
    "fam:macOS"
  ]
}