{
  "level": "family",
  "alpha": 0.3,
  "m_k": 6329,
  "j": 4431,
  "quantile_step": 0.0001579778830963665,
  "q_hat": 0.00415724515914917,
  "metrics": {
    "coverage": 0.7078988941548183,
    "set_size_mean": 0.7096366508688784,
    "set_size_median": 1.0,
    "empty_rate": 0.29036334913112166,
    "singleton_rate": 0.7096366508688784,
    "top1_acc_non_empty": 0.9975512021371327,
    "base_top1_acc": 0.9565560821484992,
    "hir": 0.37472353870458136
  },
  "num_test_defined": 6330,
  "num_test_used": 6330,
  "class_labels": [
    "fam:Android",
    "fam:Linux",
    "fam:Windows",
    "fam:iOS",
    "fam:macOS"
  ]
}