{
  "level": "family",
  "alpha_B": 0.5,
  "m_cal": 6329,
  "q_hat_leaf_B": 0.07003116607666016,
  "metrics": {
    "coverage": 0.5086887835703001,
    "set_size_mean": 0.5109004739336492,
    "set_size_median": 1.0,
    "empty_rate": 0.4890995260663507,
    "singleton_rate": 0.5109004739336492,
    "base_top1_acc": 0.9442338072669826,
    "top1_acc_non_empty": 0.9956709956709957,
    "hir": 0.0
  },
  "num_test_defined": 6330,
  "num_test_used": 6330,
  "class_labels": [
    "fam:Android",
    "fam:Linux",
    "fam:Windows",
    "fam:iOS",
    "fam:macOS"
  ]
}