{
  "level": "family",
  "alpha_B": 0.35,
  "m_cal": 6329,
  "q_hat_leaf_B": 0.5027232766151428,
  "metrics": {
    "coverage": 0.722432859399684,
    "set_size_mean": 0.7462875197472354,
    "set_size_median": 1.0,
    "empty_rate": 0.2537124802527646,
    "singleton_rate": 0.7462875197472354,
    "base_top1_acc": 0.9434439178515008,
    "top1_acc_non_empty": 0.9680355630821338,
    "hir": 0.0
  },
  "num_test_defined": 6330,
  "num_test_used": 6330,
  "class_labels": [
    "fam:Android",
    "fam:Linux",
    "fam:Windows",
    "fam:iOS",
    "fam:macOS"
  ]
}