{
  "level": "family",
  "alpha": 0.2,
  "m_k": 6329,
  "j": 5064,
  "quantile_step": 0.0001579778830963665,
  "q_hat": 0.03250706195831299,
  "metrics": {
    "coverage": 0.7993680884676145,
    "set_size_mean": 0.8058451816745655,
    "set_size_median": 1.0,
    "empty_rate": 0.19415481832543444,
    "singleton_rate": 0.8058451816745655,
    "top1_acc_non_empty": 0.9919623603215055,
    "base_top1_acc": 0.9546603475513428,
    "hir": 0.33759873617693525
  },
  "num_test_defined": 6330,
  "num_test_used": 6330,
  "class_labels": [
    "fam:Android",
    "fam:Linux",
    "fam:Windows",
    "fam:iOS",
    "fam:macOS"
  ]
}