level,alpha,m_k,j,quantile_step,q_hat,num_test_defined,num_test_used
family,0.35,6329,4115,0.0001579778830963665,0.0022423863410949707,6330,6330
