{
  "level": "family",
  "alpha": 0.35,
  "m_k": 6329,
  "j": 4115,
  "quantile_step": 0.0001579778830963665,
  "q_hat": 0.0022423863410949707,
  "metrics": {
    "coverage": 0.6649289099526067,
    "set_size_mean": 0.6669826224328594,
    "set_size_median": 1.0,
    "empty_rate": 0.3330173775671406,
    "singleton_rate": 0.6669826224328594,
    "top1_acc_non_empty": 0.9969208905731881,
    "base_top1_acc": 0.9578199052132701,
    "hir": 0.2981042654028436
  },
  "num_test_defined": 6330,
  "num_test_used": 6330,
  "class_labels": [
    "fam:Android",
    "fam:Linux",
    "fam:Windows",
    "fam:iOS",
    "fam:macOS"
  ]
}