{
  "level": "family",
  "alpha": 0.05,
  "m_k": 6329,
  "j": 6014,
  "quantile_step": 0.0001579778830963665,
  "q_hat": 0.38161033391952515,
  "metrics": {
    "coverage": 0.9489731437598736,
    "set_size_mean": 0.9867298578199052,
    "set_size_median": 1.0,
    "empty_rate": 0.013270142180094787,
    "singleton_rate": 0.9867298578199052,
    "top1_acc_non_empty": 0.9617355107268651,
    "base_top1_acc": 0.9546603475513428,
    "hir": 0.3074249605055292
  },
  "num_test_defined": 6330,
  "num_test_used": 6330,
  "class_labels": [
    "fam:Android",
    "fam:Linux",
    "fam:Windows",
    "fam:iOS",
    "fam:macOS"
  ]
}