{
  "level": "family",
  "alpha": 0.02,
  "m_k": 6329,
  "j": 6204,
  "quantile_step": 0.0001579778830963665,
  "q_hat": 0.9103361964225769,
  "metrics": {
    "coverage": 0.9785150078988941,
    "set_size_mean": 1.1001579778830963,
    "set_size_median": 1.0,
    "empty_rate": 0.0,
    "singleton_rate": 0.9085308056872038,
    "top1_acc_non_empty": 0.9524486571879937,
    "base_top1_acc": 0.9524486571879937,
    "hir": 0.4116903633491311
  },
  "num_test_defined": 6330,
  "num_test_used": 6330,
  "class_labels": [
    "fam:Android",
    "fam:Linux",
    "fam:Windows",
    "fam:iOS",
    "fam:macOS"
  ]
}