{
  "level": "family",
  "alpha": 0.02,
  "m_k": 6329,
  "j": 6204,
  "quantile_step": 0.0001579778830963665,
  "q_hat": 0.9143019914627075,
  "metrics": {
    "coverage": 0.9816745655608214,
    "set_size_mean": 1.1232227488151658,
    "set_size_median": 1.0,
    "empty_rate": 0.0,
    "singleton_rate": 0.8881516587677725,
    "top1_acc_non_empty": 0.9540284360189574,
    "base_top1_acc": 0.9540284360189574,
    "hir": 0.39699842022116905
  },
  "num_test_defined": 6330,
  "num_test_used": 6330,
  "class_labels": [
    "fam:Android",
    "fam:Linux",
    "fam:Windows",
    "fam:iOS",
    "fam:macOS"
  ]
}