{
  "level": "family",
  "alpha_B": 0.15,
  "m_cal": 6329,
  "q_hat_leaf_B": 0.7837523818016052,
  "metrics": {
    "coverage": 0.9541864139020537,
    "set_size_mean": 1.0336492890995261,
    "set_size_median": 1.0,
    "empty_rate": 0.010742496050552922,
    "singleton_rate": 0.9448657187993681,
    "base_top1_acc": 0.9464454976303317,
    "top1_acc_non_empty": 0.9503353561162567,
    "hir": 0.0
  },
  "num_test_defined": 6330,
  "num_test_used": 6330,
  "class_labels": [
    "fam:Android",
    "fam:Linux",
    "fam:Windows",
    "fam:iOS",
    "fam:macOS"
  ]
}