{
  "level": "family",
  "alpha": 0.15,
  "m_k": 6329,
  "j": 5381,
  "quantile_step": 0.0001579778830963665,
  "q_hat": 0.08197987079620361,
  "metrics": {
    "coverage": 0.8481832543443918,
    "set_size_mean": 0.8565560821484992,
    "set_size_median": 1.0,
    "empty_rate": 0.1434439178515008,
    "singleton_rate": 0.8565560821484992,
    "top1_acc_non_empty": 0.9902250092216894,
    "base_top1_acc": 0.955608214849921,
    "hir": 0.2791469194312796
  },
  "num_test_defined": 6330,
  "num_test_used": 6330,
  "class_labels": [
    "fam:Android",
    "fam:Linux",
    "fam:Windows",
    "fam:iOS",
    "fam:macOS"
  ]
}