{
  "level": "family",
  "alpha": 0.3,
  "m_k": 6329,
  "j": 4431,
  "quantile_step": 0.0001579778830963665,
  "q_hat": 0.003674328327178955,
  "metrics": {
    "coverage": 0.6946287519747235,
    "set_size_mean": 0.6971563981042654,
    "set_size_median": 1.0,
    "empty_rate": 0.3028436018957346,
    "singleton_rate": 0.6971563981042654,
    "top1_acc_non_empty": 0.9963743485157489,
    "base_top1_acc": 0.9546603475513428,
    "hir": 0.3736176935229068
  },
  "num_test_defined": 6330,
  "num_test_used": 6330,
  "class_labels": [
    "fam:Android",
    "fam:Linux",
    "fam:Windows",
    "fam:iOS",
    "fam:macOS"
  ]
}