{
  "level": "family",
  "alpha_B": 0.5,
  "m_cal": 6329,
  "q_hat_leaf_B": 0.07003116607666016,
  "metrics": {
    "coverage": 0.5090047393364929,
    "set_size_mean": 0.5107424960505529,
    "set_size_median": 1.0,
    "empty_rate": 0.48925750394944706,
    "singleton_rate": 0.5107424960505529,
    "base_top1_acc": 0.9439178515007899,
    "top1_acc_non_empty": 0.9965975873801423,
    "hir": 0.0
  },
  "num_test_defined": 6330,
  "num_test_used": 6330,
  "class_labels": [
    "fam:Android",
    "fam:Linux",
    "fam:Windows",
    "fam:iOS",
    "fam:macOS"
  ]
}