{
  "level": "family",
  "alpha": 0.2,
  "m_k": 6329,
  "j": 5064,
  "quantile_step": 0.0001579778830963665,
  "q_hat": 0.030851304531097412,
  "metrics": {
    "coverage": 0.795734597156398,
    "set_size_mean": 0.8007898894154818,
    "set_size_median": 1.0,
    "empty_rate": 0.19921011058451818,
    "singleton_rate": 0.8007898894154818,
    "top1_acc_non_empty": 0.993687117774709,
    "base_top1_acc": 0.9551342812006319,
    "hir": 0.334913112164297
  },
  "num_test_defined": 6330,
  "num_test_used": 6330,
  "class_labels": [
    "fam:Android",
    "fam:Linux",
    "fam:Windows",
    "fam:iOS",
    "fam:macOS"
  ]
}