{
  "level": "family",
  "alpha": 0.2,
  "m_k": 6329,
  "j": 5064,
  "quantile_step": 0.0001579778830963665,
  "q_hat": 0.03313565254211426,
  "metrics": {
    "coverage": 0.8003159557661927,
    "set_size_mean": 0.8052132701421801,
    "set_size_median": 1.0,
    "empty_rate": 0.19478672985781992,
    "singleton_rate": 0.8052132701421801,
    "top1_acc_non_empty": 0.9939179909750834,
    "base_top1_acc": 0.9559241706161138,
    "hir": 0.3328593996840442
  },
  "num_test_defined": 6330,
  "num_test_used": 6330,
  "class_labels": [
    "fam:Android",
    "fam:Linux",
    "fam:Windows",
    "fam:iOS",
    "fam:macOS"
  ]
}