{
  "level": "family",
  "alpha_LoUPCP": 0.35,
  "m_cal": 6329,
  "q_hat_leaf_LoUPCP": 0.4978862404823303,
  "metrics": {
    "coverage": 0.7146919431279621,
    "set_size_mean": 0.7355450236966825,
    "set_size_median": 1.0,
    "empty_rate": 0.26445497630331755,
    "singleton_rate": 0.7355450236966825,
    "base_top1_acc": 0.944391785150079,
    "top1_acc_non_empty": 0.9716494845360825,
    "hir": 0.0
  },
  "num_test_defined": 6330,
  "num_test_used": 6330,
  "class_labels": [
    "fam:Android",
    "fam:Linux",
    "fam:Windows",
    "fam:iOS",
    "fam:macOS"
  ]
}