{
  "level": "family",
  "alpha_LoUPCP": 0.5,
  "m_cal": 6329,
  "q_hat_leaf_LoUPCP": 0.0675806999206543,
  "metrics": {
    "coverage": 0.5009478672985782,
    "set_size_mean": 0.5041074249605055,
    "set_size_median": 1.0,
    "empty_rate": 0.49589257503949447,
    "singleton_rate": 0.5041074249605055,
    "base_top1_acc": 0.9459715639810427,
    "top1_acc_non_empty": 0.9937323722970856,
    "hir": 0.0
  },
  "num_test_defined": 6330,
  "num_test_used": 6330,
  "class_labels": [
    "fam:Android",
    "fam:Linux",
    "fam:Windows",
    "fam:iOS",
    "fam:macOS"
  ]
}