{
  "level": "family",
  "alpha_LoUPCP": 0.1,
  "m_cal": 6329,
  "q_hat_leaf_LoUPCP": 0.8274694681167603,
  "metrics": {
    "coverage": 0.9606635071090047,
    "set_size_mean": 1.0581358609794629,
    "set_size_median": 1.0,
    "empty_rate": 0.0018957345971563982,
    "singleton_rate": 0.9387045813586098,
    "base_top1_acc": 0.9415481832543444,
    "top1_acc_non_empty": 0.9428616650838874,
    "hir": 0.0
  },
  "num_test_defined": 6330,
  "num_test_used": 6330,
  "class_labels": [
    "fam:Android",
    "fam:Linux",
    "fam:Windows",
    "fam:iOS",
    "fam:macOS"
  ]
}