{
  "level": "family",
  "alpha": 0.35,
  "m_k": 6329,
  "j": 4115,
  "quantile_step": 0.0001579778830963665,
  "q_hat": 0.0020794272422790527,
  "metrics": {
    "coverage": 0.6530805687203791,
    "set_size_mean": 0.6545023696682465,
    "set_size_median": 1.0,
    "empty_rate": 0.34549763033175357,
    "singleton_rate": 0.6545023696682465,
    "top1_acc_non_empty": 0.997827661115134,
    "base_top1_acc": 0.9546603475513428,
    "hir": 0.2824644549763033
  },
  "num_test_defined": 6330,
  "num_test_used": 6330,
  "class_labels": [
    "fam:Android",
    "fam:Linux",
    "fam:Windows",
    "fam:iOS",
    "fam:macOS"
  ]
}