{
  "level": "family",
  "alpha_LoUPCP": 0.15,
  "m_cal": 6329,
  "q_hat_leaf_LoUPCP": 0.7777111530303955,
  "metrics": {
    "coverage": 0.9472353870458136,
    "set_size_mean": 1.0278041074249604,
    "set_size_median": 1.0,
    "empty_rate": 0.014218009478672985,
    "singleton_rate": 0.9437598736176935,
    "base_top1_acc": 0.9421800947867298,
    "top1_acc_non_empty": 0.9458333333333333,
    "hir": 0.0
  },
  "num_test_defined": 6330,
  "num_test_used": 6330,
  "class_labels": [
    "fam:Android",
    "fam:Linux",
    "fam:Windows",
    "fam:iOS",
    "fam:macOS"
  ]
}