{
  "level": "family",
  "alpha_LoUPCP": 0.45,
  "m_cal": 6329,
  "q_hat_leaf_LoUPCP": 0.1547762155532837,
  "metrics": {
    "coverage": 0.55086887835703,
    "set_size_mean": 0.55434439178515,
    "set_size_median": 1.0,
    "empty_rate": 0.4456556082148499,
    "singleton_rate": 0.55434439178515,
    "base_top1_acc": 0.9424960505529226,
    "top1_acc_non_empty": 0.9937304075235109,
    "hir": 0.0
  },
  "num_test_defined": 6330,
  "num_test_used": 6330,
  "class_labels": [
    "fam:Android",
    "fam:Linux",
    "fam:Windows",
    "fam:iOS",
    "fam:macOS"
  ]
}