{
  "level": "family",
  "alpha_LoUPCP": 0.15,
  "m_cal": 6329,
  "q_hat_leaf_LoUPCP": 0.7791581749916077,
  "metrics": {
    "coverage": 0.9483412322274881,
    "set_size_mean": 1.0336492890995261,
    "set_size_median": 1.0,
    "empty_rate": 0.011058451816745656,
    "singleton_rate": 0.9442338072669826,
    "base_top1_acc": 0.9399684044233807,
    "top1_acc_non_empty": 0.9428115015974441,
    "hir": 0.0
  },
  "num_test_defined": 6330,
  "num_test_used": 6330,
  "class_labels": [
    "fam:Android",
    "fam:Linux",
    "fam:Windows",
    "fam:iOS",
    "fam:macOS"
  ]
}