{
  "level": "family",
  "alpha_B": 0.1,
  "m_cal": 6329,
  "q_hat_leaf_B": 0.8327063322067261,
  "metrics": {
    "coverage": 0.9616113744075829,
    "set_size_mean": 1.0631911532385465,
    "set_size_median": 1.0,
    "empty_rate": 0.0007898894154818325,
    "singleton_rate": 0.9371248025276462,
    "base_top1_acc": 0.9418641390205371,
    "top1_acc_non_empty": 0.9422924901185771,
    "hir": 0.0
  },
  "num_test_defined": 6330,
  "num_test_used": 6330,
  "class_labels": [
    "fam:Android",
    "fam:Linux",
    "fam:Windows",
    "fam:iOS",
    "fam:macOS"
  ]
}