{
  "level": "family",
  "alpha": 0.15,
  "m_k": 6329,
  "j": 5381,
  "quantile_step": 0.0001579778830963665,
  "q_hat": 0.08156830072402954,
  "metrics": {
    "coverage": 0.8477093206951026,
    "set_size_mean": 0.8570300157977883,
    "set_size_median": 1.0,
    "empty_rate": 0.1429699842022117,
    "singleton_rate": 0.8570300157977883,
    "top1_acc_non_empty": 0.9891244239631336,
    "base_top1_acc": 0.952132701421801,
    "hir": 0.2812006319115324
  },
  "num_test_defined": 6330,
  "num_test_used": 6330,
  "class_labels": [
    "fam:Android",
    "fam:Linux",
    "fam:Windows",
    "fam:iOS",
    "fam:macOS"
  ]
}