{
  "level": "family",
  "alpha": 0.3,
  "m_k": 6329,
  "j": 4431,
  "quantile_step": 0.0001579778830963665,
  "q_hat": 0.003896355628967285,
  "metrics": {
    "coverage": 0.7009478672985782,
    "set_size_mean": 0.7036334913112164,
    "set_size_median": 1.0,
    "empty_rate": 0.29636650868878356,
    "singleton_rate": 0.7036334913112164,
    "top1_acc_non_empty": 0.9961832061068703,
    "base_top1_acc": 0.9545023696682464,
    "hir": 0.37251184834123224
  },
  "num_test_defined": 6330,
  "num_test_used": 6330,
  "class_labels": [
    "fam:Android",
    "fam:Linux",
    "fam:Windows",
    "fam:iOS",
    "fam:macOS"
  ]
}