{
  "level": "family",
  "alpha_B": 0.075,
  "m_cal": 6329,
  "q_hat_leaf_B": 0.8959183692932129,
  "metrics": {
    "coverage": 0.9684044233807267,
    "set_size_mean": 1.1042654028436019,
    "set_size_median": 1.0,
    "empty_rate": 0.0,
    "singleton_rate": 0.906003159557662,
    "base_top1_acc": 0.9434439178515008,
    "top1_acc_non_empty": 0.9434439178515008,
    "hir": 0.0
  },
  "num_test_defined": 6330,
  "num_test_used": 6330,
  "class_labels": [
    "fam:Android",
    "fam:Linux",
    "fam:Windows",
    "fam:iOS",
    "fam:macOS"
  ]
}