{
  "level": "family",
  "alpha_B": 0.45,
  "m_cal": 6329,
  "q_hat_leaf_B": 0.17636990547180176,
  "metrics": {
    "coverage": 0.5649289099526066,
    "set_size_mean": 0.5693522906793049,
    "set_size_median": 1.0,
    "empty_rate": 0.4306477093206951,
    "singleton_rate": 0.5693522906793049,
    "base_top1_acc": 0.9439178515007899,
    "top1_acc_non_empty": 0.9922308546059934,
    "hir": 0.0
  },
  "num_test_defined": 6330,
  "num_test_used": 6330,
  "class_labels": [
    "fam:Android",
    "fam:Linux",
    "fam:Windows",
    "fam:iOS",
    "fam:macOS"
  ]
}