{
  "level": "family",
  "alpha_LoUPCP": 0.4,
  "m_cal": 6329,
  "q_hat_leaf_LoUPCP": 0.3451380133628845,
  "metrics": {
    "coverage": 0.6410742496050553,
    "set_size_mean": 0.65086887835703,
    "set_size_median": 1.0,
    "empty_rate": 0.34913112164297,
    "singleton_rate": 0.65086887835703,
    "base_top1_acc": 0.9429699842022117,
    "top1_acc_non_empty": 0.9849514563106796,
    "hir": 0.0
  },
  "num_test_defined": 6330,
  "num_test_used": 6330,
  "class_labels": [
    "fam:Android",
    "fam:Linux",
    "fam:Windows",
    "fam:iOS",
    "fam:macOS"
  ]
}