{
  "level": "family",
  "alpha": 0.3,
  "m_k": 6329,
  "j": 4431,
  "quantile_step": 0.0001579778830963665,
  "q_hat": 0.0036750435829162598,
  "metrics": {
    "coverage": 0.6951026856240127,
    "set_size_mean": 0.6974723538704581,
    "set_size_median": 1.0,
    "empty_rate": 0.30252764612954186,
    "singleton_rate": 0.6974723538704581,
    "top1_acc_non_empty": 0.9966024915062288,
    "base_top1_acc": 0.9548183254344392,
    "hir": 0.36714060031595575
  },
  "num_test_defined": 6330,
  "num_test_used": 6330,
  "class_labels": [
    "fam:Android",
    "fam:Linux",
    "fam:Windows",
    "fam:iOS",
    "fam:macOS"
  ]
}