{
  "level": "family",
  "alpha": 0.075,
  "m_k": 6329,
  "j": 5856,
  "quantile_step": 0.0001579778830963665,
  "q_hat": 0.20791417360305786,
  "metrics": {
    "coverage": 0.9303317535545024,
    "set_size_mean": 0.9515007898894154,
    "set_size_median": 1.0,
    "empty_rate": 0.048499210110584515,
    "singleton_rate": 0.9515007898894154,
    "top1_acc_non_empty": 0.9777519508550556,
    "base_top1_acc": 0.9549763033175356,
    "hir": 0.2213270142180095
  },
  "num_test_defined": 6330,
  "num_test_used": 6330,
  "class_labels": [
    "fam:Android",
    "fam:Linux",
    "fam:Windows",
    "fam:iOS",
    "fam:macOS"
  ]
}