{
  "level": "family",
  "alpha_LoUPCP": 0.03,
  "m_cal": 6329,
  "q_hat_leaf_LoUPCP": 0.9692980647087097,
  "metrics": {
    "coverage": 0.9898894154818325,
    "set_size_mean": 1.3124802527646129,
    "set_size_median": 1.0,
    "empty_rate": 0.0,
    "singleton_rate": 0.755608214849921,
    "base_top1_acc": 0.9424960505529226,
    "top1_acc_non_empty": 0.9424960505529226,
    "hir": 0.0
  },
  "num_test_defined": 6330,
  "num_test_used": 6330,
  "class_labels": [
    "fam:Android",
    "fam:Linux",
    "fam:Windows",
    "fam:iOS",
    "fam:macOS"
  ]
}