level,alpha,m_k,j,quantile_step,q_hat,num_test_defined,num_test_used
family,0.075,6329,5856,0.0001579778830963665,0.1931593418121338,6330,6330
