{
  "level": "family",
  "alpha": 0.35,
  "m_k": 6329,
  "j": 4115,
  "quantile_step": 0.0001579778830963665,
  "q_hat": 0.002103447914123535,
  "metrics": {
    "coverage": 0.6548183254344392,
    "set_size_mean": 0.6559241706161137,
    "set_size_median": 1.0,
    "empty_rate": 0.34407582938388626,
    "singleton_rate": 0.6559241706161137,
    "top1_acc_non_empty": 0.9983140655105973,
    "base_top1_acc": 0.9570300157977883,
    "hir": 0.2783570300157978
  },
  "num_test_defined": 6330,
  "num_test_used": 6330,
  "class_labels": [
    "fam:Android",
    "fam:Linux",
    "fam:Windows",
    "fam:iOS",
    "fam:macOS"
  ]
}