{
  "level": "family",
  "alpha_LoUPCP": 0.25,
  "m_cal": 6329,
  "q_hat_leaf_LoUPCP": 0.693274974822998,
  "metrics": {
    "coverage": 0.8721958925750395,
    "set_size_mean": 0.9382306477093207,
    "set_size_median": 1.0,
    "empty_rate": 0.08909952606635071,
    "singleton_rate": 0.8835703001579779,
    "base_top1_acc": 0.9421800947867298,
    "top1_acc_non_empty": 0.947797433229275,
    "hir": 0.0
  },
  "num_test_defined": 6330,
  "num_test_used": 6330,
  "class_labels": [
    "fam:Android",
    "fam:Linux",
    "fam:Windows",
    "fam:iOS",
    "fam:macOS"
  ]
}