{
  "level": "family",
  "alpha_LoUPCP": 0.35,
  "m_cal": 6329,
  "q_hat_leaf_LoUPCP": 0.4861549139022827,
  "metrics": {
    "coverage": 0.7083728278041074,
    "set_size_mean": 0.7281200631911532,
    "set_size_median": 1.0,
    "empty_rate": 0.27187993680884676,
    "singleton_rate": 0.7281200631911532,
    "base_top1_acc": 0.9448657187993681,
    "top1_acc_non_empty": 0.972879149490128,
    "hir": 0.0
  },
  "num_test_defined": 6330,
  "num_test_used": 6330,
  "class_labels": [
    "fam:Android",
    "fam:Linux",
    "fam:Windows",
    "fam:iOS",
    "fam:macOS"
  ]
}