{
  "level": "family",
  "alpha": 0.45,
  "m_k": 6329,
  "j": 3482,
  "quantile_step": 0.0001579778830963665,
  "q_hat": 0.00046706199645996094,
  "metrics": {
    "coverage": 0.5480252764612954,
    "set_size_mean": 0.5480252764612954,
    "set_size_median": 1.0,
    "empty_rate": 0.4519747235387046,
    "singleton_rate": 0.5480252764612954,
    "top1_acc_non_empty": 1.0,
    "base_top1_acc": 0.9565560821484992,
    "hir": 0.2344391785150079
  },
  "num_test_defined": 6330,
  "num_test_used": 6330,
  "class_labels": [
    "fam:Android",
    "fam:Linux",
    "fam:Windows",
    "fam:iOS",
    "fam:macOS"
  ]
}