{
  "level": "family",
  "alpha": 0.03,
  "m_k": 6329,
  "j": 6141,
  "quantile_step": 0.0001579778830963665,
  "q_hat": 0.7909760475158691,
  "metrics": {
    "coverage": 0.9723538704581358,
    "set_size_mean": 1.0363349131121642,
    "set_size_median": 1.0,
    "empty_rate": 0.0,
    "singleton_rate": 0.9654028436018958,
    "top1_acc_non_empty": 0.9567140600315955,
    "base_top1_acc": 0.9567140600315955,
    "hir": 0.36113744075829385
  },
  "num_test_defined": 6330,
  "num_test_used": 6330,
  "class_labels": [
    "fam:Android",
    "fam:Linux",
    "fam:Windows",
    "fam:iOS",
    "fam:macOS"
  ]
}